date,price,market_cap,volume,token,name,tvl_usd,volume_to_marketcap,price_change_%,market_cap_trend,tvl_trend,narrative
2024-08-31,0.0029813691017998288,29460674.59566494,503496.6685960598,ccd,Concordium,568629,0.017090466376155147,,,,Desconocido
2024-09-01,0.00295509805543057,29201281.306639858,458106.2387561664,ccd,Concordium,568629,0.01568788143046316,-0.8811738993806273,-0.8804730121938609,0.0,Desconocido
2024-09-02,0.0028893421447503897,28550285.68549597,448622.33235958463,ccd,Concordium,568629,0.01571340957150185,-2.2251684866883226,-2.22933923449401,0.0,Desconocido
2024-09-03,0.0027518306596462914,27189934.151364136,471224.0490298326,ccd,Concordium,568629,0.017330827151201135,-4.7592662348396875,-4.7647562939200805,0.0,Desconocido
2024-09-04,0.002728750675889945,27001689.221962824,497119.7489113989,ccd,Concordium,568629,0.01841069070993707,-0.8387138094941182,-0.6923331566504265,0.0,Desconocido
2024-09-05,0.0026976958285671268,26716696.853928827,307853.2252606855,ccd,Concordium,568629,0.011522877507793936,-1.1380610034183558,-1.0554612553728249,0.0,Desconocido
2024-09-06,0.0027144109429595785,26852809.565760497,510567.41417605674,ccd,Concordium,568629,0.01901355658616339,0.6196070815489119,0.50946684231159,0.0,Desconocido
2024-09-07,0.0027054164758443557,26768381.220706884,480597.1731280167,ccd,Concordium,568629,0.01795391245983329,-0.33135981633701794,-0.3144115882803833,0.0,Desconocido
2024-09-08,0.0027214055932703743,26911382.10669494,352443.801199302,ccd,Concordium,568629,0.013096458584028726,0.5910039200536898,0.5342156658970421,0.0,Desconocido
2024-09-09,0.0027522527068791786,27239931.41939315,339057.2174699801,ccd,Concordium,568629,0.01244706575247074,1.1334993095143409,1.220856332817144,0.0,Desconocido
2024-09-10,0.0027132390817334586,26849436.20013501,350007.91569780523,ccd,Concordium,568629,0.01303595029291696,-1.4175160968397438,-1.4335396563448288,0.0,Desconocido
2024-09-11,0.0027533058687619293,27254215.159661293,393499.82794448157,ccd,Concordium,568629,0.014438127300282598,1.4767142084239904,1.50758830281974,0.0,Desconocido
2024-09-12,0.002768621325237657,27420259.247066423,509071.09804414137,ccd,Concordium,568629,0.018565510028815818,0.5562569945276152,0.6092418601394645,0.0,Desconocido
2024-09-13,0.003016872161076068,29887511.98046167,619949.1037451765,ccd,Concordium,562621,0.020742747143036033,8.96658685590026,8.997919061101523,-1.056576432084888,Desconocido
2024-09-14,0.0030094046463848743,29826078.90611694,445876.59473823995,ccd,Concordium,563918,0.014949219310447022,-0.24752506213356895,-0.20554763603236603,0.2305281886029853,Desconocido
2024-09-15,0.0030915829239091916,30598910.21811669,444633.2117469597,ccd,Concordium,523200,0.014531014620373827,2.7307154464268013,2.5911260894614374,-7.220553342861901,Desconocido
2024-09-16,0.0032581444857991758,32289116.0524634,505274.66094721615,ccd,Concordium,525931,0.015648451327259786,5.3875818954056465,5.523745199742414,0.5219801223241616,Desconocido
2024-09-17,0.003468719437659455,34371995.421633966,534439.3948102241,ccd,Concordium,33445,0.015548686896247062,6.463032955661818,6.450716599941297,-93.64080078945717,Desconocido
2024-09-18,0.003532083419754674,35060210.69206477,380156.75415252027,ccd,Concordium,33460,0.010842968329296484,1.8267254885847573,2.002255795709895,0.04484975332634811,Desconocido
2024-09-19,0.0040900319158087926,40538782.882823385,942686.3611315317,ccd,Concordium,33518,0.023253938428698006,15.796583198843916,15.626181596217826,0.17334130304842432,Desconocido
2024-09-20,0.003743770213559761,37180318.86084811,370934.07463588193,ccd,Concordium,33480,0.009976624353980074,-8.465990226400455,-8.284570436371652,-0.11337191956560799,Desconocido
2024-09-21,0.0036882521194262683,36637750.42463932,346628.9274209638,ccd,Concordium,33470,0.009460977363606139,-1.48294609355053,-1.4592893574673527,-0.029868578255676237,Desconocido
2024-09-22,0.0036558206732347828,36315796.33588537,355234.520942539,ccd,Concordium,33470,0.00978181829353181,-0.8793174962380412,-0.8787496094122549,0.0,Desconocido
2024-09-23,0.003537139211922574,35155693.18596003,375156.77911512717,ccd,Concordium,33470,0.010671295176308793,-3.2463698829952703,-3.194486330949553,0.0,Desconocido
2024-09-24,0.003423527113845994,34012964.703996904,331141.94681669987,ccd,Concordium,33470,0.009735756635698005,-3.211977003721822,-3.2504791639821673,0.0,Desconocido
2024-09-25,0.003487509319994988,34657227.0474341,331939.19119239016,ccd,Concordium,33453,0.009577776973849551,1.868897310327311,1.8941669714592324,-0.05079175380937606,Desconocido
2024-09-26,0.003441287097702905,34203996.2291319,278221.864664945,ccd,Concordium,33443,0.008134191771076753,-1.3253648392300033,-1.3077526880089896,-0.02989268525991351,Desconocido
2024-09-27,0.0034788565925642128,34571321.00468913,374945.33539861644,ccd,Concordium,33461,0.010845559975789188,1.0917280016068842,1.073923564651702,0.05382292258468979,Desconocido
2024-09-28,0.003423490380024828,34028519.68676069,347278.8422993732,ccd,Concordium,33453,0.0102055230581919,-1.5915060326926356,-1.5700913420543472,-0.023908430710384287,Desconocido
2024-09-29,0.0034192635949540453,33986636.083074234,287979.06649768644,ccd,Concordium,33452,0.0084733030298666,-0.12346420178204198,-0.12308382519133909,-0.0029892685259880203,Desconocido
2024-09-30,0.0034092396616427984,33911613.81336541,409212.732044397,ccd,Concordium,33453,0.012067037985762745,-0.29316058949183654,-0.22074049789878591,0.0029893578859185865,Desconocido
2024-10-01,0.003399373222442033,33814912.39510868,392936.2419783629,ccd,Concordium,33435,0.011620205824788742,-0.28940292205832385,-0.2851572289922055,-0.05380683346785098,Desconocido
2024-10-02,0.0033862995816399256,33689584.74787762,294739.2608479827,ccd,Concordium,33431,0.008748675979645333,-0.3845897448328861,-0.3706283362993057,-0.011963511290569162,Desconocido
2024-10-03,0.0033656106458546634,33496632.64536019,401941.358940246,ccd,Concordium,33433,0.011999455682478018,-0.6109599959033485,-0.5727351760534405,0.005982471358922936,Desconocido
2024-10-04,0.0033674479357571727,33505136.48269024,418462.23052745033,ccd,Concordium,33435,0.012489494879199805,0.054590090650341594,0.025387140910804185,0.005982113480684781,Desconocido
2024-10-05,0.003367186618238643,33525166.148438383,402749.39770745125,ccd,Concordium,33442,0.012013345315701337,-0.007760105679888163,0.05978088093594458,0.020936144758487707,Desconocido
2024-10-06,0.0033786056302796083,33615167.14296512,382451.37369542674,ccd,Concordium,33437,0.011377345591317846,0.33912620046401276,0.26845801189543383,-0.014951258896001018,Desconocido
2024-10-07,0.003371588873325865,33581526.71539027,362439.34986107104,ccd,Concordium,33436,0.010792819306067064,-0.20768203577410382,-0.10007514593569633,-0.0029906989263417394,Desconocido
2024-10-08,0.003358317278719959,33465744.85357925,423159.1700467306,ccd,Concordium,33429,0.01264454659228876,-0.3936302765412347,-0.3447784336677029,-0.020935518602704928,Desconocido
2024-10-09,0.003344085826931404,33332328.758094132,407870.1932013959,ccd,Concordium,33421,0.012236474569822917,-0.42376733963561675,-0.39866465267348605,-0.02393131711986296,Desconocido
2024-10-10,0.0033486222585197424,33386405.238719385,416687.5765003338,ccd,Concordium,33406,0.01248075597001041,0.13565535764077374,0.16223433117352748,-0.04488196044403203,Desconocido
2024-10-11,0.003342870084152515,33314861.80468808,280845.6305273787,ccd,Concordium,33403,0.008430040387796475,-0.17177734372971765,-0.21428912013663481,-0.008980422678561695,Desconocido
2024-10-12,0.003357617405659014,33498606.753582567,156065.09071885672,ccd,Concordium,33433,0.004658853183563107,0.4411574825001763,0.5515404805570334,0.08981229230906607,Desconocido
2024-10-13,0.003367465967372261,33592197.72888114,167074.2057071441,ccd,Concordium,33434,0.0049736015206739755,0.29331995052943594,0.2793876652454008,0.0029910567403534927,Desconocido
2024-10-14,0.003369970284435847,33615595.601787746,173930.12568025454,ccd,Concordium,33428,0.005174090256815339,0.0743679991973556,0.0696527005926928,-0.017945803672902993,Desconocido
2024-10-15,0.003366120938645441,33577512.68634026,182513.85007273869,ccd,Concordium,33440,0.005435597680437704,-0.1142249178927246,-0.11328942642760964,0.03589804953931797,Desconocido
2024-10-16,0.003423756955405378,34162653.92872564,240646.93384195957,ccd,Concordium,33443,0.0070441522003538435,1.712238443314229,1.7426580933834979,0.008971291866033404,Desconocido
2024-10-17,0.0034122207104178653,34136288.48327048,178347.30980333893,ccd,Concordium,33442,0.005224566516384563,-0.33694696024785253,-0.07717622146734548,-0.002990162365812399,Desconocido
2024-10-18,0.0036036744321016117,35968901.492011845,300240.1486898191,ccd,Concordium,33457,0.008347214850486827,5.610824677876747,5.368518635643382,0.04485377668799195,Desconocido
2024-10-19,0.0035826057391000754,35850336.52538697,205324.3942535308,ccd,Concordium,33464,0.005727265463969436,-0.58464473965395,-0.32963188117159925,0.020922377977705686,Desconocido
2024-10-20,0.0035666591311897134,35609855.490306474,146393.78252976047,ccd,Concordium,33455,0.004111046801906035,-0.44511199589513106,-0.6707915695859601,-0.026894573272773226,Desconocido
2024-10-21,0.003543689411932536,35381874.11457041,49456.172705606274,ccd,Concordium,33451,0.001397782733200105,-0.6440121809317856,-0.6402198846275131,-0.011956359288600726,Desconocido
2024-10-22,0.0035455851720006563,35414810.55616804,146070.75450033922,ccd,Concordium,33444,0.0041245668748861545,0.05349678958141979,0.09308845961912837,-0.0209261307584252,Desconocido
2024-10-23,0.003520034807636612,35172261.624860965,104929.23464489337,ccd,Concordium,33428,0.0029832950682570202,-0.7206247523205644,-0.6848799344059575,-0.047841167324480516,Desconocido
2024-10-24,0.0034796800548900437,34757936.230480455,16770.897010543384,ccd,Concordium,33417,0.00048250554634013035,-1.1464305028751398,-1.1779890608104915,-0.03290654541103777,Desconocido
2024-10-25,0.003527800474298271,35263362.91252458,148421.2087780547,ccd,Concordium,33406,0.00420893518142989,1.3828978138551218,1.4541331760684395,-0.032917377382768453,Desconocido
2024-10-26,0.003525378633531531,35238765.89170705,169532.61145596323,ccd,Concordium,33368,0.004810969032711227,-0.06865016273976954,-0.06975234006623143,-0.1137520205951037,Desconocido
2024-10-27,0.003530961792613827,35393059.365458675,161498.80288423155,ccd,Concordium,33383,0.004563007713366646,0.1583704805263153,0.4378515247264625,0.04495324862143768,Desconocido
2024-10-28,0.0035229359701971865,35224676.18283865,152863.90684223635,ccd,Concordium,33381,0.0043396823876754665,-0.22729847809254133,-0.47575198538603036,-0.005991073300781746,Desconocido
2024-10-29,0.0035283974457543756,36994830.44148564,153818.42044598763,ccd,Concordium,33385,0.004157835530271742,0.15502625092795874,5.025324432959333,0.011982864503767843,Desconocido
2024-10-30,0.0035144287205441677,37019566.61088052,158848.4874720259,ccd,Concordium,33385,0.004290933201398915,-0.3958943238386081,0.06686385394845118,0.0,Desconocido
2024-10-31,0.0034852221624950665,36580735.96059138,182228.64344110762,ccd,Concordium,33385,0.004981546670833071,-0.8310471024314592,-1.1854019116478653,0.0,Desconocido
2024-11-01,0.003479775752538287,36454018.84946381,152697.4772822206,ccd,Concordium,33385,0.004188769362104682,-0.156271528839369,-0.3464039413096698,0.0,Desconocido
2024-11-02,0.0034545553290082683,36286003.67426495,163165.295044483,ccd,Concordium,33385,0.004496645497509123,-0.7247715175790259,-0.46089616591431515,0.0,Desconocido
2024-11-03,0.0034368755486172634,37695523.83503176,145582.58987521884,ccd,Concordium,33385,0.0038620657060593456,-0.5117816537065112,3.8844734003223413,0.0,Desconocido
2024-11-04,0.003361267979736304,36888513.566693455,142132.59315603957,ccd,Concordium,33385,0.0038530311854140615,-2.1998925422649696,-2.1408649787440392,0.0,Desconocido
2024-11-05,0.003349561150696181,36756510.581598215,164456.17126065947,ccd,Concordium,33385,0.004474205213130128,-0.3482860965177137,-0.3578430582641512,0.0,Desconocido
2024-11-06,0.0033542801177104168,36804714.73799526,150137.83190854892,ccd,Concordium,33385,0.004079309756300176,0.14088314265452428,0.13114453911513557,0.0,Desconocido
2024-11-07,0.003377184472474291,36961805.990306385,152445.5239982944,ccd,Concordium,33385,0.004124406800854775,0.6828396544146909,0.42682371926918705,0.0,Desconocido
2024-11-08,0.0034066874464024543,37400305.25336951,158889.7968713388,ccd,Concordium,33385,0.004248355616215831,0.8735967540010492,1.1863577855966367,0.0,Desconocido
2024-11-09,0.0033785297335288244,37080263.30867183,219047.09735200088,ccd,Concordium,33385,0.005907377073581166,-0.8265423029449104,-0.8557201405965609,0.0,Desconocido
2024-11-10,0.003419981197404043,37552161.895481475,206740.90690372424,ccd,Concordium,33385,0.005505432882376891,1.22690836383208,1.2726408733437555,0.0,Desconocido
2024-11-11,0.003510466409256484,38586162.98821867,94655.28340977474,ccd,Concordium,33385,0.002453088777929938,2.6457809745013883,2.753506164612096,0.0,Desconocido
2024-11-12,0.003390203857925191,37232856.63979427,168794.7489578773,ccd,Concordium,33385,0.00453348907903753,-3.4258282892034475,-3.5072322397995404,0.0,Desconocido
2024-11-13,0.0034126884323041934,37491188.66864144,200494.91574559326,ccd,Concordium,33385,0.005347787649989668,0.6632218981888371,0.6938281189283524,0.0,Desconocido
2024-11-14,0.0033829271618028528,37169206.38336158,119995.1780471357,ccd,Concordium,33385,0.003228349209544876,-0.8720769883246104,-0.8588212236364079,0.0,Desconocido
2024-11-15,0.003363454226236511,36993422.42242892,312486.9756007669,ccd,Concordium,33385,0.008447095595332311,-0.57562384984855,-0.4729290131180841,0.0,Desconocido
2024-11-16,0.0034198113962478714,37589481.195257805,305807.48070048576,ccd,Concordium,33385,0.008135453615653139,1.675574163363014,1.6112560931034414,0.0,Desconocido
2024-11-17,0.0034228331566976333,37625356.59768311,178956.86479741,ccd,Concordium,33385,0.004756283553959188,0.08836044154589828,0.09544000418348908,0.0,Desconocido
2024-11-18,0.00342044509108655,37611804.796568036,219705.33309713987,ccd,Concordium,33385,0.005841392995775287,-0.06976868289388927,-0.03601773468880909,0.0,Desconocido
2024-11-19,0.0033882949701610774,37219521.15779005,624678.7194550268,ccd,Concordium,33385,0.016783631277972028,-0.9399396882368793,-1.0429800986678006,0.0,Desconocido
2024-11-20,0.0033319717795578224,36642027.1109227,534242.9900792368,ccd,Concordium,33385,0.01458006099012964,-1.662287111932803,-1.5515891363005352,0.0,Desconocido
2024-11-21,0.003355727341577352,37028430.61999054,587343.1132498279,ccd,Concordium,33385,0.01586194995076942,0.7129580798155066,1.0545363876788727,0.0,Desconocido
2024-11-22,0.003367194405231875,37027035.143806234,529560.0914727949,ccd,Concordium,33385,0.014301984736722244,0.3417161910756583,-0.0037686614337784086,0.0,Desconocido
2024-11-23,0.003203392660479016,35206807.361447714,596473.4570547598,ccd,Concordium,33385,0.016941992238350825,-4.864635807732021,-4.915942568150777,0.0,Desconocido
2024-11-24,0.0033683380926205976,37038434.213257045,641518.2578736045,ccd,Concordium,33385,0.01732033957428978,5.149085660854236,5.202479262050352,0.0,Desconocido
2024-11-25,0.0033015100133262803,36404521.291354515,540029.7141342928,ccd,Concordium,33385,0.014834138589882822,-1.9840074676804376,-1.7115003249128624,0.0,Desconocido
2024-11-26,0.0033646215432469755,37035886.53738879,545193.0953585524,ccd,Concordium,33385,0.014720670850100061,1.9115958959976087,1.73430448647105,0.0,Desconocido
2024-11-27,0.0033765690778429923,37217902.38564569,1075640.8603304373,ccd,Concordium,33385,0.028901168292205896,0.35509297085718483,0.4914580566963034,0.0,Desconocido
2024-11-28,0.0033789964613313867,37159492.98406414,941710.9712139923,ccd,Concordium,33385,0.025342406356777942,0.0718890516507642,-0.15693899397208888,0.0,Desconocido
2024-11-29,0.0033028288277000785,36351935.49238174,722753.9944208317,ccd,Concordium,33385,0.019882132399038258,-2.254149553068685,-2.1732198876575737,0.0,Desconocido
2024-11-30,0.003429950940700249,37754619.07678093,1552332.467731057,ccd,Concordium,33385,0.04111635889039444,3.8488858984766505,3.8586214610035086,0.0,Desconocido
2024-12-01,0.0035046131544307787,38618372.54941312,580779.8392684581,ccd,Concordium,33385,0.015038951693920725,2.176772059465293,2.2878087337488306,0.0,Desconocido
2024-12-02,0.0035729478779413554,39320806.60996028,616546.7875617316,ccd,Concordium,33385,0.015679912003777545,1.9498506824978223,1.8189116065115751,0.0,Desconocido
2024-12-03,0.003682286003160016,40540832.99626952,662337.8526281454,ccd,Concordium,33385,0.01633754917391787,3.06016569381522,3.1027501506039723,0.0,Desconocido
2024-12-04,0.0037482224248627477,41275954.60894515,674389.6548096049,ccd,Concordium,33385,0.01633855985158618,1.790638251514065,1.8132868970484273,0.0,Desconocido
2024-12-05,0.003778894421366048,41609468.8426916,697444.8801649655,ccd,Concordium,33385,0.016761686692077702,0.818307801048479,0.808010951911875,0.0,Desconocido
2024-12-06,0.0038310844066472434,42213721.5926988,689502.8678567761,ccd,Concordium,33385,0.016333619539861444,1.3810913844565453,1.452200104480128,0.0,Desconocido
2024-12-07,0.004229358765527444,46546399.528281905,893972.7207778429,ccd,Concordium,33385,0.019206055244609395,10.395864893740336,10.263672029173755,0.0,Desconocido
2024-12-08,0.00416161720837412,45832249.28972502,680453.8733443251,ccd,Concordium,33385,0.014846617477638694,-1.6016980565817684,-1.5342760037174608,0.0,Desconocido
2024-12-09,0.004123346971829427,45477384.01715305,637590.7393385186,ccd,Concordium,33385,0.014019951963332668,-0.9196001128524034,-0.774269816715123,0.0,Desconocido
2024-12-10,0.004150281991312605,45659938.24042675,768035.8663408454,ccd,Concordium,33385,0.01682078197952611,0.6532319416046706,0.4014175995805891,0.0,Desconocido
2024-12-11,0.004069119859707415,44818829.81667459,790869.6519625356,ccd,Concordium,33385,0.017645923715489266,-1.955581133404416,-1.8421146768162977,0.0,Desconocido
2024-12-12,0.004037647008740323,44478118.4760501,692583.4600907693,ccd,Concordium,33385,0.01557132998923282,-0.7734559819369657,-0.7601968681871463,0.0,Desconocido
2024-12-13,0.004160868605637546,45819567.85369545,751131.4671352002,ccd,Concordium,33385,0.01639324642985736,3.051816977325772,3.0159759981027046,0.0,Desconocido
2024-12-14,0.0041307012081073695,45369661.61264387,661200.2799758929,ccd,Concordium,33385,0.01457362158926982,-0.7250264401356676,-0.9819085210235112,0.0,Desconocido
2024-12-15,0.004169498203429205,45940605.563988805,683935.6035778006,ccd,Concordium,33385,0.014887387642837542,0.9392350927171389,1.258426735071394,0.0,Desconocido
2024-12-16,0.004068571522961069,44946473.879422314,631732.8304918053,ccd,Concordium,33265,0.014055225604272137,-2.4205953700886185,-2.163949892175032,-0.3594428635614766,Desconocido
2024-12-17,0.004061064305819135,44822597.33482847,675423.7532882035,ccd,Concordium,33316,0.01506882227825248,-0.18451727097746895,-0.2756090387116106,0.15331429430331944,Desconocido
2024-12-18,0.004025937412658726,44405343.00800701,694064.4994710007,ccd,Concordium,33377,0.015630202413836766,-0.8649676664827854,-0.9309017139380371,0.1830952095089433,Desconocido
2024-12-19,0.003804900348724383,42071880.0962,787867.2896643506,ccd,Concordium,574,0.01872669554730719,-5.490325389543759,-5.254914732639837,-98.28025286874194,Desconocido
2024-12-20,0.003789802656931502,41815402.29222605,585568.0093683081,ccd,Concordium,534,0.014003644046662007,-0.39679598436639374,-0.6096181187707717,-6.968641114982576,Desconocido
2024-12-21,0.003780014219392337,41646079.95710313,801440.9929818615,ccd,Concordium,533,0.019244091972338638,-0.2582835684402207,-0.40492815049251174,-0.1872659176029967,Desconocido
2024-12-22,0.0037595756970526485,41375522.243281744,788891.8068614238,ccd,Concordium,528,0.019066630802213456,-0.5406996152245713,-0.6496594976047487,-0.9380863039399667,Desconocido
2024-12-23,0.0037512582146633573,41370542.0787384,829417.7405191478,ccd,Concordium,526,0.0200485103371515,-0.22123460357007518,-0.012036499537249057,-0.37878787878787845,Desconocido
2024-12-24,0.003723092772609387,41060448.21089319,709717.1181262545,ccd,Concordium,525,0.01728468998879484,-0.7508265345177789,-0.7495523439238982,-0.1901140684410607,Desconocido
2024-12-25,0.00373600403010308,41250531.95866108,274769.0427077908,ccd,Concordium,528,0.006660981802201935,0.34678849768881026,0.4629363683308796,0.5714285714285783,Desconocido
2024-12-26,0.0037174603010186975,40958279.29228249,343727.84291305084,ccd,Concordium,526,0.008392145589422194,-0.4963519561265284,-0.7084821758697957,-0.37878787878787845,Desconocido
2024-12-27,0.003698894735871557,40753900.05540923,427131.9126040707,ccd,Concordium,522,0.010480761645470488,-0.4994152901122484,-0.498993708731732,-0.760456273764254,Desconocido
2024-12-28,0.0036546435275566906,40321307.947329745,570039.9982476999,ccd,Concordium,517,0.014137438175178305,-1.1963359726277711,-1.0614741349694867,-0.9578544061302652,Desconocido
2024-12-29,0.0035928568059323085,39642643.45416674,591014.8868360918,ccd,Concordium,512,0.014908563994209917,-1.6906360677450105,-1.6831410678679326,-0.9671179883945835,Desconocido
2024-12-30,0.0035909188944161265,39729257.896601126,537611.0770754629,ccd,Concordium,513,0.013531868087610466,-0.05393790014069921,0.21848805954256534,0.1953125,Desconocido
2024-12-31,0.0035902887719528793,39601421.22589907,562838.2813751715,ccd,Concordium,511,0.014212577830592578,-0.017547666259654093,-0.3217695911530982,-0.3898635477582846,Desconocido
2025-01-01,0.003560240931864897,39346118.12509222,515767.7176817399,ccd,Concordium,508,0.013108477843785535,-0.8369198690287627,-0.6446816626870966,-0.5870841487279899,Desconocido
2025-01-02,0.003566154241495457,39345462.14480202,420632.40587773453,ccd,Concordium,510,0.010690747622424479,0.16609296235079452,-0.001667204597211036,0.3937007874015741,Desconocido
2025-01-03,0.0036283745425981745,40051530.2263071,257071.88800526614,ccd,Concordium,519,0.006418528494484669,1.7447450920301533,1.794534980696283,1.764705882352935,Desconocido
2025-01-04,0.0036474794732877453,40269344.12865491,421329.3328004751,ccd,Concordium,519,0.010462781103521005,0.5265424080472814,0.5438341584380835,0.0,Desconocido
2025-01-05,0.003639266765073966,40181799.51881445,393644.4229789081,ccd,Concordium,524,0.00979658521253113,-0.22516119073253682,-0.21739765505186526,0.9633911368015502,Desconocido
2025-01-06,0.0035848802366905907,39564413.34898682,319766.8648634521,ccd,Concordium,519,0.008082183907110576,-1.494436431682411,-1.536482131763539,-0.9541984732824416,Desconocido
2025-01-07,0.003576187267823974,39224675.960830204,242358.1413720932,ccd,Concordium,517,0.0061787162146122575,-0.24248979861714037,-0.8586943654639412,-0.3853564547206201,Desconocido
2025-01-08,0.0035670205909699377,39187984.46452427,201453.48372739786,ccd,Concordium,510,0.005140695202371732,-0.2563254149611227,-0.09354187232184508,-1.3539651837524147,Desconocido
2025-01-09,0.003491859347832228,38434799.32757802,240942.48004265575,ccd,Concordium,502,0.006268862704059259,-2.1071154825397898,-1.9219797783376236,-1.5686274509803977,Desconocido
2025-01-10,0.0034348000347370253,37782076.82691068,417057.95059638727,ccd,Concordium,515,0.011038513115809804,-1.6340667653359287,-1.6982591611945708,2.589641434262946,Desconocido
2025-01-11,0.0034044732901220426,37427616.16361944,292983.6560326141,ccd,Concordium,509,0.007828007393038338,-0.8829260599825473,-0.9381714639857375,-1.1650485436893177,Desconocido
2025-01-12,0.003402015724469786,37406530.95369214,206286.67268934037,ccd,Concordium,489,0.005514723430106775,-0.07218636901594744,-0.05633596816618791,-3.9292730844793677,Desconocido
2025-01-13,0.003452865283286275,37939208.95488372,196820.61775076154,ccd,Concordium,490,0.005187789180971467,1.494689117711645,1.4240240610684074,0.2044989775051187,Desconocido
2025-01-14,0.003412577394692861,37525252.25853651,520546.4599200543,ccd,Concordium,486,0.01387189768462214,-1.166795843105406,-1.0911052384868447,-0.8163265306122436,Desconocido
2025-01-15,0.003447618614213538,37905768.71356725,387441.000154274,ccd,Concordium,492,0.010221161931365897,1.026825635520301,1.014027707020082,1.2345679012345734,Desconocido
2025-01-16,0.0034369267422208463,37795921.41540366,491388.4513618969,ccd,Concordium,495,0.013001097286693809,-0.31012339789013854,-0.28979045114121416,0.6097560975609762,Desconocido
2025-01-17,0.003462160016021477,38031511.44585347,465412.50553326606,ccd,Concordium,494,0.01223754954351175,0.7341813106067407,0.6233213045939934,-0.20202020202020332,Desconocido
2025-01-18,0.0034653734147305024,38112162.99989406,440622.0431105517,ccd,Concordium,500,0.011561192239647394,0.09281485240877352,0.21206507702280497,1.2145748987854255,Desconocido
2025-01-19,0.0034197425853738582,37624058.42886467,280728.33590949303,ccd,Concordium,493,0.007461404952904337,-1.316765147521426,-1.2807055087131758,-1.4000000000000012,Desconocido
2025-01-20,0.003366979941126432,37129235.73702416,166118.8702914328,ccd,Concordium,485,0.0044740719003215045,-1.5428835045389278,-1.315176279496988,-1.6227180527383367,Desconocido
2025-01-21,0.0033285068415771463,36565680.25524644,204406.70367444135,ccd,Concordium,484,0.005590124462271234,-1.1426590066471953,-1.5178213895088555,-0.20618556701030855,Desconocido
2025-01-22,0.003296712485894438,36283401.13616391,236687.88432627797,ccd,Concordium,480,0.006523310299330499,-0.9552137698969898,-0.7719783061933438,-0.8264462809917328,Desconocido
2025-01-23,0.0033024472064344004,36325544.197594896,292037.5714601512,ccd,Concordium,479,0.008039454821973099,0.17395270483853142,0.11614969961837307,-0.2083333333333326,Desconocido
2025-01-24,0.0033079190452074314,36395258.81605772,272172.00941933267,ccd,Concordium,482,0.007478227062346082,0.1656904238278134,0.19191623966761107,0.6263048016701411,Desconocido
2025-01-25,0.00331603342450596,36485369.793235615,265355.9751322786,ccd,Concordium,482,0.007272941911677583,0.2453016288377574,0.24758987876227767,0.0,Desconocido
2025-01-26,0.003304431349568808,36374094.193927675,283516.45662953047,ccd,Concordium,481,0.007794460945693074,-0.34987810591445845,-0.30498690280116314,-0.20746887966804906,Desconocido
2025-01-27,0.0033061986203687245,36365190.91504567,285092.08857350325,ccd,Concordium,478,0.007839697287428504,0.053481843408453855,-0.024476977583376414,-0.6237006237006182,Desconocido
2025-01-28,0.003260748288614606,35898639.24954817,250715.7683747849,ccd,Concordium,473,0.006983990859150476,-1.3747005843541715,-1.2829622332725665,-1.0460251046025104,Desconocido
2025-01-29,0.0032495615402431907,35766968.25914215,174557.7351356088,ccd,Concordium,470,0.00488041742511937,-0.34307304278823336,-0.36678546362358677,-0.6342494714587699,Desconocido
2025-01-30,0.0032395522345951265,35660110.39606327,278812.5822338477,ccd,Concordium,470,0.007818612425401451,-0.3080201905428459,-0.2987613104489806,0.0,Desconocido
2025-01-31,0.0032407353317329365,35693847.27506988,354758.7813202899,ccd,Concordium,473,0.00993893369314853,0.036520390848338025,0.09460677107251403,0.6382978723404209,Desconocido
2025-02-01,0.003234369942343862,35614933.73410431,277837.36614106206,ccd,Concordium,473,0.007801147917762634,-0.19641805755455932,-0.2210844360862163,0.0,Desconocido
2025-02-02,0.003175847007957749,35015372.04540183,307487.31063676684,ccd,Concordium,462,0.008781494888532698,-1.8094075640495033,-1.6834558592154658,-2.3255813953488413,Desconocido
2025-02-03,0.0031615567899644877,34805895.32578214,253192.9499201496,ccd,Concordium,454,0.007274427149489221,-0.4499655669008673,-0.5982421644644242,-1.7316017316017285,Desconocido
2025-02-04,0.003154840338579981,33797594.222584344,303855.96286225633,ccd,Concordium,454,0.008990461299142194,-0.2124412696247191,-2.896926206782302,0.0,Desconocido
2025-02-05,0.003027030516776159,32459214.223038785,412486.571950064,ccd,Concordium,437,0.012707842189762276,-4.051229478742813,-3.959985999983462,-3.7444933920704804,Desconocido
2025-02-06,0.003007488487217519,32207200.63854703,280753.2813889155,ccd,Concordium,438,0.008717096668528755,-0.6455841607917789,-0.7764007556069652,0.22883295194509046,Desconocido
2025-02-07,0.0030613883692418922,32783745.85837892,525830.7637062344,ccd,Concordium,440,0.01603937408427176,1.7921891389928613,1.7901127959002228,0.45662100456620447,Desconocido
2025-02-08,0.003035234486481039,32508108.701691445,437691.65536026435,ccd,Concordium,438,0.013464076282527338,-0.8543144353595933,-0.840773833100672,-0.4545454545454519,Desconocido
2025-02-09,0.0030102433429832548,32260867.911348533,157445.61975492077,ccd,Concordium,434,0.004880390080873661,-0.8233678026885571,-0.7605511369846218,-0.91324200913242,Desconocido
2025-02-10,0.0030169742490513633,32319087.213832263,313219.2032239062,ccd,Concordium,433,0.009691461926246833,0.22360006488504336,0.18046415441679287,-0.23041474654378336,Desconocido
2025-02-11,0.003010362298522191,32270732.162683245,377528.16196860245,ccd,Concordium,435,0.011698778945126102,-0.21915833491954473,-0.14961762635524734,0.4618937644341736,Desconocido
2025-02-12,0.0029961775836897715,32115018.97435994,492789.15462445363,ccd,Concordium,432,0.01534450765910765,-0.47119626894686073,-0.4825213990755528,-0.6896551724137945,Desconocido
2025-02-13,0.003002296898656671,32190335.3510985,419214.98332710535,ccd,Concordium,436,0.013023007643590752,0.20423739234320948,0.23452072937801827,0.92592592592593,Desconocido
2025-02-14,0.0030064147208380826,32985041.169206243,292839.98167361587,ccd,Concordium,435,0.008877963200694795,0.13715572844423818,2.4687714788924175,-0.2293577981651418,Desconocido
2025-02-15,0.003002135943888793,32942813.13466668,376564.91676610656,ccd,Concordium,436,0.011430867036969479,-0.14232158057344568,-0.1280217730302069,0.22988505747125743,Desconocido
2025-02-16,0.002983660011091421,32740862.257118933,295979.7518711354,ccd,Concordium,434,0.009040071991591478,-0.6154262545965627,-0.6130347056949703,-0.4587155963302725,Desconocido
2025-02-17,0.002993283736343969,32775073.601687238,211134.50442889525,ccd,Concordium,433,0.006441923121052158,0.32254765009327446,0.10449127545768544,-0.23041474654378336,Desconocido
2025-02-18,0.002972068256210732,32767469.743428696,201692.33593535854,ccd,Concordium,434,0.006155261224458951,-0.7087694318999027,-0.023200125653266568,0.23094688221709792,Desconocido
2025-02-19,0.0029443529019263126,32364374.81955727,562641.5113197325,ccd,Concordium,427,0.01738459384606241,-0.9325275160320556,-1.2301679898621631,-1.6129032258064502,Desconocido
2025-02-20,0.0030914610183994202,34061582.33486443,570020.2412025618,ccd,Concordium,443,0.016734990042406393,4.996280044313428,5.244060868685674,3.74707259953162,Desconocido
2025-02-21,0.0030804704425706213,34001462.613759875,439671.0314638425,ccd,Concordium,443,0.01293094466136037,-0.355513971011967,-0.17650301889533537,0.0,Desconocido
2025-02-22,0.003250813647017359,35864516.351714246,311837.2388916768,ccd,Concordium,460,0.008694868092840508,5.529778896517756,5.4793341072346236,3.8374717832957206,Desconocido
2025-02-23,0.0032778368372703335,36158046.650363624,399992.02134259144,ccd,Concordium,463,0.011062323836527516,0.831274664967907,0.8184420940486214,0.6521739130434856,Desconocido
2025-02-24,0.003363661493120426,37104884.66909085,434233.22482220724,ccd,Concordium,475,0.011702858766299647,2.6183321535175663,2.618609428442964,2.591792656587466,Desconocido
2025-02-25,0.003460293960317024,38119825.08450953,558831.2330858507,ccd,Concordium,478,0.014659858271829763,2.872835670124263,2.73532831181158,0.6315789473684275,Desconocido
2025-02-26,0.0035203997299497834,38903302.70172425,376678.765124773,ccd,Concordium,483,0.009682436681862439,1.7370133960310286,2.0553022357206574,1.0460251046025215,Desconocido
2025-02-27,0.003536772287967513,39020005.8642708,332840.67130093666,ccd,Concordium,480,0.008530000545328128,0.4650766751979951,0.29998266070445645,-0.6211180124223614,Desconocido
2025-02-28,0.003575904239645933,39584806.77639393,323715.31787287816,ccd,Concordium,480,0.008177766780610461,1.1064311890123912,1.4474649596101008,0.0,Desconocido
2025-03-01,0.003608498296555937,41015358.57098551,301458.34573396074,ccd,Concordium,486,0.007349889315540789,0.9114913243099432,3.6138910634892385,1.2499999999999956,Desconocido
2025-03-02,0.003612978670891728,41070325.60287908,231605.55943442305,ccd,Concordium,487,0.005639243323120556,0.12416174174356698,0.13401572925038074,0.2057613168724215,Desconocido
2025-03-03,0.0036812096940794007,41932645.15444387,301202.3047967462,ccd,Concordium,500,0.007183002734203279,1.8884978131031405,2.099617032265111,2.6694045174537884,Desconocido
2025-03-04,0.00369103950348632,42005117.952454746,287439.8264844657,ccd,Concordium,496,0.006842971535273785,0.26702660874573514,0.17283144849067344,-0.8000000000000007,Desconocido
2025-03-05,0.003698167588566372,42075869.3530089,244059.09582734192,ccd,Concordium,495,0.005800452838650354,0.19311863428497222,0.16843519076470415,-0.20161290322581182,Desconocido
2025-03-06,0.0036801453805677792,41849479.657076396,198128.47754274475,ccd,Concordium,496,0.0047343116131013325,-0.48732805009464863,-0.5380511428846324,0.20202020202020332,Desconocido
2025-03-07,0.003666823352730076,41698618.12845577,236856.03132025315,ccd,Concordium,493,0.00568018898349581,-0.36199732510696636,-0.3604860319813219,-0.6048387096774244,Desconocido
2025-03-08,0.003604568160699974,40976316.474520616,507085.0336396221,ccd,Concordium,484,0.012375076074857324,-1.6977963223603565,-1.7321956610409805,-1.8255578093306246,Desconocido
2025-03-09,0.0035934319277709063,40894530.52176527,491895.350108826,ccd,Concordium,483,0.012028389709646498,-0.3089477694022902,-0.19959322797158396,-0.20661157024793875,Desconocido
2025-03-10,0.0035556103110951746,40501281.06409526,464619.09305891604,ccd,Concordium,475,0.011471713507620503,-1.0525207499671008,-0.9616187119710573,-1.65631469979296,Desconocido
2025-03-11,0.0035252313701634275,40160752.28417817,389359.78760757553,ccd,Concordium,464,0.009695032225802421,-0.8543945560330557,-0.8407852072090938,-2.3157894736842155,Desconocido
2025-03-12,0.003532756134540952,40206440.95871358,423973.3295610302,ccd,Concordium,464,0.010544910702153213,0.2134544824833995,0.1137644888027145,0.0,Desconocido
2025-03-13,0.0035593315179309553,40544715.291499466,589276.968488991,ccd,Concordium,466,0.014534001885383514,0.7522563793794568,0.8413436372874727,0.4310344827586299,Desconocido
2025-03-14,0.0035716566946302868,40636155.750491954,697097.4529045544,ccd,Concordium,467,0.017154611208421582,0.34627785125493915,0.22552990774524773,0.21459227467810482,Desconocido
2025-03-15,0.0035877362079299036,40804279.49812713,738732.5144669771,ccd,Concordium,382,0.018104290127237365,0.45019761624320864,0.4137294597143182,-18.20128479657388,Desconocido
2025-03-16,0.003592695936960392,40883629.82004496,647832.6359783007,ccd,Concordium,382,0.01584577100491877,0.13824118449752287,0.19446568569227995,0.0,Desconocido
2025-03-17,0.00358597310128939,40816656.692037605,669215.8127349701,ccd,Concordium,383,0.01639565478829428,-0.18712509460763194,-0.16381404562693103,0.2617801047120505,Desconocido
2025-03-18,0.00349226559277389,39745632.00272227,519690.5761526681,ccd,Concordium,376,0.013075413572919744,-2.613168193643345,-2.6239892634916995,-1.8276762402088753,Desconocido
2025-03-19,0.003437806356587571,39144364.57587565,427736.4674831626,ccd,Concordium,371,0.010927153170517246,-1.559424240212559,-1.5127886928692935,-1.3297872340425565,Desconocido
2025-03-20,0.0034761794614563512,39615169.09819473,532114.9232176864,ccd,Concordium,372,0.013432100261864966,1.116209026586068,1.2027389572424996,0.26954177897573484,Desconocido
2025-03-21,0.0035714663579016776,40642718.42780608,540449.3709117171,ccd,Concordium,380,0.013297569449536717,2.7411385833746804,2.5938279527832897,2.1505376344086002,Desconocido
2025-03-22,0.003726296649730127,42410866.119604975,517381.9944882189,ccd,Concordium,394,0.012199279142970683,4.335202303835106,4.350466111019791,3.6842105263157787,Desconocido
2025-03-23,0.0037325034523877144,42726883.3198245,609305.4481912305,ccd,Concordium,395,0.014260470243766267,0.16656759353921302,0.7451326255123236,0.2538071065989911,Desconocido
2025-03-24,0.0037759348973859484,43052669.17842517,582406.0882215045,ccd,Concordium,396,0.013527757961017746,1.1636009330534103,0.7624844905303574,0.25316455696202667,Desconocido
2025-03-25,0.003723721122108285,42626417.7616882,593776.1789448753,ccd,Concordium,394,0.013929769615277166,-1.3828039067572573,-0.9900696632081818,-0.5050505050505083,Desconocido
2025-03-26,0.0037661988853722925,43133884.00153584,563735.3955219043,ccd,Concordium,396,0.013069432734177886,1.1407342781877716,1.1904970356287903,0.50761421319796,Desconocido
2025-03-27,0.0038823014080717304,44499651.79603233,477018.58474725264,ccd,Concordium,406,0.010719602637200511,3.0827507052368697,3.166345498698564,2.5252525252525304,Desconocido
2025-03-28,0.003931550717012958,45091025.11147281,365737.3749600791,ccd,Concordium,407,0.00811109026809466,1.2685596445147995,1.3289391974370623,0.24630541871921707,Desconocido
2025-03-29,0.004121583713728422,47278698.21417688,331987.47437913355,ccd,Concordium,422,0.007021925030067443,4.8335379699703696,4.8516818974413845,3.6855036855036882,Desconocido
2025-03-30,0.004211904882351122,48298213.01791129,301778.9480771356,ccd,Concordium,431,0.006248242517072454,2.191419000464623,2.1563935604062445,2.1327014218009532,Desconocido
2025-03-31,0.004660250739013991,53445962.57749375,533349.8654913676,ccd,Concordium,466,0.00997923584439216,10.64472890975161,10.658260912620987,8.120649651972167,Desconocido
2025-04-01,0.0050334379306887864,57747061.548543476,658246.1775107052,ccd,Concordium,495,0.011398782203963204,8.007877957093656,8.047565734854834,6.22317596566524,Desconocido
2025-04-02,0.005027511091946197,57660213.86538922,518182.48398852244,ccd,Concordium,496,0.00898682903255001,-0.11774931615732287,-0.15039325088644917,0.20202020202020332,Desconocido
2025-04-03,0.004931042152839338,56580363.521789014,580787.080917959,ccd,Concordium,487,0.01026481706315476,-1.9188210098909142,-1.8727824113194846,-1.814516129032262,Desconocido
2025-04-04,0.004905526800656917,56290106.16969914,417986.06922663306,ccd,Concordium,487,0.007425569032798062,-0.5174434002298778,-0.5130001541578944,0.0,Desconocido
2025-04-05,0.004826289978436694,55378891.661417045,372784.2640965327,ccd,Concordium,481,0.006731522659855881,-1.6152561272239407,-1.6187827138485655,-1.2320328542094416,Desconocido
2025-04-06,0.004732379215002168,54315854.62733682,195937.58470679892,ccd,Concordium,473,0.0036073736858442946,-1.9458168459439484,-1.9195708006934487,-1.6632016632016633,Desconocido
2025-04-07,0.004670332466934817,53590591.19703623,246902.00827407444,ccd,Concordium,468,0.0046071894853014625,-1.3111110764466138,-1.3352702176494424,-1.0570824524312905,Desconocido
2025-04-08,0.004457914561765364,51138929.21851013,247963.17822711903,ccd,Concordium,451,0.004848814435820585,-4.548239481307537,-4.574799276820974,-3.6324786324786307,Desconocido
2025-04-09,0.004505075050896855,51631892.58274145,127300.87845059048,ccd,Concordium,450,0.0024655473987630324,1.0579047327640145,0.9639688819547798,-0.22172949002217113,Desconocido
2025-04-10,0.004535243142271441,52095178.59059384,184617.2574443654,ccd,Concordium,457,0.003543845369937927,0.6696468101808906,0.8972865116458006,1.5555555555555545,Desconocido
2025-04-11,0.004499315629115212,51654575.300942466,248231.630291454,ccd,Concordium,453,0.004805607806186433,-0.7921849397965253,-0.8457659644743543,-0.8752735229759279,Desconocido
2025-04-12,0.004482914290546725,51468938.71444507,122438.04217880349,ccd,Concordium,454,0.002378872485754996,-0.364529628958532,-0.3593807236161872,0.22075055187638082,Desconocido
2025-04-13,0.004480973480694279,51431330.1494516,320853.88407262025,ccd,Concordium,453,0.006238490879786072,-0.0432934855912559,-0.0730704108785396,-0.22026431718061845,Desconocido
2025-04-14,0.004453640266591764,51083022.22114176,638504.0752558844,ccd,Concordium,450,0.012499340240515886,-0.6099838399016733,-0.677229088374165,-0.6622516556291425,Desconocido
2025-04-15,0.004444094112752664,51021222.40012805,215123.2528287689,ccd,Concordium,449,0.004216348466559456,-0.21434496878226517,-0.120979179239189,-0.22222222222222365,Desconocido
2025-04-16,0.0046237313285724425,53092413.14505687,370821.18430251314,ccd,Concordium,465,0.006984447726822493,4.042155977396966,4.059469074820954,3.563474387527843,Desconocido
2025-04-17,0.0047142515312159905,54184507.88365949,298675.3410502469,ccd,Concordium,472,0.005512190711255291,1.9577305905335907,2.0569694875590683,1.505376344086029,Desconocido
2025-04-18,0.004755767329187437,54614280.48279575,262530.01320240035,ccd,Concordium,475,0.004806984746143473,0.8806445243013661,0.79316508707441,0.6355932203389925,Desconocido
2025-04-19,0.004745755080194143,54507188.52495297,175290.96861227346,ccd,Concordium,473,0.003215923869051265,-0.21052857089635113,-0.19608783068472135,-0.42105263157894424,Desconocido
2025-04-20,0.00475299231334511,54587196.13667813,70910.13013185833,ccd,Concordium,473,0.001299024957323509,0.1524990866294651,0.146783596604938,0.0,Desconocido
2025-04-21,0.004743841228312996,54452907.001316905,328908.9734746904,ccd,Concordium,473,0.006040246363095656,-0.1925331334204139,-0.24600848709097622,0.0,Desconocido
2025-04-22,0.004703148162986279,54049334.435426444,377507.1863885325,ccd,Concordium,473,0.006984492784819507,-0.8578083322824059,-0.7411405342982014,0.0,Desconocido
2025-04-23,0.004698523742342039,53978441.61793259,445747.666708847,ccd,Concordium,473,0.008257883209447116,-0.09832606764622609,-0.13116316460576316,0.0,Desconocido
2025-04-24,0.0047230564916790636,54271808.76104383,332954.3957980895,ccd,Concordium,471,0.006134941941295374,0.522137392133204,0.5434894641600518,-0.42283298097252064,Desconocido
2025-04-25,0.004629555288555436,53230261.95530007,482564.23220793717,ccd,Concordium,466,0.009065599425626888,-1.9796757309245572,-1.919130446397399,-1.0615711252653925,Desconocido
2025-04-26,0.0046093577879768415,52978953.879559435,397347.87052475166,ccd,Concordium,464,0.0075001078999798465,-0.4362730180266783,-0.4721150460459289,-0.42918454935622075,Desconocido
2025-04-27,0.004593816113427042,52800437.80627856,369557.0369892461,ccd,Concordium,462,0.006999128271343645,-0.3371765713292896,-0.3369565840932065,-0.4310344827586188,Desconocido
2025-04-28,0.004646780641930493,53435322.10322786,327180.96255259856,ccd,Concordium,466,0.0061229342254275395,1.1529527346261004,1.2024224103569958,0.8658008658008587,Desconocido
2025-04-29,0.004662231124903904,53606726.579055265,188406.31512569374,ccd,Concordium,468,0.0035146021245644602,0.33249865151785407,0.32076998711878524,0.42918454935623185,Desconocido
2025-04-30,0.0046718846115260185,53711214.373905376,285539.7555516723,ccd,Concordium,468,0.005316203680741887,0.20705722997191867,0.19491545467902327,0.0,Desconocido
2025-05-01,0.004635425508211243,53302697.595394924,274615.72599376267,ccd,Concordium,464,0.005152004277124767,-0.7803939169393592,-0.7605800451030653,-0.8547008547008517,Desconocido
2025-05-02,0.00454391329620545,52256195.827307396,238169.7283867822,ccd,Concordium,458,0.004557731855833302,-1.9741922687288915,-1.9633185847951151,-1.2931034482758674,Desconocido
2025-05-03,0.004575208384665841,52611162.29583207,366700.21385897335,ccd,Concordium,460,0.006970007843526085,0.6887254756054562,0.6792811128038201,0.4366812227074135,Desconocido
2025-05-04,0.004404679676775382,50661383.13291607,471531.8699450904,ccd,Concordium,447,0.009307520655485685,-3.7272336810274864,-3.7060180346376037,-2.826086956521734,Desconocido
2025-05-05,0.0043998852901826245,50605892.46230714,382143.4843418233,ccd,Concordium,446,0.007551363403509894,-0.10884756542086649,-0.10953248248936065,-0.22371364653244186,Desconocido
2025-05-06,0.004344350181349294,50006639.72715061,305660.44983732805,ccd,Concordium,442,0.006112397303739902,-1.2621944703250398,-1.1841560458653477,-0.8968609865470878,Desconocido
2025-05-07,0.004306608634386087,49521410.51536615,322394.12517822185,ccd,Concordium,438,0.006510196737594644,-0.8687501096305561,-0.9703295690972169,-0.9049773755656076,Desconocido
2025-05-08,0.00413135128849551,47560576.76016075,399076.7455813241,ccd,Concordium,426,0.008390914761059244,-4.069497852468795,-3.9595676593197293,-2.73972602739726,Desconocido
2025-05-09,0.004127016051055314,47510520.39282765,206998.7599743849,ccd,Concordium,423,0.004356903655503511,-0.10493509598826778,-0.10524760367294217,-0.7042253521126751,Desconocido
2025-05-10,0.004018316837266578,46248917.003762156,282280.46228341624,ccd,Concordium,417,0.006103504267147572,-2.633845190908346,-2.6554190074835615,-1.4184397163120588,Desconocido
2025-05-11,0.004130407109420805,47550106.1487117,448404.41235661245,ccd,Concordium,425,0.009430145349291954,2.789483176505181,2.8134478150995346,1.918465227817756,Desconocido
2025-05-12,0.004130329116732302,47540137.01864886,313256.92303416185,ccd,Concordium,426,0.006589314686057355,-0.0018882566884204088,-0.020965526410521296,0.23529411764706687,Desconocido
2025-05-13,0.004180646712445991,48184934.67550584,393091.6031932836,ccd,Concordium,427,0.008157977298101566,1.218246640681686,1.356322672364274,0.23474178403755097,Desconocido
2025-05-14,0.004095078509718418,47162195.23292893,377770.94004140573,ccd,Concordium,423,0.00801003723799616,-2.0467695218740256,-2.122529478278623,-0.936768149882905,Desconocido
2025-05-15,0.00398108260887583,45853369.81209482,440081.1238374182,ccd,Concordium,413,0.00959757430349944,-2.7837293124430507,-2.7751579721214448,-2.3640661938534313,Desconocido
2025-05-16,0.003966507489918778,45692738.650244474,389136.27031095163,ccd,Concordium,412,0.008516370036158242,-0.3661094327597536,-0.35031484601592,-0.2421307506053294,Desconocido
2025-05-17,0.003939336581985193,45398048.947099775,370390.8668943069,ccd,Concordium,410,0.008158739758307809,-0.6850083606961932,-0.6449377118767252,-0.4854368932038833,Desconocido
2025-05-18,0.0038791453882662283,44691090.63034232,335787.03706103103,ccd,Concordium,406,0.007513511805707728,-1.5279525490211388,-1.5572438312960069,-0.9756097560975618,Desconocido
2025-05-19,0.003819726533915329,44010442.52315468,317995.1833444804,ccd,Concordium,403,0.007225448441632402,-1.5317511565983488,-1.523006258266435,-0.7389162561576401,Desconocido
2025-05-20,0.0037944159442092457,43696077.28500136,310258.6011269296,ccd,Concordium,399,0.007100376519002213,-0.6626283185812043,-0.714296926207747,-0.992555831265507,Desconocido
2025-05-21,0.003984986650735823,45931831.84157388,444985.4741230377,ccd,Concordium,414,0.0096879540023107,5.022398949630502,5.116602440054585,3.759398496240607,Desconocido
2025-05-22,0.004032402737424956,46483740.14004161,524705.4690218118,ccd,Concordium,425,0.011287935683338543,1.1898681437333636,1.201581291970566,2.657004830917864,Desconocido
2025-05-23,0.004091705720921334,47140673.379397124,608409.6975683987,ccd,Concordium,423,0.012906258098432355,1.4706612250305229,1.4132538332250588,-0.47058823529412264,Desconocido
2025-05-24,0.004079538942023121,47018944.73093714,536594.9960242157,ccd,Concordium,421,0.011412314740257268,-0.29735224691266327,-0.25822424614152517,-0.47281323877068626,Desconocido
2025-05-25,0.003984019562614161,45911651.186894834,542568.4105464509,ccd,Concordium,414,0.011817662761415196,-2.3414258514612873,-2.3549944610171902,-1.6627078384798155,Desconocido
2025-05-26,0.0039395962660873215,45437425.85516919,445584.8599138375,ccd,Concordium,411,0.009806560374571605,-1.1150371083441857,-1.0329084654245868,-0.7246376811594235,Desconocido
2025-05-27,0.003776734318405771,43555287.385730706,542339.9002199046,ccd,Concordium,398,0.012451758047579371,-4.13397558230757,-4.1422647388471345,-3.1630170316301665,Desconocido
2025-05-28,0.003746391703584386,43199437.256477386,525422.1622742452,ccd,Concordium,395,0.012162708489807066,-0.8034087723224559,-0.8170078780605161,-0.7537688442211032,Desconocido
2025-05-29,0.0036602019245706705,42215056.842517994,392122.25035342015,ccd,Concordium,388,0.009288682277894839,-2.300607780314401,-2.2786880489092276,-1.7721518987341756,Desconocido
2025-05-30,0.003647244519955046,42079460.806555554,378186.67605216143,ccd,Concordium,388,0.008987441112678036,-0.3540079176682087,-0.32120301642202254,0.0,Desconocido
2025-05-31,0.0036465233819887493,42062928.500366226,359260.0880048402,ccd,Concordium,386,0.00854101463719323,-0.0197721310526644,-0.039288303301532324,-0.5154639175257714,Desconocido
2025-06-01,0.0036093743018624693,41633518.06546306,342944.774716883,ccd,Concordium,383,0.008237227855153843,-1.0187533778000746,-1.0208762209683697,-0.7772020725388629,Desconocido
2025-06-02,0.003695021316965962,42635774.185917586,291734.27575948753,ccd,Concordium,389,0.006842476331902661,2.372904773530915,2.4073298799266007,1.5665796344647598,Desconocido
2025-06-03,0.003615695274554486,41723935.10245327,219402.48763760703,ccd,Concordium,384,0.0052584322906951,-2.1468358530773446,-2.1386713408513502,-1.285347043701801,Desconocido
2025-06-04,0.0036025163746634275,41577003.61955345,164405.66702467826,ccd,Concordium,384,0.003954245200761874,-0.3644914432863078,-0.35215154692151973,0.0,Desconocido
2025-06-05,0.003579622023677223,41313204.78845717,275361.50434567395,ccd,Concordium,382,0.006665217713214285,-0.6355099770599448,-0.634482545952908,-0.520833333333337,Desconocido
2025-06-06,0.0035922658165333686,41464589.89772176,367466.33835726645,ccd,Concordium,383,0.008862172259840838,0.3532158639240057,0.3664327423634983,0.2617801047120505,Desconocido
2025-06-07,0.0036392643000697235,42010452.82696362,360952.553406765,ccd,Concordium,387,0.008591970072150576,1.308324214762857,1.3164556325971244,1.0443864229765065,Desconocido
2025-06-08,0.0036670854374945554,42335720.69533191,418947.7160295182,ccd,Concordium,389,0.009895844670850565,0.7644714736519287,0.7742546116035198,0.5167958656330685,Desconocido
2025-06-09,0.003657530018350639,42236146.84274606,374899.89225780877,ccd,Concordium,388,0.00887628063359186,-0.2605725802354075,-0.23520056101662412,-0.25706940874036244,Desconocido
2025-06-10,0.0036593936635468775,42251255.4407473,359053.6657278083,ccd,Concordium,389,0.008498059098654271,0.05095365415699327,0.03577172429458653,0.2577319587628857,Desconocido
2025-06-11,0.003692374222790326,42639000.08688965,420387.2117255638,ccd,Concordium,392,0.009859218341633242,0.9012574835002063,0.917711538030197,0.7712082262210762,Desconocido
2025-06-12,0.003704561959322439,42788932.20963413,385636.85698256857,ccd,Concordium,392,0.00901253752005853,0.330078583500204,0.3516314229671247,0.0,Desconocido
2025-06-13,0.0036777212576329524,42505036.99488097,402668.13443135284,ccd,Concordium,390,0.00947342157306786,-0.724531050747923,-0.6634781474851748,-0.5102040816326481,Desconocido
2025-06-14,0.003637971636467921,42011122.976853766,570146.7858550765,ccd,Concordium,387,0.013571329339832256,-1.0808220194103213,-1.1620129117560496,-0.7692307692307665,Desconocido
2025-06-15,0.0036302861574244185,41932709.208182134,556527.7171517928,ccd,Concordium,386,0.0132719237001553,-0.21125725573177823,-0.18665001817455007,-0.2583979328165342,Desconocido
2025-06-16,0.0036195869316999188,41817071.49444084,435261.83738446806,ccd,Concordium,386,0.010408711605793146,-0.294721277071186,-0.27576971754244006,0.0,Desconocido
2025-06-17,0.003597775515493764,41569246.29008788,607177.0533272176,ccd,Concordium,383,0.014606400344381466,-0.6025940699236343,-0.592641224017576,-0.7772020725388629,Desconocido
2025-06-18,0.003511920602621729,40591525.63848776,520793.3707758321,ccd,Concordium,377,0.012830100928308795,-2.386333235698068,-2.352028816633245,-1.5665796344647487,Desconocido
2025-06-19,0.0034737563115796307,40164481.75132825,579651.3327534335,ccd,Concordium,374,0.014431938555618591,-1.0867071144378349,-1.0520518271789236,-0.7957559681697646,Desconocido
2025-06-20,0.003470014888441404,40129638.069579676,574350.7708240664,ccd,Concordium,373,0.01431238352631577,-0.10770540022495556,-0.0867524743984105,-0.2673796791443861,Desconocido
2025-06-21,0.003414726621012915,39481420.24085033,405185.9955224486,ccd,Concordium,370,0.010262700608303192,-1.5933149916057765,-1.6153094319101946,-0.8042895442359255,Desconocido
2025-06-22,0.0035133355949043743,40627231.2137209,741267.0003520981,ccd,Concordium,377,0.018245570229795834,2.887756029564925,2.9021523690909046,1.8918918918918948,Desconocido
2025-06-23,0.003418783559633257,39539782.5201072,441262.27407856163,ccd,Concordium,369,0.011159957034517479,-2.6912326681303167,-2.676649776828599,-2.1220159151193685,Desconocido
2025-06-24,0.0033782861259598626,39087294.967502095,486856.21068711876,ccd,Concordium,366,0.012455612778830054,-1.1845568158090347,-1.1443855372118006,-0.8130081300813052,Desconocido
2025-06-25,0.0031121023769733634,36006948.18021342,832851.8832162648,ccd,Concordium,346,0.02313031026811471,-7.879254126554159,-7.880685501132101,-5.464480874316935,Desconocido
2025-06-26,0.0031910442862200647,36911209.795778826,589597.6926399537,ccd,Concordium,353,0.01597340471640082,2.5366102937614654,2.5113531172917147,2.0231213872832443,Desconocido
2025-06-27,0.0031421929779328716,36349823.68756762,444860.5900005075,ccd,Concordium,349,0.012238314931707876,-1.5308878193307507,-1.5209095321373156,-1.1331444759206777,Desconocido
2025-06-28,0.0032478911616499124,37559183.426587716,520153.9339274379,ccd,Concordium,357,0.013848914871754823,3.3638348904520665,3.327003039725107,2.2922636103151817,Desconocido
2025-06-29,0.0034053201503319087,39400872.54265302,494648.5187106535,ccd,Concordium,368,0.012554252908363303,4.847114045595768,4.903432258225271,3.081232492997188,Desconocido
2025-06-30,0.0033671028866214454,38971877.015899524,367473.0727816004,ccd,Concordium,365,0.00942918588785654,-1.1222810785276205,-1.0887970216626242,-0.8152173913043459,Desconocido
2024-08-31,0.01132355407224145,139390441.730783,7011286.675351658,one,Harmony,1566694,0.050299623046558474,,,,Desconocido
2024-09-01,0.010925474261395268,134442616.29494134,5374170.85930512,one,Harmony,1543837,0.03997371523561561,-3.5155023617720493,-3.5496160098249963,-1.4589319931013978,Desconocido
2024-09-02,0.010434523114032231,128657208.01665223,4736048.505783718,one,Harmony,1532547,0.03681137325139783,-4.493636940757739,-4.303254754874031,-0.7312948193364921,Desconocido
2024-09-03,0.011375928459329407,139833312.8344268,7109379.540566171,one,Harmony,1559796,0.050841815848160686,9.022025587649374,8.686730413369471,1.7780205109533265,Desconocido
2024-09-04,0.01074807591001689,132428022.52192432,5163458.315342756,one,Harmony,1520142,0.03899067747906537,-5.519132364071922,-5.295798377651895,-2.542255525722592,Desconocido
2024-09-05,0.011125507882277584,136863793.9625555,6720216.021151779,one,Harmony,1544025,0.049101488615684294,3.511623619153448,3.349571605886359,1.5711032258828528,Desconocido
2024-09-06,0.010908086283286652,134352157.33006138,4989958.546221387,one,Harmony,1499970,0.037140888880277625,-1.9542622349607464,-1.8351359112412702,-2.853256909700297,Desconocido
2024-09-07,0.01048728264542018,128936733.2451644,6997138.720881692,one,Harmony,1459458,0.05426800062924745,-3.8577219407516683,-4.030768238125848,-2.7008540170803452,Desconocido
2024-09-08,0.010663881623728092,131029005.30928016,3591799.9566891855,one,Harmony,1531965,0.027412250808217006,1.6839345737003963,1.6227121716644088,4.968077190299414,Desconocido
2024-09-09,0.010951291285145243,134915852.2146696,4488455.618769607,one,Harmony,1567974,0.03326855625258816,2.6951692784889847,2.9664019017887844,2.3505106187151847,Desconocido
2024-09-10,0.011754874759449467,144619109.90496325,7060543.546727478,one,Harmony,2174563,0.04882164985918755,7.337796551848053,7.192081235090497,38.68616443895117,Desconocido
2024-09-11,0.011748670872002138,144565706.2888872,5902812.6885977825,one,Harmony,2179020,0.04083134818158138,-0.052777146284288534,-0.03692708115210497,0.20496072084368322,Desconocido
2024-09-12,0.011481616481828572,141286183.29791576,5477181.956292511,one,Harmony,2114254,0.03876657878671219,-2.2730604430325374,-2.268534547479706,-2.972253581885431,Desconocido
2024-09-13,0.012011551092076562,147807254.49010408,5078562.149221503,one,Harmony,2149787,0.03435935649262412,4.615505239063622,4.615505239063622,1.6806400744659777,Desconocido
2024-09-14,0.012314529777358883,151577924.97899723,7723660.492879675,one,Harmony,1835386,0.050955048328771305,2.5223943432433282,2.5510726803640082,-14.624751196281306,Desconocido
2024-09-15,0.012694642216787932,156123053.176798,6226329.217375292,one,Harmony,2380781,0.039880908620999286,3.0866987721115624,2.9985422998966005,29.71554757418875,Desconocido
2024-09-16,0.011686690133518366,143804464.3323926,7690493.713730229,one,Harmony,1696392,0.053478824523515926,-7.9399802377778546,-7.890307416967746,-28.746407166387833,Desconocido
2024-09-17,0.011404382753333902,140370556.76170862,8058758.652373457,one,Harmony,1569641,0.05741060545947616,-2.415631602781909,-2.3879005332871905,-7.471798970992549,Desconocido
2024-09-18,0.011960925952309971,147212128.1377644,5987113.727131447,one,Harmony,1716449,0.04066997606018284,4.88008172834582,4.87393619708294,9.352966697480515,Desconocido
2024-09-19,0.012337059222267938,151812770.73600614,7237473.381132261,one,Harmony,1725712,0.047673679533310274,3.144683542542337,3.1251790572148774,0.5396606598856213,Desconocido
2024-09-20,0.012841361348364994,157911486.39997777,7803671.188494881,one,Harmony,1912099,0.04941800857176897,4.087701266658494,4.017261284676077,10.800585497464233,Desconocido
2024-09-21,0.013421642408365787,165159028.9981053,6548421.651705753,one,Harmony,1951669,0.039649189580673046,4.518843791236171,4.58962344244549,2.0694535167896655,Desconocido
2024-09-22,0.01407929573850145,173324053.04347456,8737210.684384316,one,Harmony,2010029,0.05040968365880977,4.899946743669337,4.943734590170634,2.9902611559644576,Desconocido
2024-09-23,0.013651601146767292,168017237.86991,6861927.453396664,one,Harmony,1948317,0.040840615762947015,-3.0377555786727184,-3.0617880671377162,-3.0702044597366474,Desconocido
2024-09-24,0.014152579149152394,174119259.44900653,9976173.402009852,one,Harmony,2001226,0.057295059912263906,3.6697380548928127,3.6317830577723864,2.7156258452808224,Desconocido
2024-09-25,0.014281071352671511,175734668.37335238,7814361.23827336,one,Harmony,2633921,0.04446681642617931,0.907906623697019,0.9277600476005565,31.615369778325885,Desconocido
2024-09-26,0.013992950878899811,172091710.87300444,8103354.068709671,one,Harmony,2612787,0.04708741651531121,-2.0174990143005056,-2.072987381527014,-0.8023778997168107,Desconocido
2024-09-27,0.014458030640982531,177946118.77922937,9716715.37949771,one,Harmony,2590045,0.05460481771761962,3.32367179809101,3.4019116182447684,-0.8704115567017112,Desconocido
2024-09-28,0.01506068746787811,185328176.87709105,8824392.671944702,one,Harmony,2699439,0.04761495429697669,4.168318921577718,4.148479409669115,4.223633180118491,Desconocido
2024-09-29,0.01463485000849553,180050392.58751005,7219666.171746233,one,Harmony,2044982,0.040098030712358776,-2.827476901640902,-2.8478045694482867,-24.244185551146003,Desconocido
2024-09-30,0.01469918400743154,180789630.65674245,6761432.358893497,one,Harmony,2141800,0.03739944782414617,0.43959452197093185,0.4105728727434421,4.734418200257995,Desconocido
2024-10-01,0.01346137902949398,165305127.6235823,9092712.384415964,one,Harmony,2634860,0.05500562816854088,-8.420909468932136,-8.564928738949584,23.020823606312458,Desconocido
2024-10-02,0.012145524846871536,149560961.08831742,11174696.158497253,one,Harmony,1842384,0.07471666454388769,-9.775032556021168,-9.524306209736011,-30.076588509446424,Desconocido
2024-10-03,0.011923692992928859,146643939.90552562,9106831.216488851,one,Harmony,1865328,0.06210165399508406,-1.8264493032577156,-1.9503894342249306,1.2453429903863666,Desconocido
2024-10-04,0.011646053234130475,143344448.1709698,7483248.730726948,one,Harmony,2356479,0.05220466384440314,-2.32847121242582,-2.250002104881721,26.33054347546384,Desconocido
2024-10-05,0.012425420880699237,152630716.2591814,6518061.02721155,one,Harmony,2370917,0.042704779135958874,6.6921181871701485,6.478289328049658,0.6126937689663325,Desconocido
2024-10-06,0.012097168651109873,148937179.29249996,4380708.578729678,one,Harmony,2384378,0.029413129747316743,-2.64177956417756,-2.4199172074967357,0.5677550078724725,Desconocido
2024-10-07,0.012661981901676857,155652622.92626324,5192779.804259224,one,Harmony,2442659,0.03336133825845762,4.668970623263702,4.5089101765347195,2.444285260139112,Desconocido
2024-10-08,0.01302371570997145,160262371.41182756,9018972.988613866,one,Harmony,1961149,0.056276298105172394,2.8568498289093913,2.9615617128071703,-19.712534578097063,Desconocido
2024-10-09,0.012979145939701682,159719741.50954852,6958149.363240163,one,Harmony,2462881,0.04356474220078915,-0.3422200796017294,-0.3385884643405501,25.583573711125474,Desconocido
2024-10-10,0.012234029402718885,150607403.30863965,6351473.870658781,one,Harmony,1789556,0.042172388150419876,-5.740874942345576,-5.705204700925536,-27.33891730863164,Desconocido
2024-10-11,0.012210098058039433,150067523.23653576,7244207.943896082,one,Harmony,1806156,0.04827298930280734,-0.1956129406892937,-0.35846848179004187,0.9276043890216412,Desconocido
2024-10-12,0.01251472943362419,153825462.19574282,6459924.048266287,one,Harmony,2457561,0.04199515448259169,2.494913424419054,2.504165377130807,36.065821556941934,Desconocido
2024-10-13,0.013328260203235085,164093333.31594613,10597143.947863037,one,Harmony,2438877,0.064579978562927,6.500586160697375,6.675013988995815,-0.7602659710176041,Desconocido
2024-10-14,0.01307035035899041,160709030.85670575,6930934.563862974,one,Harmony,1952468,0.04312722519024371,-1.9350600927049322,-2.0624253227425338,-19.94397421436177,Desconocido
2024-10-15,0.013832431895300127,170285106.23521253,8775430.75284645,one,Harmony,2569229,0.051533753872314965,5.83061291685667,5.958641731244807,31.588789163253892,Desconocido
2024-10-16,0.01383172649857357,169845578.71586633,11129188.25363099,one,Harmony,2447037,0.06552533388136611,-0.005099585755385938,-0.25811271993400053,-4.755979322979775,Desconocido
2024-10-17,0.013722413141480743,168870956.29418567,12156481.772997241,one,Harmony,2555871,0.07198681194070905,-0.7903088389153767,-0.5738285500566986,4.447582933972805,Desconocido
2024-10-18,0.013360286137231725,164386240.40128833,8114695.319778994,one,Harmony,2506540,0.0493635921106898,-2.6389455011696428,-2.6557058663685407,-1.9301052361406335,Desconocido
2024-10-19,0.014018135124931747,172501145.28424639,7998128.0186128365,one,Harmony,2519602,0.046365651691376124,4.923913911295386,4.9364866932588125,0.5211167585596144,Desconocido
2024-10-20,0.014213075513017485,174897950.59236228,9109071.278848138,one,Harmony,2026668,0.052082207069874764,1.3906299685971124,1.389443127560952,-19.56396287985166,Desconocido
2024-10-21,0.01518544514497393,186694011.80781502,10963924.3528164,one,Harmony,2114849,0.058726706050447885,6.841373853715682,6.7445394159854954,4.351033321688602,Desconocido
2024-10-22,0.014239943770630325,175346977.4822794,8332894.5775528755,one,Harmony,2078437,0.04752231659308185,-6.2263658741446015,-6.077878029219486,-1.7217304876140038,Desconocido
2024-10-23,0.013892436574942758,170922638.7321151,7619522.240063552,one,Harmony,2518526,0.0445787772560985,-2.440369156543265,-2.5231907693484046,21.17403606652499,Desconocido
2024-10-24,0.013105194899589256,161164380.82512963,8459683.319263924,one,Harmony,2426473,0.05249102361174365,-5.666692600010991,-5.709166427204215,-3.655034730632123,Desconocido
2024-10-25,0.013725614481340303,168642676.6798236,8409148.419346645,one,Harmony,1961177,0.049863703452192154,4.734149980253188,4.6401666524616525,-19.175816091916133,Desconocido
2024-10-26,0.012041236030933487,148092152.2339786,8387715.449129139,one,Harmony,1937180,0.0566384870676803,-12.271789016780964,-12.185838632567004,-1.2236019492376293,Desconocido
2024-10-27,0.0120885730227661,148744103.13952237,9235150.292358689,one,Harmony,2397252,0.062087505302284775,0.393124025731284,0.44023325727193807,23.74957412321004,Desconocido
2024-10-28,0.012315411488077669,151550591.7210196,7005402.377482277,one,Harmony,2381804,0.046224843452793,1.8764701580936682,1.8867898103259506,-0.6444045098304207,Desconocido
2024-10-29,0.012405166553134943,152441705.42011058,8530996.465446508,one,Harmony,2342863,0.05596235257232351,0.7288028105610911,0.5879975056325648,-1.6349372156567066,Desconocido
2024-10-30,0.01266525500132344,155748546.92372993,10152320.651364474,one,Harmony,2497597,0.06518404731144019,2.096613915455814,2.169249874570811,6.6044834887912796,Desconocido
2024-10-31,0.012600388260590711,155055149.22883198,8717066.364272181,one,Harmony,2390849,0.056219134982788896,-0.5121629270468775,-0.4452033155965873,-4.274028195901902,Desconocido
2024-11-01,0.011908915169289236,146644277.3722777,9245105.648937926,one,Harmony,2220342,0.06304443524562427,-5.487712576795301,-5.424438916337704,-7.131650723236804,Desconocido
2024-11-02,0.011927972441793677,146782059.71065515,9234757.547670936,one,Harmony,1822907,0.06291475651639579,0.16002526034937237,0.09395684635389312,-17.899719953052273,Desconocido
2024-11-03,0.011601259540755202,142759013.4790156,5434289.436724992,one,Harmony,1714696,0.038066173926900856,-2.7390480874496803,-2.7408296624056194,-5.93617776441695,Desconocido
2024-11-04,0.010938080742641222,134741034.5174578,8598925.090234092,one,Harmony,1632368,0.06381816141629791,-5.716437907317163,-5.616443239667213,-4.801317551332717,Desconocido
2024-11-05,0.010666807794102898,131250093.55848436,6966436.457648508,one,Harmony,1559249,0.053077573270790095,-2.480078131813268,-2.590852127175225,-4.479320839418566,Desconocido
2024-11-06,0.01112440727181348,136728153.30320758,7328210.009751697,one,Harmony,1956549,0.05359693547166325,4.289938344661692,4.173756830338737,25.48021515485981,Desconocido
2024-11-07,0.012542744863912728,154247640.67269856,14259377.069552876,one,Harmony,2226983,0.09244470130865833,12.749781246259895,12.813372334986383,13.821989635833297,Desconocido
2024-11-08,0.012623154308044648,155431326.21933544,8777719.080039164,one,Harmony,2247213,0.0564732946282178,0.6410833115426673,0.7673929672276536,0.9084038809456629,Desconocido
2024-11-09,0.012815103328252947,157698572.31357786,10402316.228019947,one,Harmony,1747502,0.06596328727273015,1.5206105821424565,1.4586802733980608,-22.236921911719097,Desconocido
2024-11-10,0.013783634499524414,169404360.69768646,11389800.404718742,one,Harmony,2294734,0.06723439914893696,7.557732048372845,7.4228879896465205,31.315100068555,Desconocido
2024-11-11,0.014552969648426263,178745102.12209556,19398350.11463947,one,Harmony,2529419,0.10852521207204337,5.581511530419592,5.513873070291431,10.227111290458947,Desconocido
2024-11-12,0.016280954446855896,199362966.80148607,25918357.867457233,one,Harmony,2605941,0.1300058796439622,11.873760752441997,11.534785812092952,3.0252797183859315,Desconocido
2024-11-13,0.014978736748913122,184863537.2959583,24071396.483578403,one,Harmony,2430086,0.13021170554061814,-7.998411285981167,-7.272880083072519,-6.748234131164132,Desconocido
2024-11-14,0.013903028649857319,171168897.08752984,23015307.426114634,one,Harmony,1864671,0.13445963500217803,-7.181567558651825,-7.407972609819735,-23.26728354469759,Desconocido
2024-11-15,0.013033751817805488,160387385.7599933,14444108.649730569,one,Harmony,2245176,0.09005763502713987,-6.252427826657403,-6.298756088860724,20.406012642444704,Desconocido
2024-11-16,0.013883518474988794,170752955.19058266,13394519.785341332,one,Harmony,2370795,0.07844385340441865,6.51973943544355,6.462833334100582,5.595062480625135,Desconocido
2024-11-17,0.014936202692782695,183904596.58610576,17236669.17219782,one,Harmony,2400058,0.09372614655733989,7.582258198383318,7.702145699817686,1.2343116971311296,Desconocido
2024-11-18,0.013869839207505208,170686822.26753756,19320307.722848676,one,Harmony,2355581,0.11319156022815681,-7.139455102552694,-7.187299591165752,-1.8531635485475761,Desconocido
2024-11-19,0.016117080003602714,198263193.57278895,37972900.756801665,one,Harmony,2469705,0.1915277368053721,16.202356512406336,16.156122036197786,4.844834459099467,Desconocido
2024-11-20,0.015274488399271447,187896299.44695133,21238581.48552724,one,Harmony,2423803,0.11303352725966548,-5.22794205987015,-5.2288546043376405,-1.8586025456481692,Desconocido
2024-11-21,0.014251781640809652,175344694.12438273,16495912.224486463,one,Harmony,2360161,0.09407705381027898,-6.695522178736768,-6.680070528005411,-2.6257084424765598,Desconocido
2024-11-22,0.015592134542294456,192125780.39462826,21756238.47738123,one,Harmony,2441496,0.11323955813058352,9.404809414471615,9.570341637108037,3.4461632066626002,Desconocido
2024-11-23,0.017207264185998276,211598550.37964445,59927577.43724381,one,Harmony,2626872,0.2832135538250303,10.358617925741331,10.135427918636907,7.592721839396832,Desconocido
2024-11-24,0.02089174302970928,256814486.96802577,127995667.22728215,one,Harmony,3077722,0.4983973791292312,21.41234541345105,21.368736462161998,17.162998425503794,Desconocido
2024-11-25,0.024436247307308784,300703944.81628066,253659741.08588254,one,Harmony,3329737,0.8435530875421656,16.966053395157175,17.089946274611556,8.188361391964571,Desconocido
2024-11-26,0.024554463087470762,302256522.72382784,92048540.05117701,one,Harmony,2635508,0.30453781186148915,0.4837722366912711,0.5163144462556835,-20.849364379228753,Desconocido
2024-11-27,0.023118078288471546,284477804.2995885,58244753.029071875,one,Harmony,3089931,0.2047426974926076,-5.849791110815006,-5.88199661136305,17.242330510854064,Desconocido
2024-11-28,0.024017118766037338,295556738.90072155,40637587.925440125,one,Harmony,3239181,0.13749504774137605,3.88890662254624,3.8944811980711203,4.830204946324046,Desconocido
2024-11-29,0.024231376354329277,298053505.0097955,31542572.37626317,one,Harmony,3184638,0.10582855710831694,0.8921036298280782,0.8447671057544737,-1.6838515661829367,Desconocido
2024-11-30,0.02686979603642933,331165844.7134202,66975152.61003367,one,Harmony,3404692,0.2022405199062473,10.888443328678953,11.1095287077857,6.909859142546182,Desconocido
2024-12-01,0.02850163820351238,351060717.3151625,125479469.58601078,one,Harmony,3699189,0.3574295368210121,6.073146833234766,6.007525510053324,8.64973982962336,Desconocido
2024-12-02,0.029357617858507764,361010761.22500235,60994820.53833381,one,Harmony,3742850,0.16895568523044216,3.0032647558128733,2.8342800601376616,1.1802857328998329,Desconocido
2024-12-03,0.029754167218599175,365850185.01682335,69200818.10597253,one,Harmony,3738415,0.18915069867407716,1.35075455373328,1.3405206469191189,-0.11849259254311795,Desconocido
2024-12-04,0.030390332525675766,373998192.2549272,94711778.90414186,one,Harmony,3789101,0.2532412745984178,2.1380712906625243,2.2271431235518335,1.3558152318562833,Desconocido
2024-12-05,0.03299056508607192,405706583.75398976,109014857.84748718,one,Harmony,4247482,0.2687036942777124,8.5561175028253,8.478220525047142,12.097355019040146,Desconocido
2024-12-06,0.031980174347961195,393722008.2808455,78600424.99212164,one,Harmony,4002496,0.19963431898390407,-3.062665751479643,-2.954000736752005,-5.7677937187255885,Desconocido
2024-12-07,0.0402388239660855,495361952.28262913,132789241.31254263,one,Harmony,4403386,0.268065079888856,25.82427953101767,25.815154312959532,10.016000015990013,Desconocido
2024-12-08,0.04557876122901418,564271390.9412786,325032065.3885767,one,Harmony,4893120,0.5760208130459717,13.270609666498533,13.91092681646513,11.12175948236198,Desconocido
2024-12-09,0.0429042186246948,527915521.5608853,151306160.0840231,one,Harmony,4665581,0.28661055397018237,-5.867958084426483,-6.442975838230414,-4.650182296775885,Desconocido
2024-12-10,0.03439118470388822,422877383.613428,160309741.90130922,one,Harmony,3961676,0.37909273021764595,-19.841950730473513,-19.89677015687881,-15.087188498067016,Desconocido
2024-12-11,0.034006090228491874,418459430.766754,119276019.25651336,one,Harmony,3725518,0.2850360405020884,-1.1197476292603703,-1.044736138150315,-5.961062944067108,Desconocido
2024-12-12,0.03567765769822759,439132910.98101145,91077320.6693155,one,Harmony,3904564,0.20740263002800485,4.915494426157818,4.940378611225693,4.805935711490328,Desconocido
2024-12-13,0.03570003070257463,439072759.5028654,104814320.58386219,one,Harmony,4088858,0.23871742966367782,0.06270872526521476,-0.013697784120003664,4.719963611814282,Desconocido
2024-12-14,0.034641756034319446,426210320.20992064,62518255.948923066,one,Harmony,3965363,0.14668405006741989,-2.9643522636490727,-2.929455087923938,-3.0202809684268805,Desconocido
2024-12-15,0.032466728982364246,399115351.04838926,41541761.25461114,one,Harmony,3849964,0.1040845989649107,-6.27862816711835,-6.357182798433025,-2.910174932282361,Desconocido
2024-12-16,0.03433864884887481,423132689.19417405,49541594.97679875,one,Harmony,3876048,0.1170828826086379,5.765655873517095,6.017643291017616,0.6775128286913956,Desconocido
2024-12-17,0.032912068219887326,405033726.15423125,54923313.71439645,one,Harmony,3868640,0.13560182811414181,-4.154446015817037,-4.277372914489542,-0.19112250415888044,Desconocido
2024-12-18,0.03154710321233254,388021962.21623755,42338468.923382275,one,Harmony,3895931,0.1091135890390344,-4.147308514419024,-4.200085780391493,0.7054417056123086,Desconocido
2024-12-19,0.02782804452007982,342583305.78870976,42208906.7424796,one,Harmony,3515022,0.12320771628175071,-11.788907105736568,-11.71033107713776,-9.77709820836149,Desconocido
2024-12-20,0.025316808785242905,311962527.8990965,54371281.73732942,one,Harmony,3124310,0.17428786112066535,-9.024118575866469,-8.938199080984644,-11.115492307018283,Desconocido
2024-12-21,0.026849164874726054,330390414.6154134,55542836.81183804,one,Harmony,3296270,0.16811273679501854,6.052722136039335,5.907083405311231,5.503935268907378,Desconocido
2024-12-22,0.025160982090867808,308369894.9170587,42422742.06565257,one,Harmony,2729236,0.13757095866009517,-6.287654724960867,-6.664999565434549,-17.202292287949717,Desconocido
2024-12-23,0.025484247887100697,314302150.7784147,29593353.808634337,one,Harmony,3126402,0.09415574705849807,1.2847900573412785,1.9237467596996183,14.552277633740719,Desconocido
2024-12-24,0.03049395534174772,375344972.2952976,53803628.14591247,one,Harmony,3559037,0.1433444753952457,19.65805495551931,19.421700222445672,13.838111669580556,Desconocido
2024-12-25,0.03246484922407445,399274778.40060353,60588274.24021262,one,Harmony,3095828,0.15174580894619571,6.46322807336337,6.375416715713844,-13.015009397204913,Desconocido
2024-12-26,0.03216879665866486,395519376.6870789,31749632.209205125,one,Harmony,3712737,0.08027326619278206,-0.9119172658595076,-0.9405557066659354,19.92710835356486,Desconocido
2024-12-27,0.02956476815369821,364059042.42341274,32947435.2046086,one,Harmony,2942140,0.09050025233623957,-8.09488938177375,-7.954182808231025,-20.755496551465935,Desconocido
2024-12-28,0.02840795977365772,349535013.3299078,31250995.92050663,one,Harmony,3386045,0.08940734040572483,-3.9127936807303643,-3.9894707728789336,15.087827227800176,Desconocido
2024-12-29,0.029939751310353212,368691166.3843577,20609555.622892372,one,Harmony,2848565,0.055899238989108486,5.392120901677355,5.480467570889513,-15.873386207212247,Desconocido
2024-12-30,0.028175086278401904,346779424.29733384,16384727.804880548,one,Harmony,2738005,0.04724826981324024,-5.894053740323102,-5.943115562519619,-3.8812524902889667,Desconocido
2024-12-31,0.027446841884885508,337565748.49664223,24099576.942675903,one,Harmony,3071022,0.0713922459550591,-2.584710429350645,-2.656926897944112,12.162760842292109,Desconocido
2025-01-01,0.026316974643701807,324034746.4665737,21411680.249600116,one,Harmony,2591062,0.06607834648315677,-4.116565563070839,-4.008404907882146,-15.628673451378727,Desconocido
2025-01-02,0.027632134931416495,339974354.7147251,15733149.54539923,one,Harmony,2774141,0.0462774598354662,4.997384028826546,4.919104639846283,7.0657900119719175,Desconocido
2025-01-03,0.028648429223360496,352752191.2231943,21861782.557216838,one,Harmony,2817876,0.06197490221509182,3.67794343240746,3.7584706997065176,1.5765240483450516,Desconocido
2025-01-04,0.03197954410530322,393617742.5291604,30073811.643806756,one,Harmony,3398206,0.07640359768990544,11.62756553237645,11.584776033356947,20.594589683861187,Desconocido
2025-01-05,0.030978351843651462,381373747.6072256,23588074.367295545,one,Harmony,3347843,0.06185028339074024,-3.1307271246738377,-3.110630847903839,-1.4820467034664775,Desconocido
2025-01-06,0.031005119837634126,381846143.807284,17078508.481434185,one,Harmony,3343547,0.04472615151000092,0.08640870927467681,0.12386699478457164,-0.12832142964888105,Desconocido
2025-01-07,0.03024390928402925,370992343.9965382,26065480.90311063,one,Harmony,3216098,0.07025881079463422,-2.4551124381751777,-2.8424536915642284,-3.811790293362105,Desconocido
2025-01-08,0.026208676005812233,322691302.49649686,37975943.34489382,one,Harmony,2542092,0.11768505395433175,-13.34230056148159,-13.019417322663696,-20.957259386996295,Desconocido
2025-01-09,0.024879976748410085,306722526.5102688,30057034.770701464,one,Harmony,2387135,0.09799422009421659,-5.069692406848347,-4.94862299128791,-6.0956487806106185,Desconocido
2025-01-10,0.02368583338286416,291079288.1796129,21336226.19561645,one,Harmony,2694867,0.07330039292404328,-4.799616083331893,-5.100126980772057,12.891269241161485,Desconocido
2025-01-11,0.02408870534329338,296537854.56005216,20043087.154881217,one,Harmony,2700564,0.0675903155252048,1.7008983974390324,1.8752850519103248,0.2114018984981536,Desconocido
2025-01-12,0.023933404580337495,294510741.7437623,20274474.187941395,one,Harmony,2652076,0.068841204459636,-0.644703651535683,-0.6835932698364244,-1.7954767966987584,Desconocido
2025-01-13,0.02330712366718957,286629531.2584274,12022349.35823528,one,Harmony,2582883,0.041943861490656514,-2.6167648277773514,-2.676034985573439,-2.6090127130594998,Desconocido
2025-01-14,0.023006137496248323,283024537.05871207,27111845.652228773,one,Harmony,2220230,0.09579326914190678,-1.2913913155442547,-1.2577190437732755,-14.040628243710618,Desconocido
2025-01-15,0.024310636977927517,299516961.70780253,14875234.51830708,one,Harmony,2734884,0.049664080569897066,5.670223790898943,5.827206651580608,23.180211059214596,Desconocido
2025-01-16,0.026856193377217653,330593257.12164587,29412442.427068766,one,Harmony,2534073,0.08896867009070937,10.470957225848654,10.375470970542299,-7.342578332389971,Desconocido
2025-01-17,0.0257082741006508,316267748.6944304,22628599.542163447,one,Harmony,2540581,0.07154886843687183,-4.27431862901555,-4.333273023153106,0.2568197522328619,Desconocido
2025-01-18,0.028870208898754985,355649895.50162834,29110089.897068325,one,Harmony,3119509,0.0818504103762208,12.299288492587458,12.452153901170604,22.787228590625542,Desconocido
2025-01-19,0.02559424632359481,314796964.70936126,22219806.103486724,one,Harmony,2820964,0.0705845627323673,-11.347207727691389,-11.486838969724944,-9.570256088378015,Desconocido
2025-01-20,0.022235470064148374,273977570.10846084,41335849.779311806,one,Harmony,2880839,0.15087311622972632,-13.123169234915311,-12.966895865272154,2.1225013860510122,Desconocido
2025-01-21,0.021698858906209467,266950230.2726035,46657134.70959641,one,Harmony,2652015,0.17477840218362503,-2.4133115081030776,-2.5649325355631802,-7.942963837965255,Desconocido
2025-01-22,0.022646466568365074,278538295.72267294,23246571.06072052,one,Harmony,2388137,0.08345915594983751,4.36708522900453,4.3409085799386515,-9.950094550747258,Desconocido
2025-01-23,0.02184087263539278,269054820.9254829,13322796.210407827,one,Harmony,2256085,0.04951703212222944,-3.557261043529103,-3.404729239325943,-5.529498517044873,Desconocido
2025-01-24,0.021808747115241625,268363882.5905309,12794205.815315228,one,Harmony,2215017,0.04767484242593331,-0.14708899542363874,-0.256802064566386,-1.820321486114218,Desconocido
2025-01-25,0.02092915376984033,257200730.33778352,9644196.95374331,one,Harmony,2623467,0.037496771261409406,-4.033213557630589,-4.1597073887100215,18.44003906064828,Desconocido
2025-01-26,0.02122958006206809,261239028.90627086,9483799.581445899,one,Harmony,2527104,0.03630314972901144,1.4354440486776365,1.5700960736712677,-3.673116528624143,Desconocido
2025-01-27,0.020267887979885303,249991985.0893688,9712568.51742985,one,Harmony,2187414,0.03885151963555046,-4.529962813070854,-4.305269340492524,-13.441868636985266,Desconocido
2025-01-28,0.019303001626677006,237514161.59246138,25811898.411305234,one,Harmony,2079433,0.10867519746293938,-4.760665512686324,-4.991289417717438,-4.936468359441792,Desconocido
2025-01-29,0.01768626687510492,217321624.10559016,10820966.676040314,one,Harmony,2286028,0.049792406625779335,-8.375561391124453,-8.501614114916888,9.935160209537885,Desconocido
2025-01-30,0.0183408951762895,227745259.4702273,16534774.512917764,one,Harmony,2085264,0.07260205789301763,3.701336781850939,4.796409656672096,-8.782219640354361,Desconocido
2025-01-31,0.020099871728604213,247337486.4773305,18299297.582168933,one,Harmony,2259019,0.07398513602929388,9.590461836283005,8.602693664262407,8.332518088836704,Desconocido
2025-02-01,0.019895666782807717,244679937.26056534,17219594.050916757,one,Harmony,2093677,0.07037599503950834,-1.0159514874211406,-1.0744627733607737,-7.319194747808677,Desconocido
2025-02-02,0.017829894423086055,219849014.71015188,12370623.623332024,one,Harmony,1946458,0.05626872442271987,-10.38302652669445,-10.148327986519966,-7.031600385350744,Desconocido
2025-02-03,0.01534332940099591,188961512.47407994,23621247.81449754,one,Harmony,1940109,0.12500560302055,-13.946044564742643,-14.049415812390109,-0.3261822243274759,Desconocido
2025-02-04,0.016057626926407338,197734405.08242118,60354690.55118184,one,Harmony,1908694,0.3052311029333733,4.655427168011306,4.642687547044599,-1.6192389190504253,Desconocido
2025-02-05,0.014827664642012463,182130581.66240558,25863791.604813874,one,Harmony,1733903,0.14200685776513136,-7.659676551409711,-7.891304203490279,-9.15762296104038,Desconocido
2025-02-06,0.014384316416401132,176980635.68151465,13986510.020330003,one,Harmony,1687367,0.0790284765701679,-2.990007100343739,-2.8276118891646607,-2.683887160931153,Desconocido
2025-02-07,0.01344866720299805,165242269.41467175,14694095.04344308,one,Harmony,1628752,0.08892455359934921,-6.504648440131966,-6.63257097119182,-3.4737552648593906,Desconocido
2025-02-08,0.013804519624628248,169513936.14493278,14733029.342393272,one,Harmony,1946976,0.08691338114995262,2.6460051115761773,2.5850932363688184,19.537903867501004,Desconocido
2025-02-09,0.014518383935084743,178649084.82059607,9376319.631433047,one,Harmony,1947095,0.052484565710756284,5.171236159372827,5.389025164192307,0.006112042469963441,Desconocido
2025-02-10,0.014594512213639955,179692596.34147766,12601968.142482294,one,Harmony,1712697,0.07013070320679336,0.5243577997082971,0.5841124358008987,-12.038344302666282,Desconocido
2025-02-11,0.015297206977594267,188315463.2110665,12922165.018332431,one,Harmony,1719401,0.06861977661308193,4.814787597337977,4.798676765292242,0.3914294238852589,Desconocido
2025-02-12,0.015430760583340617,190028512.2444137,18468498.530137986,one,Harmony,1841887,0.09718803937371197,0.8730587612625351,0.9096698721056118,7.123759960590936,Desconocido
2025-02-13,0.016649772236326747,204730359.9675203,19950551.59720097,one,Harmony,2131634,0.09744793884192873,7.899880543167792,7.736653594486476,15.730986754344855,Desconocido
2025-02-14,0.016056941002838446,197630753.482644,12641903.701028416,one,Harmony,2022468,0.06396728989923439,-3.5605966560602664,-3.4677839114836906,-5.121235634259913,Desconocido
2025-02-15,0.016037195923969273,197253960.9113838,13437426.872302549,one,Harmony,2086654,0.06812246917738347,-0.12296911887316186,-0.1906548270551811,3.1736472468291144,Desconocido
2025-02-16,0.015308843556760527,188350393.52277362,10408195.595783101,one,Harmony,1759076,0.055259749667178885,-4.541644129446265,-4.51375848042418,-15.698721493836542,Desconocido
2025-02-17,0.015064950050136028,185380629.76812488,8293166.561968333,one,Harmony,1702312,0.044735885147986994,-1.5931543471602971,-1.5767228828697188,-3.226921406465666,Desconocido
2025-02-18,0.015368042896144013,189031406.83707508,12040901.382085243,one,Harmony,1780230,0.06369788800473361,2.0119074075871213,1.9693411730862254,4.577186790670562,Desconocido
2025-02-19,0.01451801139119255,178708296.11196038,14673966.859046953,one,Harmony,1940241,0.08211127954492803,-5.531163015980023,-5.4610558625383,8.9882206231779,Desconocido
2025-02-20,0.014864294120597836,183208308.4613546,10034012.665271215,one,Harmony,2039175,0.05476832764594712,2.38519395029102,2.518076914893186,5.099057282059283,Desconocido
2025-02-21,0.01609985237218485,198122961.68518156,20830199.190852772,one,Harmony,1938190,0.10513773372695726,8.31225648229652,8.140817056325256,-4.952247845329605,Desconocido
2025-02-22,0.015943958658906167,196440956.22362062,23648867.66202046,one,Harmony,2085190,0.12038664500848552,-0.9682928121006573,-0.8489704813890553,7.5843957506746,Desconocido
2025-02-23,0.01674685462707578,206112152.1873625,13464114.255062437,one,Harmony,1958161,0.06532421360009442,5.035737895125059,4.923207537603602,-6.091962842714571,Desconocido
2025-02-24,0.01629023619026556,200458297.83522335,13881613.082198026,one,Harmony,2116649,0.0692493812035095,-2.7265922286802025,-2.7430960727631515,8.093716502371361,Desconocido
2025-02-25,0.013718365748254142,168823036.33162484,19967316.483605754,one,Harmony,1711584,0.11827364865292006,-15.787803270453937,-15.781467689405748,-19.13708886074167,Desconocido
2025-02-26,0.014308310247990943,176115618.70273215,24338104.618837,one,Harmony,1762123,0.13819390238135326,4.3003992644814915,4.319660710746986,2.952761886065769,Desconocido
2025-02-27,0.014548118620513863,179090798.13725883,14122307.772787549,one,Harmony,1737489,0.07885557448889097,1.6760076372861032,1.6893330963158482,-1.3979727862356905,Desconocido
2025-02-28,0.014533628040768345,178751040.67291078,12248352.736384409,one,Harmony,1720149,0.06852185414012313,-0.0996044926736106,-0.18971240727155836,-0.9979919297330775,Desconocido
2025-03-01,0.014555873618466282,179094117.10499504,19926695.772041406,one,Harmony,1735296,0.11126382091243822,0.15306279777860254,0.19192975369135556,0.8805632535320962,Desconocido
2025-03-02,0.014211145086889154,174841709.31871608,8046892.302394409,one,Harmony,1680058,0.04602387115608588,-2.3683122058698602,-2.3743983638423782,-3.1832033266946946,Desconocido
2025-03-03,0.01603706498069098,197346688.92122856,26784940.197100606,one,Harmony,1888597,0.13572530830649956,12.848506454883601,12.871630968494197,12.412607183799619,Desconocido
2025-03-04,0.013512232259660587,166614486.14308864,25337994.66786405,one,Harmony,1864791,0.1520755803076076,-15.743733183536722,-15.572697442320283,-1.2605124333036621,Desconocido
2025-03-05,0.013227570833345878,162773411.90034902,26538238.42409655,one,Harmony,1599968,0.16303791948738802,-2.106694296282474,-2.3053663169725236,-14.201216114835391,Desconocido
2025-03-06,0.013450449120525457,165478126.09866995,16866060.53594994,one,Harmony,1595839,0.10192320238079797,1.6849525131078291,1.661643733300111,-0.2580676613532229,Desconocido
2025-03-07,0.01331220302457959,163753185.84802797,16446215.29699415,one,Harmony,1581531,0.10043294859775827,-1.0278176937222328,-1.0423977424142694,-0.896581672712593,Desconocido
2025-03-08,0.013065246447233194,160839595.81168526,19556071.507757604,one,Harmony,1621655,0.12158742011919943,-1.8551142653880581,-1.779257008805124,2.537035315779468,Desconocido
2025-03-09,0.012627065243700292,155432400.13316113,12776081.17212596,one,Harmony,1567895,0.08219702688230067,-3.353792102602815,-3.3618560474716674,-3.3151317635378708,Desconocido
2025-03-10,0.011549672851408501,141697470.1864547,15369217.400421886,one,Harmony,1450621,0.10846500915082022,-8.532405364970352,-8.836593872924503,-7.479710057114797,Desconocido
2025-03-11,0.010599100517642812,130653452.03539446,22177728.32067847,one,Harmony,1282069,0.1697446793420387,-8.230296615282617,-7.794082799451408,-11.61929959651763,Desconocido
2025-03-12,0.010782215251779045,132694777.06220794,30096012.111476723,one,Harmony,1419113,0.22680630525018758,1.727644094245795,1.5623965498136716,10.689284274091326,Desconocido
2025-03-13,0.011292799350235179,138787582.67528042,19097666.43493164,one,Harmony,1452422,0.1376035670252591,4.735428541661579,4.591594144068045,2.3471703803713995,Desconocido
2025-03-14,0.01097440915437409,134987035.77414912,11367483.166223751,one,Harmony,1376836,0.0842116659650415,-2.8194089524353205,-2.7383911643042214,-5.204134886417311,Desconocido
2025-03-15,0.011205919247253074,137876981.10931906,12954208.191526903,one,Harmony,1622325,0.09395482906066713,2.109544938797092,2.1409058422507954,17.829937625105675,Desconocido
2025-03-16,0.011421965547364979,140546057.73617208,7874583.394240855,one,Harmony,1473540,0.056028490027253096,1.9279658843237124,1.9358391845965883,-9.171097036660347,Desconocido
2025-03-17,0.01091616158521762,134149605.12429559,13615963.353037015,one,Harmony,1349865,0.10149834835832142,-4.428344316482791,-4.551143386663803,-8.393053463088885,Desconocido
2025-03-18,0.011489813239289878,141394918.29361248,16331849.07096767,one,Harmony,1515943,0.11550520533597891,5.255067448333506,5.400920235735152,12.303304404514526,Desconocido
2025-03-19,0.011423502206861502,140592134.27628624,12044743.763160128,one,Harmony,1647055,0.08567153365415352,-0.577128897114032,-0.5677601621150385,8.648874001199246,Desconocido
2025-03-20,0.012275672922039144,151123322.07679272,13757676.46468845,one,Harmony,1725500,0.09103609076101134,7.459802604719479,7.490595298746228,4.762743199225294,Desconocido
2025-03-21,0.011764050323328522,144758006.5214683,7525354.6871525785,one,Harmony,1547153,0.05198575794173106,-4.167776397757228,-4.212000813540806,-10.33596059113301,Desconocido
2025-03-22,0.01158005420993163,142484046.6108174,8144734.558986192,one,Harmony,1421409,0.05716243153335485,-1.5640541169058109,-1.5708698712382896,-8.127444409182537,Desconocido
2025-03-23,0.011993328293777248,147546059.66621912,7308335.26144931,one,Harmony,1532659,0.04953256818909522,3.5688441207051724,3.55268759963574,7.826740931005793,Desconocido
2025-03-24,0.011834213622803624,145678430.10232547,12856125.500209605,one,Harmony,1559382,0.08825002775757111,-1.3266932003869303,-1.2657942666301158,1.7435711400905163,Desconocido
2025-03-25,0.012770857014234176,156812991.02469176,21214942.59592818,one,Harmony,1587775,0.13528817005083257,7.914707485301031,7.64324609658773,1.8207854137087587,Desconocido
2025-03-26,0.012711458187939718,156253290.50599128,10673564.980853138,one,Harmony,1677574,0.06830937733400166,-0.4651122961305876,-0.3569222900750346,5.655650202327145,Desconocido
2025-03-27,0.012787513789628668,185202222.0701338,15671319.334550116,one,Harmony,1591492,0.08461733968081431,0.5983231865649419,18.5269260381,-5.13133846852657,Desconocido
2025-03-28,0.012816249705102777,185553893.77418962,13983382.564997317,one,Harmony,1637379,0.07536022166160758,0.2247185492571191,0.18988525090299913,2.8832692844199093,Desconocido
2025-03-29,0.011709188009629468,169606542.20898542,12195623.191522582,one,Harmony,1435343,0.0719053819073524,-8.637953542934895,-8.594458052500576,-12.338988102326953,Desconocido
2025-03-30,0.010862898839348059,157307336.34421277,10338948.226121023,one,Harmony,1410295,0.06572451397624461,-7.227564965097777,-7.251610524326257,-1.7450881078599378,Desconocido
2025-03-31,0.01079749202412065,156427931.31521484,8295271.207347632,one,Harmony,1463486,0.05302934800455805,-0.6021119794514584,-0.5590362467734256,3.7716222492457208,Desconocido
2025-04-01,0.010676867039094765,154851708.53100088,10339437.887000158,one,Harmony,1609537,0.06676993095578426,-1.117157435786198,-1.0076351268992645,9.979664991670578,Desconocido
2025-04-02,0.01097289025999185,159400089.2862647,9966533.200426714,one,Harmony,1613436,0.06252526736373365,2.7725663325501415,2.937249319630997,0.24224357687956388,Desconocido
2025-04-03,0.010297202587971344,149384119.62789395,19409120.61584519,one,Harmony,1560577,0.12992760317624147,-6.157791210982255,-6.283540808050104,-3.2761758136052532,Desconocido
2025-04-04,0.010597021317751145,154280461.46705946,12318673.42379967,one,Harmony,1545930,0.07984597211248191,2.9116522397066635,3.277685641125694,-0.9385631083887569,Desconocido
2025-04-05,0.010612002580479703,154040767.612096,14085243.000033136,one,Harmony,1517709,0.09143841087251954,0.1413723939902134,-0.15536241769320558,-1.8255030952242346,Desconocido
2025-04-06,0.010406824288079517,150606198.94099694,7591810.353723389,one,Harmony,1313403,0.05040835242576991,-1.9334549802843215,-2.2296491534941953,-13.461473839846771,Desconocido
2025-04-07,0.009221817050749318,133756761.82054658,16989686.045475505,one,Harmony,1159175,0.12701926851570725,-11.386828532192705,-11.187744753488849,-11.742625835330056,Desconocido
2025-04-08,0.009568873359942855,138744789.34726596,34727787.90404037,one,Harmony,1258971,0.2502997630932271,3.763426527371161,3.7291778440416534,8.609226389458025,Desconocido
2025-04-09,0.009113372730152518,132198534.96350323,14496010.811352823,one,Harmony,1221965,0.10965333931540781,-4.760232606872517,-4.718198365906224,-2.93938462442741,Desconocido
2025-04-10,0.010601059498696407,154031759.36370733,18573740.280650083,one,Harmony,1536401,0.12058383516085704,16.324217307843945,16.51548136008596,25.731997233963334,Desconocido
2025-04-11,0.0102291270821652,148548059.61051953,13104907.269093081,one,Harmony,1524442,0.08821998283554186,-3.508445703723695,-3.5601097954347405,-0.778377519931317,Desconocido
2025-04-12,0.0105541291860537,153345554.12397927,11449733.411835996,one,Harmony,1545479,0.07466622346663492,3.177222272027036,3.2295908314375676,1.3799803469072724,Desconocido
2025-04-13,0.010991393773471516,159617471.98725894,11807461.931211287,one,Harmony,1344183,0.07397349290279318,4.143066469146683,4.0900552344731445,-13.024829195349795,Desconocido
2025-04-14,0.010462672646836216,152104111.68364763,12558008.607403923,one,Harmony,1589142,0.08256192727730191,-4.81031921457864,-4.707103934217827,18.223634728307083,Desconocido
2025-04-15,0.010619308538992286,154190730.87851766,11584031.293867705,one,Harmony,1354541,0.07512793556309441,1.497092544546308,1.371836153390693,-14.76274618630683,Desconocido
2025-04-16,0.010144067949651066,147347706.62932497,10330641.09185098,one,Harmony,1336781,0.07011063373954805,-4.475249848859908,-4.4380256907817,-1.3111452514172672,Desconocido
2025-04-17,0.010147527473257145,147265000.38959423,10196353.083424443,one,Harmony,1387272,0.06923812892710195,0.0341039080500094,-0.056129980997132733,3.77705847105847,Desconocido
2025-04-18,0.010704104055807843,155637896.1922648,8927538.433335882,one,Harmony,1359679,0.05736095547261439,5.484849230687017,5.685597922466168,-1.989011527660045,Desconocido
2025-04-19,0.01090277774240293,158231600.43341953,12931874.642349975,one,Harmony,1399331,0.08172750959307544,1.856051525277258,1.6664991654414596,2.9162765623356623,Desconocido
2025-04-20,0.011311545251393133,164350242.14351198,6823826.803156041,one,Harmony,1580614,0.04152002889778172,3.7492051901638845,3.8668898584938827,12.954976342266411,Desconocido
2025-04-21,0.011259419642712125,163484983.3315996,10105011.941919366,one,Harmony,1625296,0.06181003133127637,-0.4608177532118174,-0.5264724898651707,2.8268761380071394,Desconocido
2025-04-22,0.011578507634657252,168110890.79887938,10796425.18797401,one,Harmony,1438073,0.06422204496489396,2.8339648229708025,2.8295610844556673,-11.519317096701155,Desconocido
2025-04-23,0.012695116269084197,184486171.49637017,16541610.55688276,one,Harmony,1520888,0.08966314614647539,9.643804449242378,9.740761362737317,5.758747991235502,Desconocido
2025-04-24,0.013269185637210692,192657271.99810654,21208006.795958865,one,Harmony,1603826,0.1100815275541081,4.521970149454235,4.4291127272361175,5.453261515640873,Desconocido
2025-04-25,0.013533266769164718,196413173.5560897,14188146.657792706,one,Harmony,1662086,0.07223622734114114,1.9901834157287412,1.9495249356692224,3.6325636322144694,Desconocido
2025-04-26,0.013510067143500133,196425956.14294332,16468857.318358283,one,Harmony,1648379,0.08384257173412228,-0.171426648571249,0.006508008919259289,-0.8246865685650473,Desconocido
2025-04-27,0.013610343167586818,197691099.86188093,11402884.510021817,one,Harmony,1705991,0.05768031296294354,0.7422318706604702,0.6440817414257172,3.4950700051383787,Desconocido
2025-04-28,0.01272581631931648,184979145.40536574,10111508.325267231,one,Harmony,1558756,0.05466296377955871,-6.49893127145279,-6.430210801293812,-8.63046756987581,Desconocido
2025-04-29,0.013655189142132715,198297044.57275864,15819501.990000127,one,Harmony,1680144,0.07977679155069643,7.303050739507699,7.199676016562773,7.787492077015257,Desconocido
2025-04-30,0.013468601808898915,195579529.0405088,22354586.66516081,one,Harmony,1685660,0.11429921513171598,-1.3664207159027164,-1.3704266435764945,0.328305192888223,Desconocido
2025-05-01,0.013420561678203356,195376552.89472985,9912558.098532801,one,Harmony,1598746,0.05073565866357439,-0.35668238899021487,-0.10378189720301467,-5.15608129753331,Desconocido
2025-05-02,0.01335549969781171,194448837.94784936,8093969.043329722,one,Harmony,1782391,0.04162518598080027,-0.48479327431812935,-0.47483433049427815,11.486815291484698,Desconocido
2025-05-03,0.013690850539162086,199411421.32548615,7080383.495830868,one,Harmony,1582877,0.03550640905504617,2.5109569011882327,2.5521280713272976,-11.193615766686438,Desconocido
2025-05-04,0.01265259192856117,184162935.67767245,7525721.407186817,one,Harmony,1564577,0.04086447351359865,-7.583594661493254,-7.6467463831595754,-1.1561226804104208,Desconocido
2025-05-05,0.01203575238665723,175199514.40822735,6516575.594839261,one,Harmony,1644729,0.03719516927230275,-4.8752030049394435,-4.867114675633289,5.12291820728541,Desconocido
2025-05-06,0.01221044306431482,177879872.00106528,8440328.85486142,one,Harmony,1485544,0.04744960045176372,1.4514313027181425,1.5298887111025339,-9.678494147060091,Desconocido
2025-05-07,0.012086248248327788,176153569.5575674,9063358.728303794,one,Harmony,1687308,0.05145146221599482,-1.0171196518658165,-0.9704877927321442,13.58182591697048,Desconocido
2025-05-08,0.012014212657297184,175047955.92818692,11596164.414604498,one,Harmony,1443695,0.06624564310457759,-0.5960128366598094,-0.6276419104973896,-14.43796864591408,Desconocido
2025-05-09,0.013949827793220433,203257027.04774565,19818010.1970247,one,Harmony,1626757,0.09750221424014724,16.11104440329345,16.11505314071273,12.680102099127577,Desconocido
2025-05-10,0.014935693385017212,217926651.30392784,24321171.48047764,one,Harmony,1739751,0.1116025568004462,7.06722410061511,7.217277783334031,6.945966730126263,Desconocido
2025-05-11,0.016403593901685654,239036308.20237085,25460031.08823374,one,Harmony,1785413,0.10651114585772044,9.828137729052266,9.686588020389841,2.6246284669472875,Desconocido
2025-05-12,0.015958860262699992,233110860.4627925,18443253.320118494,one,Harmony,1809568,0.07911794964637556,-2.7111963491120106,-2.478890250665111,1.3529082626820843,Desconocido
2025-05-13,0.015910555976581857,231887023.1130273,25014199.9183471,one,Harmony,1966726,0.10787235776516299,-0.3026800493455939,-0.5250022874676463,8.684835275601689,Desconocido
2025-05-14,0.016609321727051922,242086764.04269257,18962011.901295573,one,Harmony,1879487,0.07832733844941468,4.391837415980637,4.398582030480269,-4.435747531684642,Desconocido
2025-05-15,0.015637629748389125,227926982.37929478,14514246.508233162,one,Harmony,1783369,0.06367936940471536,-5.850280912315542,-5.849052392183108,-5.114055058640998,Desconocido
2025-05-16,0.01473518627289634,215245586.1925982,17013863.084251817,one,Harmony,1783308,0.07904395804440838,-5.770973542750291,-5.5637976927160775,-0.0034204923378133856,Desconocido
2025-05-17,0.014354866920704258,209320673.8103668,11227493.090513522,one,Harmony,1634218,0.05363776489982553,-2.5810284657998173,-2.7526289793138314,-8.360305679108714,Desconocido
2025-05-18,0.013730487604826145,200126444.22634283,12815858.915847111,one,Harmony,1695022,0.06403880789163668,-4.349600169246859,-4.392413523545913,3.720678636509933,Desconocido
2025-05-19,0.014286671629045554,208186518.6526557,15021457.89485508,one,Harmony,1719295,0.07215384546545642,4.050723034948267,4.027490948271151,1.4320168115812049,Desconocido
2025-05-20,0.0140311665342154,204577135.85345185,20714981.765537784,one,Harmony,1613597,0.10125756076855476,-1.788415814854305,-1.7337255181378186,-6.147752421777531,Desconocido
2025-05-21,0.01440290322998956,210124176.8472762,14143737.016815403,one,Harmony,1625020,0.06731132623113353,2.64936414850232,2.711466738784507,0.7079214946482892,Desconocido
2025-05-22,0.014751340133601128,215102723.02536336,16729028.491854576,one,Harmony,1655924,0.07777227668978422,2.4192129742707458,2.3693352439427606,1.9017612090928004,Desconocido
2025-05-23,0.01573561976611507,229470842.88024113,17533591.360207617,one,Harmony,1976935,0.07640879834724035,6.672476016412321,6.679655028441256,19.385611900063047,Desconocido
2025-05-24,0.014212955788012412,207411247.53916615,16802519.17747682,one,Harmony,1836617,0.08101064612855166,-9.676542778324803,-9.61324544076726,-7.097754857898719,Desconocido
2025-05-25,0.013944202894644493,203355820.78792375,13266557.875064619,one,Harmony,1655574,0.0652381516479928,-1.8909007906335096,-1.9552588393146775,-9.857417196944162,Desconocido
2025-05-26,0.014170533500721443,206675605.54078114,10301424.858178683,one,Harmony,1751750,0.04984344829291433,1.6231161278058792,1.6325004811736044,5.809223870391778,Desconocido
2025-05-27,0.013918866607377888,202967022.46144226,13134751.604417665,one,Harmony,1656803,0.06471372267833746,-1.7759874272252452,-1.794398071139125,-5.42012273440845,Desconocido
2025-05-28,0.014277683777101669,207607367.8097814,13653151.148354428,one,Harmony,1684909,0.06576429002685502,2.57791945167134,2.286255812429161,1.6963996323039021,Desconocido
2025-05-29,0.014079360672586975,205366249.60902256,13897187.970467657,one,Harmony,1585257,0.06767026226035291,-1.3890425618808155,-1.079498393723799,-5.914384693772778,Desconocido
2025-05-30,0.013192822006853865,192462117.49936828,19792268.56683528,one,Harmony,1616121,0.10283721713131544,-6.296725301307415,-6.283472641790578,1.9469398337304211,Desconocido
2025-05-31,0.011726745282087739,171091612.02297518,18533962.40826383,one,Harmony,1486511,0.10832770928463156,-11.112684791809347,-11.10374641724663,-8.01982029810887,Desconocido
2025-06-01,0.012003478295216802,175130972.73700026,12191665.4024367,one,Harmony,1567590,0.0696145588179043,2.359845007904826,2.3609343943072236,5.454315507924257,Desconocido
2025-06-02,0.012262771263917017,178967660.03783497,7671134.04267322,one,Harmony,1472756,0.042863241554655686,2.1601486029556805,2.1907531494137267,-6.049668599570046,Desconocido
2025-06-03,0.012471731265375713,181945496.5117128,9885351.109193545,one,Harmony,1540603,0.05433138658948435,1.704019401173662,1.6638964119261912,4.606805200589914,Desconocido
2025-06-04,0.012271654671740535,179041690.07687327,10630116.240908414,one,Harmony,1738518,0.05937229611910093,-1.6042407375360557,-1.5959759875961432,12.846593184616673,Desconocido
2025-06-05,0.011800291947928242,172496651.93518057,8431726.09982889,one,Harmony,1455909,0.04888052031872072,-3.8410690034959893,-3.655594481309088,-16.255741959531044,Desconocido
2025-06-06,0.010989206147079005,160679636.54027542,11719687.627686135,one,Harmony,1387239,0.0729382259011304,-6.873438423628475,-6.850576670523234,-4.716640943905148,Desconocido
2025-06-07,0.011199068280759833,163713289.06620863,9275457.54367638,one,Harmony,1497419,0.05665671734153002,1.9097115011952992,1.8880130620489766,7.9423949297849905,Desconocido
2025-06-08,0.011715856326160208,171254293.8788986,8550556.13992336,one,Harmony,1495026,0.04992900292456219,4.614562858664106,4.606226443621342,-0.15980831016568775,Desconocido
2025-06-09,0.011713162711765817,171158805.1499436,8276469.655873915,one,Harmony,1503308,0.04835550031225865,-0.022991186639742534,-0.055758443652531575,0.5539702988442974,Desconocido
2025-06-10,0.012552716896336432,183607028.9390105,11268736.600029457,one,Harmony,1539532,0.0613742113531647,7.167613096736769,7.272908792604427,2.409619319527345,Desconocido
2025-06-11,0.012857736414272871,187943136.42397267,15045692.082779761,one,Harmony,1568390,0.0800544907840574,2.42990836529946,2.361623904062249,1.8744657467334225,Desconocido
2025-06-12,0.012041748810958477,175968550.7564136,15432208.28584004,one,Harmony,1620907,0.08769867240199213,-6.346277268591372,-6.371387588502364,3.3484656239838317,Desconocido
2025-06-13,0.010925976956206987,160012590.80324072,14943096.826189276,one,Harmony,1488874,0.09338700630479783,-9.265862228716248,-9.067506599665132,-8.14562464101889,Desconocido
2025-06-14,0.0107122261783032,156654401.24681246,12023804.597969988,one,Harmony,1437643,0.07675369796362261,-1.9563539147165798,-2.098703320514106,-3.4409224689261775,Desconocido
2025-06-15,0.010462450923316886,152975845.9294213,6589241.70494221,one,Harmony,1375939,0.04307373928811152,-2.3316839173188386,-2.3481978725867436,-4.292025210709472,Desconocido
2025-06-16,0.010464620932957528,153144607.0596817,6358827.353244691,one,Harmony,1352373,0.04152171908193022,0.020740930175411343,0.11031880832890195,-1.712721276161222,Desconocido
2025-06-17,0.01097569498305179,160656198.9003512,10672729.84596276,one,Harmony,1477687,0.06643210731372176,4.883827645248706,4.904901311831478,9.266230544383824,Desconocido
2025-06-18,0.010160415915760782,148648663.14652246,13269912.218519362,one,Harmony,1376165,0.08927030985431235,-7.428040489007104,-7.474056921561145,-6.870331809104369,Desconocido
2025-06-19,0.010056320173736652,147124764.12002462,11995010.418615166,one,Harmony,1286342,0.08152951333760249,-1.0245224495451732,-1.0251683360217867,-6.527051625350156,Desconocido
2025-06-20,0.009684181264916498,141665121.50365916,8328304.507093333,one,Harmony,1364421,0.05878867302477283,-3.700547540163268,-3.7108930294776687,6.06984767658989,Desconocido
2025-06-21,0.009401359984233144,137552956.76240477,8492663.691900212,one,Harmony,1283673,0.061741047897426085,-2.920445961786655,-2.9027361834777166,-5.918114716791956,Desconocido
2025-06-22,0.008797802011263059,128470094.33856477,7434137.828982622,one,Harmony,1301123,0.05786667992467572,-6.419900673756795,-6.6031749790219525,1.3593804652742625,Desconocido
2025-06-23,0.008578882872282435,125660821.49615245,11023269.316686118,one,Harmony,1279215,0.08772240373284233,-2.48833900445089,-2.1867134580043857,-1.6837762455970684,Desconocido
2025-06-24,0.009961053492925268,145756971.72704533,10054373.840003544,one,Harmony,1353594,0.06898039744426131,16.111312407685354,15.992375341512632,5.814425252987188,Desconocido
2025-06-25,0.010114596248019001,148029475.2359873,9580447.168458115,one,Harmony,1396245,0.06471986172473455,1.541430885827344,1.5591045025260541,3.150944818017809,Desconocido
2025-06-26,0.009730156457573127,142405880.9683877,7385289.6331770355,one,Harmony,1370832,0.0518608471992563,-3.8008416848192894,-3.798969265164609,-1.8200960433161772,Desconocido
2025-06-27,0.009429870318809526,138184811.25726983,6708746.529364002,one,Harmony,1348385,0.04854908776387722,-3.086138851651088,-2.9641119330281684,-1.6374727172986936,Desconocido
2025-06-28,0.00957204124904754,140111126.43476248,5843630.342981376,one,Harmony,1479924,0.04170711128856882,1.5076658048460034,1.3940136835344896,9.75529985871988,Desconocido
2025-06-29,0.009954770190082354,145715595.22519562,4743284.445915133,one,Harmony,1363043,0.03255165954326743,3.998404635718611,4.000016938728024,-7.897770426048901,Desconocido
2025-06-30,0.010448037012737749,152985904.0453149,5937677.697793275,one,Harmony,1408104,0.03881192672518715,4.955079959021269,4.989382782867824,3.3059118457744896,Desconocido
2024-08-31,0.5362820434965285,153624837.44264123,6109980.035324272,kda,Kadena,293322,0.039772084625349396,,,,Desconocido
2024-09-01,0.5224414788909121,149687593.7755555,3410942.551781601,kda,Kadena,284637,0.022787075840740915,-2.580836851328594,-2.562895253546338,-2.9609098533352474,Desconocido
2024-09-02,0.5061961226871707,146073706.01432654,6019343.244457109,kda,Kadena,278065,0.041207575330954815,-3.109507353479768,-2.4142867622334085,-2.3089057290513915,Desconocido
2024-09-03,0.5395670765059852,155761508.65817067,7321953.009184896,kda,Kadena,294323,0.04700746077937281,6.592494948729133,6.632133125241557,5.8468343732580585,Desconocido
2024-09-04,0.509320890638106,147615077.82997406,10598309.19281504,kda,Kadena,284809,0.07179692852936324,-5.605639629411985,-5.230066720831861,-3.2325030663590715,Desconocido
2024-09-05,0.519201162432772,149934454.01656905,5935666.733913383,kda,Kadena,286787,0.039588410634806066,1.939891329076926,1.5712325737256227,0.6945005249131775,Desconocido
2024-09-06,0.5059061738065237,146297254.57381222,5392811.235775513,kda,Kadena,276760,0.036862012561244925,-2.560662338264663,-2.4258596642202646,-3.4963230550896673,Desconocido
2024-09-07,0.4844605476813916,140004879.70611736,6161752.093136803,kda,Kadena,265814,0.044010980946313207,-4.239052068444149,-4.3010888249581765,-3.9550513079924854,Desconocido
2024-09-08,0.48243884301489787,139329256.42379612,2976877.7297833017,kda,Kadena,266427,0.02136577633579389,-0.41731048610036403,-0.4825712387592773,0.23061238309494136,Desconocido
2024-09-09,0.502963201147993,145777300.13987347,4615047.997471537,kda,Kadena,278602,0.031658207368660235,4.254292213461208,4.627917984765828,4.569732046676944,Desconocido
2024-09-10,0.5301697232201842,153217928.4104676,5547894.88640247,kda,Kadena,290156,0.03620917567518454,5.4092470403587,5.104106238388839,4.147134622149151,Desconocido
2024-09-11,0.5368873365291793,155131755.82937413,4494785.151931472,kda,Kadena,291625,0.028973984906579563,1.2670684527575693,1.2490884315962347,0.506279380746899,Desconocido
2024-09-12,0.5288056759476476,152817073.36175296,3996734.0491558486,kda,Kadena,291320,0.02615371411867485,-1.5052805368398703,-1.4920752074559451,-0.10458636948135203,Desconocido
2024-09-13,0.5316580102442654,153785213.50229627,3628628.198063258,kda,Kadena,531532,0.023595429725817407,0.5393917702388951,0.6335287800280698,82.45640532747494,Desconocido
2024-09-14,0.5382033289562751,155695166.75170565,3556849.792077793,kda,Kadena,544684,0.022844959585354804,1.2311144731934842,1.2419615682887963,2.474357141244554,Desconocido
2024-09-15,0.5363125501697191,155030654.06616598,3300738.0621460257,kda,Kadena,535026,0.021290873614822615,-0.35131309763963836,-0.4268036698913069,-1.7731381865448537,Desconocido
2024-09-16,0.5172959198568403,149700616.89676195,3110766.5285149543,kda,Kadena,510786,0.020779917898803534,-3.5458111705312323,-3.438053720091516,-4.530620941786012,Desconocido
2024-09-17,0.5048912218142455,146332871.70504773,5653128.971967434,kda,Kadena,496138,0.038631982726082384,-2.3979887655073306,-2.249653516148653,-2.8677371736891777,Desconocido
2024-09-18,0.520026047360291,150531581.67871237,4918977.9714122005,kda,Kadena,515801,0.03267738182616747,2.9976408565118184,2.8692869378847963,3.963211848316406,Desconocido
2024-09-19,0.6832867325248502,198048201.38824683,98223375.11103399,kda,Kadena,666829,0.4959569156524693,31.394713013566957,31.565880846819063,29.280284450786255,Desconocido
2024-09-20,0.6447301364979184,186200228.43844926,79234193.66862077,kda,Kadena,633168,0.42553220440764705,-5.642813505899513,-5.9823683662600935,-5.047920831277586,Desconocido
2024-09-21,0.6186420042080344,179040203.40292215,30550392.545186162,kda,Kadena,608753,0.170634259593829,-4.046364643599731,-3.8453363325995804,-3.8560066206757115,Desconocido
2024-09-22,0.6550227135682789,190021413.20876196,22999770.182985876,kda,Kadena,635817,0.12103778092481499,5.880737019597948,6.133376525007117,4.445809712642079,Desconocido
2024-09-23,0.6286415584308233,181955100.5254031,30071643.964946944,kda,Kadena,615924,0.16526958506858994,-4.027517609846321,-4.244949317631386,-3.12873043658789,Desconocido
2024-09-24,0.6416774161017859,185929304.75248906,17505335.856080282,kda,Kadena,631322,0.0941504938093732,2.0736550894761008,2.1841675312262554,2.499983764230662,Desconocido
2024-09-25,0.6464367982178783,187348775.467513,19898629.780039046,kda,Kadena,641061,0.10621168849587462,0.7417094628334953,0.7634464706429922,1.542635929050462,Desconocido
2024-09-26,0.6351025625680693,183874358.82359257,24075763.90022892,kda,Kadena,574772,0.13093595025572324,-1.7533401070384036,-1.854517935999478,-10.340513617268876,Desconocido
2024-09-27,0.6390973214725046,185365219.6130126,23024279.801734168,kda,Kadena,567950,0.1242103553719625,0.6289942979103014,0.8108040723885601,-1.1869054164085902,Desconocido
2024-09-28,0.6441285285250155,186539608.32433325,18300198.07020916,kda,Kadena,554870,0.0981035514902064,0.7872364479511118,0.6335539718683059,-2.3030196320098617,Desconocido
2024-09-29,0.622001321387436,180101557.42666152,9447507.326347534,kda,Kadena,533265,0.05245655540871498,-3.435216134309149,-3.4513050367716014,-3.89370483176239,Desconocido
2024-09-30,0.6289349002488503,182540186.73745885,11612652.405785875,kda,Kadena,543771,0.06361696354834974,1.114720921484258,1.3540301070357863,1.9701274225760068,Desconocido
2024-10-01,0.5993456187848386,173914565.71482372,10937673.631041052,kda,Kadena,527192,0.06289107290171482,-4.704665212934467,-4.725327160446624,-3.048893743873804,Desconocido
2024-10-02,0.5632068058842024,164684442.43867078,20639711.8803926,kda,Kadena,488744,0.12532885058695767,-6.029711700221818,-5.307274429956621,-7.292978649144899,Desconocido
2024-10-03,0.5442142857687687,159079210.8569706,9002423.601435708,kda,Kadena,469539,0.056590823860258266,-3.3722106901063587,-3.403619369684896,-3.9294600036010707,Desconocido
2024-10-04,0.5248496433344696,153727298.80113274,13284446.655616257,kda,Kadena,441193,0.08641566435641014,-3.558275286166779,-3.364306389883853,-6.036985213155887,Desconocido
2024-10-05,0.5373779473959142,157121049.88946873,7357221.098674693,kda,Kadena,452804,0.04682517780940453,2.3870272601977716,2.2076437397929416,2.631728064588512,Desconocido
2024-10-06,0.5290500032801365,154634425.88455865,7638819.330914972,kda,Kadena,447012,0.04939921551891482,-1.5497368576686377,-1.5826167191852147,-1.2791406436338915,Desconocido
2024-10-07,0.5391973707256364,157785233.1585279,7328787.666267655,kda,Kadena,453821,0.0464478678996809,1.9180356077092453,2.037584616714949,1.5232253272842833,Desconocido
2024-10-08,0.5324223338808538,155841059.81749234,10988749.91204461,kda,Kadena,454822,0.07051254608325747,-1.2565040581828169,-1.2321643173555108,0.22057154693149172,Desconocido
2024-10-09,0.5241956973711244,153528532.21028236,7436498.429807894,kda,Kadena,442476,0.04843724044480798,-1.5451336253618497,-1.4839013607313878,-2.7144685173540406,Desconocido
2024-10-10,0.5029502465378286,147214255.35421506,7521333.061394256,kda,Kadena,424428,0.051091064810924944,-4.052961697290359,-4.112770939162546,-4.078865294388844,Desconocido
2024-10-11,0.5036143237059948,147079648.78754675,6885931.0355713265,kda,Kadena,422743,0.04681770110505158,0.13203635404048786,-0.09143582348355439,-0.397004910137877,Desconocido
2024-10-12,0.5304964409398901,154863706.51874903,7032240.820640724,kda,Kadena,450646,0.045409224528597636,5.337838097231895,5.292409789777364,6.600464111765314,Desconocido
2024-10-13,0.5621691513551031,164539508.10587135,17867782.34185715,kda,Kadena,467115,0.10859265684907907,5.9703907455246785,6.247946536105209,3.654531494787472,Desconocido
2024-10-14,0.556511194254021,163594601.65938672,9209330.541051129,kda,Kadena,471248,0.056293609004443065,-1.0064510098862112,-0.5742732899606251,0.8847928240369063,Desconocido
2024-10-15,0.5975649859843851,175145084.00801387,21957305.449504565,kda,Kadena,502011,0.12536638167075187,7.3769929795203915,7.060430008977869,6.527985264658942,Desconocido
2024-10-16,0.5971374506405115,174999572.55667573,13899064.751004914,kda,Kadena,502026,0.07942342114294898,-0.07154625085158406,-0.08308052273479083,0.0029879823350453805,Desconocido
2024-10-17,0.581441141186717,170365975.99734682,8476970.628512645,kda,Kadena,493310,0.04975741534591778,-2.628592367964544,-2.6477759297544923,-1.7361650591802058,Desconocido
2024-10-18,0.5676652718509001,166410567.23665166,8870708.05179003,kda,Kadena,478587,0.0533061583713914,-2.369262915881809,-2.32171285231082,-2.984533052238958,Desconocido
2024-10-19,0.5973623166486558,175145024.2622459,7483250.51653918,kda,Kadena,500445,0.042726024036711746,5.231435895475345,5.248739410384329,4.567194679337305,Desconocido
2024-10-20,0.590403928494179,173136964.0911964,4005432.76170795,kda,Kadena,496364,0.023134474967449293,-1.164852211219991,-1.146512828159374,-0.8154742279371407,Desconocido
2024-10-21,0.6055787660360542,177624240.6398646,10198532.371687302,kda,Kadena,515797,0.057416331999217134,2.5702467089909975,2.591749585203895,3.91507039188983,Desconocido
2024-10-22,0.598931641199016,175703545.42469287,10608146.045807982,kda,Kadena,637378,0.06037525321510754,-1.0976482680442046,-1.0813249409273862,23.57148257938686,Desconocido
2024-10-23,0.5736416410788547,168320777.18153688,9717632.091816295,kda,Kadena,616172,0.0577328138244969,-4.222518628258243,-4.201832254045357,-3.3270680820486453,Desconocido
2024-10-24,0.5597985321676301,164144996.27170888,8648217.339388525,kda,Kadena,598932,0.05268645122190108,-2.4131980525663677,-2.4808469754891593,-2.797920061281589,Desconocido
2024-10-25,0.569432131878644,166860406.28196368,8185782.387779666,kda,Kadena,614527,0.04905766784450462,1.7209047822456913,1.6542752273483785,2.6038014332177895,Desconocido
2024-10-26,0.5235187149721542,153231329.3054139,11699386.585733326,kda,Kadena,591928,0.07635113940971318,-8.063018283674028,-8.167951451298228,-3.6774625036816944,Desconocido
2024-10-27,0.5316305825409523,155996390.42340165,8587873.45656172,kda,Kadena,571242,0.0550517446798142,1.5494895095067518,1.8045011620805962,-3.4946817856225776,Desconocido
2024-10-28,0.539657931664993,158502848.58083665,8015683.454126595,kda,Kadena,587582,0.05057122648517314,1.5099487101877473,1.606741124350397,2.8604339316786964,Desconocido
2024-10-29,0.5422184778038629,159109387.70102707,9492715.151741263,kda,Kadena,711752,0.059661565473298504,0.4744757722674242,0.382667646431023,21.132369609688517,Desconocido
2024-10-30,0.5640212316607225,165456544.1871012,9656584.793027451,kda,Kadena,733851,0.05836326898081235,4.021027454683379,3.989177871767491,3.104873607661096,Desconocido
2024-10-31,0.5626380998468322,165360184.86173075,7328062.210029062,kda,Kadena,728896,0.044315759662197814,-0.2452269056995804,-0.05823844916128529,-0.6752051847037088,Desconocido
2024-11-01,0.532309780821353,156543077.64917383,7066111.211392751,kda,Kadena,689130,0.04513844570775911,-5.390377763918853,-5.332061777706365,-5.455647993678115,Desconocido
2024-11-02,0.5128465279912636,151683048.18770814,9034737.468024308,kda,Kadena,675378,0.05956326416148888,-3.6563770817920505,-3.1045955748726373,-1.9955596186496005,Desconocido
2024-11-03,0.50706918453283,150004989.2996872,4489322.951297385,kda,Kadena,664529,0.029927824216089232,-1.1265248262599226,-1.106292962905342,-1.6063596978284744,Desconocido
2024-11-04,0.4936327830882849,146146131.3780094,11570959.388423922,kda,Kadena,643760,0.07917390135011813,-2.64981620938457,-2.572486381748529,-3.125371503726704,Desconocido
2024-11-05,0.46996949726386256,139134182.75656012,11149153.33478166,kda,Kadena,615157,0.08013238094256878,-4.793702248942855,-4.7979023155342855,-4.443115446750346,Desconocido
2024-11-06,0.4927338114108953,146518429.91691095,10373665.80854321,kda,Kadena,647404,0.07080109863602829,4.84378545406996,5.307284675880752,5.2420764130132635,Desconocido
2024-11-07,0.5490994009210441,162778485.0092981,13466572.438036682,kda,Kadena,725473,0.08272943710753579,11.439358981424785,11.097617618212286,12.058776281888894,Desconocido
2024-11-08,0.5442013898936088,161266510.45034608,11228542.745212236,kda,Kadena,710022,0.06962724445302301,-0.892008080726292,-0.9288540551692925,-2.1297829140436653,Desconocido
2024-11-09,0.54476982223629,161463664.87368506,20270065.794920906,kda,Kadena,712601,0.12553948785182362,0.10445257091171722,0.12225379143406823,0.3632281816619676,Desconocido
2024-11-10,0.5799520983085812,173663371.35440788,13544985.58855938,kda,Kadena,756562,0.07799563882079147,6.458191081118869,7.555697741821232,6.1690904166567195,Desconocido
2024-11-11,0.6081495675593191,180181228.55344138,24616636.13330113,kda,Kadena,794101,0.13662153561129642,4.862034180577202,3.7531559753795296,4.961787665782835,Desconocido
2024-11-12,0.637476133979837,188920754.9960114,25918101.23352288,kda,Kadena,813959,0.1371903327089185,4.822262151433221,4.850408953659624,2.5006894588975426,Desconocido
2024-11-13,0.6267333400485341,185774573.71444982,35795908.58238183,kda,Kadena,819090,0.19268464928576806,-1.6852072350119873,-1.6653444358868952,0.6303757314557679,Desconocido
2024-11-14,0.6181768202584514,183429032.04939413,29562226.29419568,kda,Kadena,800839,0.16116438038137337,-1.3652568394430742,-1.2625741069716923,-2.228204470815176,Desconocido
2024-11-15,0.5890102032718737,174113014.84393823,28295163.467725087,kda,Kadena,771046,0.16251032981702565,-4.718167364215242,-5.078812825522228,-3.7202234156927916,Desconocido
2024-11-16,0.6503856526127219,193047183.04373318,40842074.1000645,kda,Kadena,848802,0.21156524252836198,10.420099516089131,10.874642666297007,10.084482637871162,Desconocido
2024-11-17,0.6659464756539031,197332707.29877642,34590985.6467279,kda,Kadena,851755,0.17529271310485073,2.3925532457043763,2.219936176987569,0.3479021020214468,Desconocido
2024-11-18,0.6376778225802185,189364062.95964947,43483441.57461224,kda,Kadena,837891,0.22962879489905053,-4.244883651636888,-4.038177172049751,-1.6276981056759232,Desconocido
2024-11-19,0.72439598844094,214944227.53181085,46757058.92093764,kda,Kadena,944712,0.21753112171397015,13.599056261645748,13.508457820538045,12.748794294245913,Desconocido
2024-11-20,0.6953324492399116,206536394.0803279,33601018.35264921,kda,Kadena,901978,0.16268812333181734,-4.012106591531461,-3.911634914800688,-4.523494991066057,Desconocido
2024-11-21,0.6597583442933543,196082867.0208809,21246711.319328684,kda,Kadena,869017,0.10835577652516738,-5.1161289805249694,-5.061348681908973,-3.65430198962724,Desconocido
2024-11-22,0.695175851385029,206355108.22307464,25292137.18265028,kda,Kadena,1063616,0.12256608232498366,5.3682545128867165,5.238724503706815,22.393002668532368,Desconocido
2024-11-23,0.7346386859744325,217893135.07194555,34487580.98879205,kda,Kadena,1116458,0.1582775013880299,5.676669365136888,5.591345398824843,4.9681463987002905,Desconocido
2024-11-24,0.8267680282855921,245357679.5470622,49777805.718695626,kda,Kadena,1276618,0.2028785314997557,12.540769233920535,12.604593745483616,14.345367223845408,Desconocido
2024-11-25,0.8716505237181253,259503446.08309853,44284666.09912512,kda,Kadena,1282655,0.17065155306239835,5.428668489467681,5.76536530755829,0.47289008928277365,Desconocido
2024-11-26,0.9302225553250858,276600705.0071764,128219944.21533315,kda,Kadena,1366803,0.46355610052406226,6.719669180844945,6.588451591738376,6.560454681890304,Desconocido
2024-11-27,0.9469501591370627,281510735.4233942,97554195.78203423,kda,Kadena,1373925,0.34653810141667246,1.798236746273174,1.7751330084608385,0.5210699713126266,Desconocido
2024-11-28,1.2046688512468702,358447871.58719003,77298631.77462521,kda,Kadena,1743994,0.2156481817909828,27.21565539887141,27.33008957831815,26.935167494586686,Desconocido
2024-11-29,1.153128394026879,342815578.1562769,110768484.44642523,kda,Kadena,1636528,0.32311391752427887,-4.278392121340657,-4.361106501119427,-6.162062484159925,Desconocido
2024-11-30,1.2305353647981143,365615356.55474263,67949835.76542507,kda,Kadena,1750810,0.18585060651097438,6.712779875354524,6.650741638138791,6.983198576498539,Desconocido
2024-12-01,1.1846847118662607,352499779.78686756,47504838.64686696,kda,Kadena,1671356,0.13476558389792437,-3.7260735646858945,-3.5872609103363318,-4.538128066437819,Desconocido
2024-12-02,1.1738117514911095,349481325.1989679,38097202.292738415,kda,Kadena,1673801,0.10901069540997302,-0.9177935923578184,-0.8562997088181867,0.1462884029494571,Desconocido
2024-12-03,1.1704561649528409,348627026.1946344,59102614.74049809,kda,Kadena,1652326,0.16952964142114957,-0.2858709272595017,-0.24444768367726244,-1.2830079561429342,Desconocido
2024-12-04,1.689487977185588,502800491.79779357,263608279.89341044,kda,Kadena,2301575,0.5242800756834248,44.34440415405556,44.223038955415326,39.29303297291214,Desconocido
2024-12-05,1.6238940487968294,483264391.5096465,139171215.947548,kda,Kadena,2219634,0.287981523970342,-3.882473818963028,-3.8854576729419277,-3.5602142011448734,Desconocido
2024-12-06,1.709764893187497,509720369.06033325,84676054.61556919,kda,Kadena,2371372,0.1661225639690818,5.287958561969641,5.474431391073997,6.836172089632786,Desconocido
2024-12-07,1.7730635455744381,528754715.7638378,86404418.37285982,kda,Kadena,2383382,0.16341115416444127,3.7021845891884064,3.734272330257138,0.5064578648984686,Desconocido
2024-12-08,1.8531507836804744,552642862.711243,72443580.5360503,kda,Kadena,2470978,0.13108570728778635,4.516884818140543,4.517812557547862,3.6752815956485385,Desconocido
2024-12-09,1.7674757749199905,526955364.89782435,43919272.80356171,kda,Kadena,2361792,0.08334533763040362,-4.623207648021377,-4.648118983641059,-4.418736225089825,Desconocido
2024-12-10,1.4569533821509308,435562409.96125436,135078192.9478988,kda,Kadena,1982472,0.31012362375328656,-17.568693001357616,-17.343585628792468,-16.060686123079428,Desconocido
2024-12-11,1.3380864315868168,398971153.6738371,90110840.56923482,kda,Kadena,1849686,0.22585803444552116,-8.15859670050858,-8.400921532845828,-6.698001283246368,Desconocido
2024-12-12,1.4829139373749818,441887769.8306396,65613536.61652762,kda,Kadena,2016885,0.1484846178061797,10.823479139267267,10.756821830755015,9.039318024789079,Desconocido
2024-12-13,1.3689693381819386,408181251.7689268,61862364.77077829,kda,Kadena,1872112,0.15155611509026104,-7.683830890061305,-7.6278458837254925,-7.1780493186274885,Desconocido
2024-12-14,1.402427341093626,418379711.8444473,40683211.47608528,kda,Kadena,1908577,0.09723992422273864,2.444028655610464,2.498512616962101,1.947800131616062,Desconocido
2024-12-15,1.289681151612761,385119428.62785584,28766031.028902408,kda,Kadena,1772022,0.074693793380908,-8.039360484297497,-7.9497839582043595,-7.154806958273097,Desconocido
2024-12-16,1.4291053165621033,426412841.42794526,38211220.02539749,kda,Kadena,1930720,0.08961085669333524,10.810746886933309,10.722235683412261,8.955757885624438,Desconocido
2024-12-17,1.3094398782433754,390909858.2977537,41768462.26059567,kda,Kadena,1758721,0.10684934486553901,-8.373451342732285,-8.325964811777563,-8.90854189110798,Desconocido
2024-12-18,1.2358240827353475,368613467.6122719,30095670.97868312,kda,Kadena,1957653,0.0816456088097666,-5.621930165040034,-5.70371665288082,11.311174427325321,Desconocido
2024-12-19,1.1039670980035197,328843844.8153382,31997094.25257345,kda,Kadena,1941836,0.09730178854508094,-10.669559411722929,-10.78897715119992,-0.8079572835431037,Desconocido
2024-12-20,0.9993143841034056,299387370.5479965,35782624.50213739,kda,Kadena,1757145,0.119519485530205,-9.479695009876144,-8.957587235328345,-9.511153362075886,Desconocido
2024-12-21,1.0277614950839575,306845771.2203989,39992939.44306697,kda,Kadena,1834184,0.13033563827197456,2.8466628153336337,2.491220875065836,4.384327986591896,Desconocido
2024-12-22,0.9747420234124706,291130653.91887087,18920963.987185203,kda,Kadena,1735661,0.06499131483577092,-5.158733025618534,-5.121503626732505,-5.37148944707837,Desconocido
2024-12-23,0.9626291079339259,288471324.9893385,14317083.779468298,kda,Kadena,1736709,0.049630873293896496,-1.242679107661604,-0.9134486161919031,0.06038045447815943,Desconocido
2024-12-24,1.0313224940549717,308315897.35111177,16524302.210127553,kda,Kadena,1860155,0.05359536226349558,7.136017969421382,6.879218363387296,7.108041704165746,Desconocido
2024-12-25,1.1062003808410783,330295455.6636967,19995398.945251543,kda,Kadena,1957528,0.06053791719620461,7.260375606828906,7.128908532262446,5.234671304273042,Desconocido
2024-12-26,1.0741118027357615,321154429.5435772,14394633.726543196,kda,Kadena,1902510,0.04482153257858148,-2.9007925382306343,-2.7675300896137123,-2.810585595710513,Desconocido
2024-12-27,0.971853132646151,290555392.80820477,18546294.90935504,kda,Kadena,1744733,0.06383049624412727,-9.520300384853575,-9.527826466183143,-8.293097013944738,Desconocido
2024-12-28,0.992226410595262,296728913.7937743,19299416.733623568,kda,Kadena,1782008,0.06504056678155942,2.0963330018434867,2.1247311660274937,2.136430044023929,Desconocido
2024-12-29,1.0342835911361226,309493175.5512683,13287253.48739999,kda,Kadena,1849612,0.04293229879377074,4.238667716537536,4.301657561542882,3.793697895856818,Desconocido
2024-12-30,0.9654386795413838,288814211.1526535,9418682.133480955,kda,Kadena,1739839,0.032611560545760976,-6.656289646741387,-6.681557472723421,-5.934920404928167,Desconocido
2024-12-31,0.9488190226628062,283122201.97936445,18859495.24801223,kda,Kadena,1713584,0.0666125620532819,-1.7214616765170998,-1.970820324447442,-1.5090476762505078,Desconocido
2025-01-01,0.9261248150126079,277111639.6665934,11633183.7120388,kda,Kadena,1681445,0.04198013380468339,-2.391837337589231,-2.1229568966156798,-1.8755427221542664,Desconocido
2025-01-02,0.972862217196562,293211635.318813,11959281.680856647,kda,Kadena,1771604,0.04078720023457854,5.046555434681643,5.80993121457849,5.361995188662139,Desconocido
2025-01-03,0.9954070150680998,300046543.70293915,15495101.462246994,kda,Kadena,1798576,0.05164232612386933,2.3173680170768485,2.331049508555294,1.5224621303632224,Desconocido
2025-01-04,1.0393791969243131,313448350.1051017,18044093.01873972,kda,Kadena,1873477,0.057566399735999224,4.41750773207128,4.466575830792108,4.164461218208193,Desconocido
2025-01-05,1.0186333844822648,307875599.31630504,11943672.682897503,kda,Kadena,1835120,0.038793826822978654,-1.9959811109784065,-1.777884869047186,-2.047369676809485,Desconocido
2025-01-06,1.0301864218289487,311132398.1396123,8071122.553997048,kda,Kadena,1862130,0.025941118964973066,1.1341703033379336,1.0578294709095548,1.4718383538951052,Desconocido
2025-01-07,1.0421585266797762,313575105.7970587,18353365.075652543,kda,Kadena,1866087,0.05852940726592811,1.1621299404793728,0.7851023140156288,0.2124985903239729,Desconocido
2025-01-08,0.9136702183100806,275870531.72451425,18968530.671005994,kda,Kadena,1677014,0.0687588143337762,-12.329056000630523,-12.024096739664758,-10.132057079868195,Desconocido
2025-01-09,0.8730284525118946,264052874.40918285,17886998.27376161,kda,Kadena,1598902,0.06774021420438499,-4.448187648422719,-4.283769361467204,-4.657802498965424,Desconocido
2025-01-10,0.8192108840491327,247586641.18945286,15494055.141456483,kda,Kadena,1513788,0.06258033578475851,-6.164469016779117,-6.235960603183399,-5.323278099595852,Desconocido
2025-01-11,0.8351412978181485,252220476.08626106,13424290.062021306,kda,Kadena,1544759,0.05322442598764309,1.9446047506444408,1.871601341068474,2.045927170779538,Desconocido
2025-01-12,0.8208218542305966,247953196.22883874,6325385.72565466,kda,Kadena,1533991,0.02551040205110682,-1.7146132786107215,-1.6918847841532414,-0.6970666621783694,Desconocido
2025-01-13,0.7924781053057637,239240228.34599528,7086658.768160252,kda,Kadena,1466117,0.02962151815835649,-3.4530938447540627,-3.513956672210905,-4.424667419821892,Desconocido
2025-01-14,0.7623854059470654,230260293.7618848,17528403.88718321,kda,Kadena,1428457,0.07612430089796361,-3.7972909481313155,-3.753521991762798,-2.568689947664482,Desconocido
2025-01-15,0.810817066669579,245033737.77387288,12366547.509534432,kda,Kadena,1510226,0.05046875431066879,6.352647931704558,6.415975490444525,5.724288515510101,Desconocido
2025-01-16,0.8711208096441451,263246621.8285751,20357909.150736064,kda,Kadena,1601108,0.0773339806198654,7.437404249797419,7.43280669028108,6.017774823105948,Desconocido
2025-01-17,0.8926958309494368,269784406.58135223,26101478.746781316,kda,Kadena,1638031,0.09674939733372076,2.4766968101824105,2.483520854841026,2.3060905323063707,Desconocido
2025-01-18,1.0718946067670236,324000150.3366711,48370608.65685744,kda,Kadena,1958900,0.14929193275557173,20.073889627892385,20.095951594211357,19.588701312734624,Desconocido
2025-01-19,0.976059631792843,295960644.8633159,32570978.23456924,kda,Kadena,1770024,0.11005172072662418,-8.940708757107341,-8.654164340423653,-9.641941906171835,Desconocido
2025-01-20,0.8457542778333439,256457308.9378414,47871234.949801385,kda,Kadena,1543848,0.18666356263374867,-13.350142728488013,-13.347496233399003,-12.778131821941397,Desconocido
2025-01-21,0.8370362831946299,253258628.93654978,59592707.09702486,kda,Kadena,1555089,0.23530375785124752,-1.0307952164365974,-1.2472563229098177,0.7281157212368106,Desconocido
2025-01-22,0.9085979727752235,274138169.94546205,28618448.497463584,kda,Kadena,1676805,0.10439424945149751,8.549413092043224,8.244355225560085,7.826947525189887,Desconocido
2025-01-23,0.8373702492029144,253355982.9097041,17496630.583027113,kda,Kadena,1573643,0.0690594726916826,-7.839300296340202,-7.580916966029372,-6.152295585950663,Desconocido
2025-01-24,0.8264867636951785,250273326.580121,26373257.835916508,kda,Kadena,1538250,0.10537782110581222,-1.2997220187958458,-1.2167292416701003,-2.2491124098667825,Desconocido
2025-01-25,0.7777971288566468,235065278.48846015,13239142.17644292,kda,Kadena,1453541,0.05632113029016685,-5.891157242596723,-6.0765756780686075,-5.5068421908012315,Desconocido
2025-01-26,0.8112703705621271,245559163.30000353,18068051.869528204,kda,Kadena,1529134,0.07357922069254723,4.303595431714391,4.464242817579089,5.2006100963096324,Desconocido
2025-01-27,0.821980439236263,249317730.33828422,13596832.236623494,kda,Kadena,1560771,0.054536162422844016,1.3201602157262071,1.5306156723171371,2.0689488298605507,Desconocido
2025-01-28,0.7579028462171864,229482977.93516338,29139298.898099627,kda,Kadena,1397671,0.12697804063851942,-7.795513124206921,-7.955612453317407,-10.449963511623416,Desconocido
2025-01-29,0.6828236682231177,206737940.84858033,14481230.01748369,kda,Kadena,1262429,0.0700463105999981,-9.906174434995307,-9.91142667366347,-9.676239973498769,Desconocido
2025-01-30,0.7238656748670105,219305229.59276175,17749753.020026825,kda,Kadena,1355289,0.0809362961977112,6.010630350686963,6.0788497227927785,7.35566118965898,Desconocido
2025-01-31,0.7710460576856922,234168162.16617984,18973090.814921305,kda,Kadena,1425784,0.08102335791257932,6.517836728112547,6.777281417783687,5.201473634036735,Desconocido
2025-02-01,0.7607364668387444,230437225.64283645,14210504.468305545,kda,Kadena,1412412,0.06166757314779928,-1.337091441449323,-1.5932723256783632,-0.9378699718891492,Desconocido
2025-02-02,0.6593356490827212,200038186.03545868,16079110.116910163,kda,Kadena,1228339,0.08038020357803079,-13.32929630380364,-13.191896197576348,-13.032528752233763,Desconocido
2025-02-03,0.5769871065922407,176030071.6898873,25618205.180162665,kda,Kadena,1044492,0.14553311791688828,-12.489623851682396,-12.001765673537811,-14.96712226836403,Desconocido
2025-02-04,0.6040910543688408,184464938.3429292,49332047.19615538,kda,Kadena,1111666,0.2674331915826992,4.6974962641157525,4.79171914893135,6.4312603638898125,Desconocido
2025-02-05,0.5591922597095783,170341530.16330928,22983914.05579777,kda,Kadena,1033667,0.13492842311421477,-7.432454815304812,-7.656418778816299,-7.016406006840182,Desconocido
2025-02-06,0.5380919103758194,164170079.587097,11575311.76571163,kda,Kadena,1000391,0.07050804747627956,-3.773362196522101,-3.6229864615491048,-3.219218568455795,Desconocido
2025-02-07,0.5058379059643694,154029233.7947327,10323247.127122939,kda,Kadena,959376,0.06702134960224648,-5.99414408384672,-6.177036533008618,-4.099896940296343,Desconocido
2025-02-08,0.5163477143054805,157681838.65199414,10626755.220695388,kda,Kadena,964370,0.0673936536480195,2.077702801073089,2.3713711788822422,0.5205466886809784,Desconocido
2025-02-09,0.5453900296653759,166608091.7587842,6404192.995900872,kda,Kadena,1011362,0.03843866722375577,5.624565492452893,5.66092657410624,4.8728185240104915,Desconocido
2025-02-10,0.5363561456939809,163871916.0446197,8294181.643478928,kda,Kadena,994236,0.05061380768392648,-1.6564079796137166,-1.6422826078135166,-1.6933600431892848,Desconocido
2025-02-11,0.5419333504194349,165535367.382547,8286425.051492296,kda,Kadena,1013338,0.05005833606749807,1.039832352109582,1.0150923831722114,1.9212742246307757,Desconocido
2025-02-12,0.5444781075512432,166384477.62782496,8593170.425110513,kda,Kadena,1016341,0.0516464669518754,0.4695701288430998,0.5129479329427644,0.2963473194531385,Desconocido
2025-02-13,0.575144583543834,175677571.44958115,16011029.395068025,kda,Kadena,1079850,0.0911387222794296,5.632269795109202,5.585312977658474,6.248788546363859,Desconocido
2025-02-14,0.574833773461343,175717711.71518663,13496665.647433741,kda,Kadena,1074209,0.07680879471791616,-0.054040338965888335,0.022848827698540575,-0.5223873686160063,Desconocido
2025-02-15,0.570034812599322,174029672.47023842,13675411.416357465,kda,Kadena,1057093,0.07858091796786067,-0.8348432335706812,-0.9606540106123607,-1.5933584619008068,Desconocido
2025-02-16,0.5454412326920647,166750168.2525947,7402535.574458736,kda,Kadena,1024212,0.044392972145283274,-4.314399640806521,-4.182909795965173,-3.110511563315621,Desconocido
2025-02-17,0.5379882481566824,164495128.91643217,7185015.058217451,kda,Kadena,1017354,0.043679196493822174,-1.366413847848924,-1.3523460634513929,-0.66958793687244,Desconocido
2025-02-18,0.5341199502655272,163411915.01092422,11816304.226237524,kda,Kadena,997584,0.07230993055462079,-0.7190301840996116,-0.658508195740104,-1.943276381672454,Desconocido
2025-02-19,0.5230126486540116,160031842.76279953,12232298.044892127,kda,Kadena,986718,0.07643665056724328,-2.0795519070189616,-2.068436838218757,-1.0892315835057453,Desconocido
2025-02-20,0.5313550691927379,162632838.61960045,10481374.749831622,kda,Kadena,997665,0.06444808341781234,1.595070513150243,1.6252989479450752,1.1094355226113128,Desconocido
2025-02-21,0.5579937924445268,170788209.3335093,9782036.377176918,kda,Kadena,1041354,0.057275829609963864,5.013356378110756,5.014590400764218,4.379125257476213,Desconocido
2025-02-22,0.5347649798903026,163570632.6121879,15932733.687292557,kda,Kadena,999576,0.0974058327760321,-4.1629159443621555,-4.226039226880807,-4.011892209565627,Desconocido
2025-02-23,0.5579967971237018,170843222.7180412,6304153.290798551,kda,Kadena,1042719,0.0369002246065265,4.344304153604961,4.446146591054645,4.316130039136601,Desconocido
2025-02-24,0.543327671315491,166307953.4726719,6601102.930110266,kda,Kadena,1012992,0.03969204594412242,-2.6288906824959435,-2.6546380788275648,-2.8509118947674272,Desconocido
2025-02-25,0.47316195495679386,145615593.43381625,16339677.454838924,kda,Kadena,878586,0.11221104189137182,-12.914070102266962,-12.4421951005824,-13.268219294920392,Desconocido
2025-02-26,0.4991010031534618,152940637.35007244,16884660.07446723,kda,Kadena,931193,0.11040008964928792,5.482065479891873,5.030398011312909,5.987689309868349,Desconocido
2025-02-27,0.49616789650640114,152212213.7282918,12582592.972967524,kda,Kadena,926762,0.08266480504270327,-0.5876779706969981,-0.47627866236317207,-0.4758412058509909,Desconocido
2025-02-28,0.49686690610369943,152164012.0343711,7568550.323989524,kda,Kadena,919612,0.049739424078013426,0.1408816657063383,-0.03166742848030868,-0.7715033633230561,Desconocido
2025-03-01,0.5018305233307603,153845047.74798948,15224961.949299848,kda,Kadena,932961,0.09896296417834363,0.9989832621343675,1.1047524911729223,1.4515904533651147,Desconocido
2025-03-02,0.4953965615774794,151702314.9160011,7822056.189686282,kda,Kadena,923176,0.051561877575944846,-1.282098528120057,-1.3927863544222263,-1.0488112579196796,Desconocido
2025-03-03,0.5721207965284614,176368792.29957387,18287112.549746145,kda,Kadena,1064830,0.10368678217563737,15.487437923806091,16.259789705404827,15.344203055538696,Desconocido
2025-03-04,0.4918920160943678,151856047.53357464,18898953.841812436,kda,Kadena,859651,0.12445308664861679,-14.023049139431599,-13.89857267059057,-19.268709559272367,Desconocido
2025-03-05,0.4800002377320357,148137817.20432582,16241074.680562627,kda,Kadena,887047,0.10963489935970493,-2.417558726964719,-2.448523051692575,3.186874673559381,Desconocido
2025-03-06,0.5064513741033776,156377030.70133117,11756523.599852115,kda,Kadena,944472,0.07518062945130494,5.510650681408302,5.561856960293299,6.473726871293173,Desconocido
2025-03-07,0.4905309784383779,151286128.06203747,9033427.616222516,kda,Kadena,890260,0.059710878531561096,-3.143519097600478,-3.2555309539141652,-5.739926646846072,Desconocido
2025-03-08,0.4833338077583012,149090770.47592062,11306599.048529027,kda,Kadena,888636,0.0758370153459978,-1.4672204195928962,-1.4511294685370046,-0.1824186192797561,Desconocido
2025-03-09,0.47214296585945636,145830380.33204222,4614766.445477953,kda,Kadena,915988,0.03164475354840712,-2.315344327091018,-2.186849080912745,3.0779756840821237,Desconocido
2025-03-10,0.4230392818261153,130421909.94922,8872261.308231337,kda,Kadena,825885,0.0680273836787528,-10.400172740889225,-10.566022215493476,-9.836700917479268,Desconocido
2025-03-11,0.39597348163844587,122499590.85169244,10019218.179059597,kda,Kadena,765378,0.08178980933242172,-6.397940179653205,-6.074377457447245,-7.326322672042718,Desconocido
2025-03-12,0.41593241967600864,128554228.06292748,11354889.683222147,kda,Kadena,810210,0.08832762527004488,5.040473406193091,4.942577496903855,5.857497863800631,Desconocido
2025-03-13,0.44303435091820115,136797008.0418685,6563308.761214764,kda,Kadena,860860,0.047978452563860005,6.515945850843652,6.411908891013818,6.251465669394363,Desconocido
2025-03-14,0.4354121035312838,134332386.34778735,5275093.491550339,kda,Kadena,846916,0.03926896286866438,-1.7204641967648815,-1.8016634496324846,-1.6197755732639485,Desconocido
2025-03-15,0.44093448972885096,136291039.3818795,5849996.846536384,kda,Kadena,862787,0.042922828038203124,1.2683125142318064,1.4580646464667169,1.8739756953464193,Desconocido
2025-03-16,0.4706304146009119,145384978.1707324,4755772.173443605,kda,Kadena,920198,0.03271157882528055,6.734770258122058,6.672440704903737,6.654133639009396,Desconocido
2025-03-17,0.44338314410782703,136953949.34246483,6198483.047370499,kda,Kadena,869482,0.04525961520007483,-5.789526058614413,-5.79910588724416,-5.511422541670374,Desconocido
2025-03-18,0.4684530213619804,144597996.37192374,6504332.796052932,kda,Kadena,917798,0.04498217789493426,5.654224249908912,5.581472506750673,5.556871792630558,Desconocido
2025-03-19,0.4709309639895291,145314044.02611098,5018292.352932634,kda,Kadena,922203,0.034534118065222344,0.5289628873231145,0.4951988769923643,0.47995310514949985,Desconocido
2025-03-20,0.4962519426810813,152922418.3344821,9583637.693819953,kda,Kadena,962829,0.06266993288621674,5.376792062480562,5.235814858338128,4.405320737408136,Desconocido
2025-03-21,0.4759319402328616,147014264.85046196,5407342.30868514,kda,Kadena,917842,0.03678107232781329,-4.094694791205766,-3.8634972872959916,-4.672376922589572,Desconocido
2025-03-22,0.463237328316842,143272397.06734508,4861094.486674872,kda,Kadena,896265,0.033929037177970287,-2.6673166566228868,-2.545241298130474,-2.3508403407122347,Desconocido
2025-03-23,0.4762038355291298,147505882.73552546,4329696.949689159,kda,Kadena,926074,0.02935270695238781,2.799106725574374,2.954850867882408,3.325913652770107,Desconocido
2025-03-24,0.489044887161825,151533997.7710983,3798243.828083895,kda,Kadena,944602,0.025065291511818907,2.696545192339106,2.730816534819258,2.00070404740873,Desconocido
2025-03-25,0.5062037740784031,156797574.16648826,7315926.857881585,kda,Kadena,979034,0.0466584186443695,3.5086527570423742,3.4735283651269766,3.6451330825045813,Desconocido
2025-03-26,0.525462619675573,162805421.3724841,7957208.126647058,kda,Kadena,1009965,0.048875572198800954,3.8045638107366164,3.8315944860324747,3.159338695081071,Desconocido
2025-03-27,0.49168531558855416,152392268.69373843,14542781.700395074,kda,Kadena,946728,0.09542991796796195,-6.428107884795553,-6.396072434787847,-6.2613060848643265,Desconocido
2025-03-28,0.4809960377591876,149025161.38839817,7134327.991460898,kda,Kadena,927400,0.04787331162733648,-2.1740079458283934,-2.209500084356053,-2.0415578708985027,Desconocido
2025-03-29,0.43854813088087075,135791512.34403697,9530230.739166444,kda,Kadena,844983,0.07018281610282799,-8.82500136094022,-8.88014407840223,-8.886888074185894,Desconocido
2025-03-30,0.4142638581662548,128190789.38439749,5017486.906216866,kda,Kadena,808402,0.03914077548248221,-5.537424744198183,-5.597347601801895,-4.329199522357252,Desconocido
2025-03-31,0.41596373654316476,128911748.35433899,5104354.903035144,kda,Kadena,809083,0.03959573094148745,0.4103371180953497,0.5624108981649334,0.08424026660003303,Desconocido
2025-04-01,0.40874280520740053,126632128.92415228,6069335.224655179,kda,Kadena,793441,0.04792887299786672,-1.735952127888174,-1.7683566155046848,-1.933299797424981,Desconocido
2025-04-02,0.408337941274215,127609247.9721433,6616814.88999696,kda,Kadena,790228,0.05185215801476543,-0.09905102378011676,0.7716201696145175,-0.40494504317271085,Desconocido
2025-04-03,0.3773428166203373,117845465.30010055,12216549.301410686,kda,Kadena,734585,0.10366584128036246,-7.590557114814677,-7.6513127592242824,-7.0413855241778345,Desconocido
2025-04-04,0.3926383263609759,122649345.44448256,10027065.110824136,kda,Kadena,761792,0.08175392273383884,4.05347844637205,4.076423417862229,3.7037238713014897,Desconocido
2025-04-05,0.3904674024119702,121969200.79751888,9992266.458673691,kda,Kadena,757689,0.08192450547627886,-0.5529067855209457,-0.5545440495412612,-0.5385984625724594,Desconocido
2025-04-06,0.39497655148144134,123257537.07947874,4098882.7459760946,kda,Kadena,763650,0.03325462152738829,1.1548080688983386,1.056280006375232,0.7867343989420572,Desconocido
2025-04-07,0.3600901032668099,112585228.31652078,10158017.256173443,kda,Kadena,698528,0.09022513351054645,-8.83253653508862,-8.658544553000647,-8.527728671511813,Desconocido
2025-04-08,0.3703700427320611,116301054.8879889,20069407.569518108,kda,Kadena,720859,0.17256427801834837,2.854824215380969,3.300456575903077,3.1968654084016723,Desconocido
2025-04-09,0.3574528751696469,111606936.7056955,8074676.489417682,kda,Kadena,692634,0.07234923498268202,-3.48763832709843,-4.036178508281263,-3.9154675186132137,Desconocido
2025-04-10,0.39560080727487046,123763713.45042276,12782470.814422183,kda,Kadena,764511,0.10328124825975411,10.672157018493289,10.892492082982596,10.377342146068491,Desconocido
2025-04-11,0.3874954545934595,121248205.61590412,7693247.839584185,kda,Kadena,749728,0.0634504057235719,-2.0488716232015203,-2.032508369689723,-1.9336543228285819,Desconocido
2025-04-12,0.39632529552745893,123860764.4454315,6401766.077427654,kda,Kadena,766268,0.051685181389688875,2.278695357410898,2.1547195822456677,2.206133424388579,Desconocido
2025-04-13,0.42031383211017176,131527717.59178935,5284717.811988308,kda,Kadena,813230,0.04017949911052215,6.052739215342573,6.189977254448187,6.128665166756275,Desconocido
2025-04-14,0.40041219766976627,125282945.43905616,7451529.51035538,kda,Kadena,776893,0.059477604746930014,-4.734946347230595,-4.747875403809965,-4.468231619591013,Desconocido
2025-04-15,0.3941328876730764,123407064.30033338,6314366.520284439,kda,Kadena,766028,0.05116697780701831,-1.5682114663920887,-1.497315641924546,-1.3985194872395579,Desconocido
2025-04-16,0.3817064060689341,119502416.60945116,4845166.7230373435,kda,Kadena,742569,0.04054450830791108,-3.152865947702843,-3.164039038623878,-3.0624206948048904,Desconocido
2025-04-17,0.39420271193496353,123380866.29115342,12845227.423756957,kda,Kadena,769413,0.10411036824336171,3.2738004045372637,3.245498954533721,3.6150175943245655,Desconocido
2025-04-18,0.4025015732197466,126019997.30549692,9901291.520327752,kda,Kadena,784191,0.07856920910992485,2.1052268372400817,2.139011577464278,1.9206849897259293,Desconocido
2025-04-19,0.4239310967651882,132879159.69724496,9187004.444505675,kda,Kadena,829707,0.06913803839095284,5.324084418855701,5.442915837492124,5.804198211915201,Desconocido
2025-04-20,0.453980145327088,142197551.6337959,11947380.370504245,kda,Kadena,908895,0.0840195926950456,7.088191640384367,7.012681264527987,9.544092071056397,Desconocido
2025-04-21,0.4629765464311052,144978223.95609576,6286662.840348103,kda,Kadena,930587,0.04336280766035536,1.981672810280144,1.9554994374734402,2.3866343196959017,Desconocido
2025-04-22,0.458656155842307,143556102.97040397,8598335.6346568,kda,Kadena,919927,0.05989529847037895,-0.9331769874958651,-0.980920407827901,-1.1455135307069653,Desconocido
2025-04-23,0.46944715100373013,146913401.77674356,9914420.607134093,kda,Kadena,942659,0.06748479367594051,2.352741814095105,2.3386667211436896,2.4710656389039576,Desconocido
2025-04-24,0.4797133035395945,150246171.9722077,11261057.953567538,kda,Kadena,960344,0.07495071458892538,2.186860121296763,2.2685270064937813,1.8760760784122255,Desconocido
2025-04-25,0.5677219775608205,178150196.3639725,27612230.722975157,kda,Kadena,1137360,0.15499410770539687,18.346098257406783,18.572203221874073,18.432561665403234,Desconocido
2025-04-26,0.5508357628303762,172751444.17644393,13592829.232132196,kda,Kadena,1114186,0.0786843160526567,-2.9743810170948293,-3.030449754037079,-2.0375254976436663,Desconocido
2025-04-27,0.5768536937113273,180927523.27015963,12562959.420836585,kda,Kadena,1151554,0.06943641958817767,4.723355423994713,4.732857159425463,3.3538385870940823,Desconocido
2025-04-28,0.5665143187386069,177673841.12332192,10505773.957830412,kda,Kadena,1129081,0.05912954822954744,-1.7923738870769035,-1.7983345419366303,-1.9515367928903071,Desconocido
2025-04-29,0.6444407819191995,202313491.77381417,25743339.674993597,kda,Kadena,1291063,0.1272447993917013,13.755426933268456,13.867911277603362,14.346357790096542,Desconocido
2025-04-30,0.6383944855085917,199972576.60038844,11239437.535680413,kda,Kadena,1278026,0.056204894324788035,-0.9382237406828087,-1.1570731901769937,-1.0097880583674113,Desconocido
2025-05-01,0.6486578714150862,203365657.9709424,12648226.69112618,kda,Kadena,1292656,0.06219450627663695,1.6076871181488928,1.6967733417439845,1.1447341446887638,Desconocido
2025-05-02,0.6670033311110527,208962960.7437718,10590301.261510639,kda,Kadena,1331943,0.050680279528085154,2.8282181569684317,2.7523343069207673,3.0392463269423464,Desconocido
2025-05-03,0.6957020674398504,218180307.20142075,8828851.618504347,kda,Kadena,1390920,0.040465850157382376,4.302637631658168,4.410995338523738,4.427892184575466,Desconocido
2025-05-04,0.713948639446544,224021496.08653563,13399949.389715523,kda,Kadena,1459100,0.05981546246142091,2.6227566167569494,2.6772301130378207,4.901791619935003,Desconocido
2025-05-05,0.6322710531328855,198355991.46188122,14775158.334134042,kda,Kadena,1259094,0.07448808692513549,-11.440260797607982,-11.456715124668337,-13.707490919059694,Desconocido
2025-05-06,0.6063355228495995,190191989.4220019,15500266.81166943,kda,Kadena,1249273,0.08149800030366747,-4.101963889502159,-4.1158333457490865,-0.7800053054021427,Desconocido
2025-05-07,0.5801357657761667,181908672.86503303,9421520.944234168,kda,Kadena,1190882,0.05179258798300649,-4.320999856696773,-4.355239451536352,-4.673998397467971,Desconocido
2025-05-08,0.5902907970242611,186759387.11092213,11554572.932448147,kda,Kadena,1209683,0.061868766604944635,1.7504577113097053,2.6665656834779394,1.5787458371190333,Desconocido
2025-05-09,0.6472323441453118,203181750.45844442,14796763.258028554,kda,Kadena,1329437,0.07282525731096529,9.646355221545221,8.793326858461237,9.899618329760763,Desconocido
2025-05-10,0.6527708107020385,206432450.79500037,22850327.547577973,kda,Kadena,1351687,0.11069154805641337,0.855715355826403,1.5998977906339196,1.6736407968185096,Desconocido
2025-05-11,0.6853117979450447,216738180.08015165,23058895.47676964,kda,Kadena,1399495,0.106390555961309,4.985055506389635,4.992300990208887,3.53691350142451,Desconocido
2025-05-12,0.6264085048196741,198537523.24229634,23220889.010973137,kda,Kadena,1291595,0.11695969926367134,-8.595108577146371,-8.397531450676821,-7.70992393684865,Desconocido
2025-05-13,0.5921445097287213,187679626.85514003,33382883.879430015,kda,Kadena,1191428,0.17787164456159377,-5.469912178286352,-5.468939175747279,-7.755294809905577,Desconocido
2025-05-14,0.6394820306074112,202269233.27851853,19126416.504830323,kda,Kadena,1317318,0.09455919812823849,7.994251420210996,7.773676167120391,10.56631202221201,Desconocido
2025-05-15,0.614580597162762,194351450.4718874,9661499.94937722,kda,Kadena,1256154,0.049711488779317026,-3.8940004961510066,-3.914477094857316,-4.643070238165725,Desconocido
2025-05-16,0.6208417969480678,196418048.51172036,13824890.25586879,kda,Kadena,1266907,0.07038503009586643,1.0187760261568535,1.0633303918315073,0.856025614693734,Desconocido
2025-05-17,0.5911509610418347,186990216.4658316,7112166.898662694,kda,Kadena,1201657,0.038034967995035654,-4.782351325601342,-4.79988072243075,-5.15033858049565,Desconocido
2025-05-18,0.5767776807912418,182031232.6465153,5876018.762004315,kda,Kadena,1182895,0.032280277821415945,-2.431406053245977,-2.652001753376465,-1.561344044099111,Desconocido
2025-05-19,0.6020825563316712,190421003.40532893,7871757.32655908,kda,Kadena,1223653,0.04133870311461025,4.3872841101818105,4.608973216758705,3.4456143613761148,Desconocido
2025-05-20,0.5742672052759823,181546936.56180605,8692393.452238536,kda,Kadena,1179779,0.04787959310610172,-4.619856656396159,-4.660235312715788,-3.5854935999012794,Desconocido
2025-05-21,0.5824706547891604,184287916.75954506,6206692.492017346,kda,Kadena,1187793,0.03367932418551188,1.4285073982651886,1.509791489544554,0.6792797634133096,Desconocido
2025-05-22,0.5881371950053779,186831365.59217268,12664124.900450068,kda,Kadena,1211135,0.06778371961426498,0.972845613701967,1.380149538478026,1.9651572285743324,Desconocido
2025-05-23,0.6038001710716168,191407561.04153752,11601241.6541392,kda,Kadena,1241202,0.06061015349138483,2.663150060777175,2.449372157003893,2.4825473625978978,Desconocido
2025-05-24,0.5441270293350136,173832674.40544316,16229213.799136072,kda,Kadena,1120208,0.09336112358993824,-9.882928921781541,-9.18191869770516,-9.748131246968661,Desconocido
2025-05-25,0.5202583807431799,164963435.25696126,9007787.696450474,kda,Kadena,1061750,0.054604753365005816,-4.386594913508334,-5.1021703363980375,-5.218495136617484,Desconocido
2025-05-26,0.5423737308917863,171980583.35482442,10634108.496330641,kda,Kadena,1118307,0.061833192380739366,4.250839768696291,4.253759681309166,5.3267718389451435,Desconocido
2025-05-27,0.540713530438779,171452041.91649464,7523285.537280243,kda,Kadena,1114434,0.04387982466224837,-0.3060989790706792,-0.3073262271935162,-0.346327081919362,Desconocido
2025-05-28,0.5449435186251755,172793773.16567567,10002714.775061462,kda,Kadena,1130570,0.057888166869710066,0.7822974548027162,0.7825694195199517,1.4479098807107516,Desconocido
2025-05-29,0.5321178155728787,168262420.1523863,6445097.035630176,kda,Kadena,1097450,0.03830384128430576,-2.353583924560554,-2.622405269745842,-2.929495741086352,Desconocido
2025-05-30,0.5146847508726072,163294798.2730057,10577818.10635842,kda,Kadena,1055154,0.06477743454310046,-3.276166328222452,-2.95230621007454,-3.8540252403298503,Desconocido
2025-05-31,0.4615769329763033,146389038.53751376,13121169.946163548,kda,Kadena,931734,0.08963218883906467,-10.318513965347487,-10.352907694725156,-11.696870788529445,Desconocido
2025-06-01,0.46377304622039967,147128100.2186864,7229632.307259023,kda,Kadena,952669,0.04913835152165449,0.47578487727615304,0.5048613533883195,2.2468859137908526,Desconocido
2025-06-02,0.46654316693930487,147949576.1455208,6091358.872273643,kda,Kadena,965119,0.04117185754072239,0.5973009301598609,0.5583406063242702,1.3068547417833587,Desconocido
2025-06-03,0.47416968173680235,150352504.729003,5191773.336990032,kda,Kadena,982074,0.03453067407388883,1.6346857778520851,1.6241537462187372,1.756778179685603,Desconocido
2025-06-04,0.47108729229614876,149376208.25438687,4052452.183872441,kda,Kadena,977219,0.02712916756442992,-0.650060423383314,-0.6493383508148542,-0.4943619319929038,Desconocido
2025-06-05,0.44849510986907515,142228150.93147945,4757446.954405482,kda,Kadena,930341,0.033449404518360454,-4.795752888377858,-4.785271634914123,-4.797082332619407,Desconocido
2025-06-06,0.42419834552450364,134505975.12128258,7150784.690985945,kda,Kadena,881685,0.05316332367047754,-5.417397828855752,-5.429428534100222,-5.229910323204068,Desconocido
2025-06-07,0.4324678382491279,137108971.10628098,4276965.269301355,kda,Kadena,901799,0.0311939126578817,1.9494401173110187,1.9352270281311368,2.2813136210778184,Desconocido
2025-06-08,0.44441746577168995,140919377.01901722,3370192.8349954463,kda,Kadena,925522,0.023915751731861796,2.763125131094335,2.779107655751112,2.630630550710311,Desconocido
2025-06-09,0.4398085168872632,139457152.32628903,2429579.9493863326,kda,Kadena,914030,0.017421694827826576,-1.0370764516249964,-1.037632101177155,-1.2416776694665232,Desconocido
2025-06-10,0.5102684250246516,161669760.49837294,10629808.174789313,kda,Kadena,1055612,0.06575013250481244,16.020587467488625,15.927908896427834,15.489863571217576,Desconocido
2025-06-11,0.5167744921999761,163815515.17986736,10734971.207607467,kda,Kadena,1073320,0.06553085765912102,1.2750283686493225,1.3272455373718461,1.6775102973441092,Desconocido
2025-06-12,0.49149940439119144,155697059.80663717,6754288.3143251445,kda,Kadena,1020656,0.043380962509590164,-4.890931768165507,-4.9558525419989845,-4.9066448030410275,Desconocido
2025-06-13,0.4519990161162575,143586486.56195927,6551381.9250046285,kda,Kadena,880354,0.045626730494430126,-8.036711320914447,-7.778292833351019,-13.746257309024779,Desconocido
2025-06-14,0.4274859943412542,135566245.57836124,9983826.540889563,kda,Kadena,890859,0.0736453716653134,-5.423246710939367,-5.585651669342296,1.1932699800307534,Desconocido
2025-06-15,0.41315434385228417,131104580.43360028,4666630.057045232,kda,Kadena,861512,0.03559471409474294,-3.3525426981660056,-3.291132778462902,-3.2942362371598644,Desconocido
2025-06-16,0.41231433913183346,132234089.06677222,4125693.456619728,kda,Kadena,859373,0.0311999234519356,-0.2033149918305166,0.8615325486236447,-0.24828441159263637,Desconocido
2025-06-17,0.40782451509835965,131070774.36220406,7315566.731805245,kda,Kadena,850071,0.055813866725081186,-1.0889323041559873,-0.8797388878905021,-1.082417064534258,Desconocido
2025-06-18,0.3865521691965884,123913482.98023197,5703264.290833816,kda,Kadena,807103,0.04602618015138565,-5.216053747195836,-5.460631034492447,-5.054636612706465,Desconocido
2025-06-19,0.3972256415210468,127289694.22735761,5498150.87903779,kda,Kadena,828571,0.04319399863760617,2.761198403476084,2.724652044252718,2.65988355885185,Desconocido
2025-06-20,0.38668873195786707,123915358.63409437,3940968.135763478,kda,Kadena,805493,0.03180371004211539,-2.652625727491309,-2.6509102828357722,-2.7852773027296385,Desconocido
2025-06-21,0.3751854929088182,120230392.49268518,7110664.631931541,kda,Kadena,782497,0.059141989679224856,-2.97480585762252,-2.9737767634522294,-2.8548975596311865,Desconocido
2025-06-22,0.3539585726046166,113068415.59660204,4781809.107851268,kda,Kadena,740989,0.04229128959329799,-5.657713505825878,-5.956877248420267,-5.304557078174099,Desconocido
2025-06-23,0.3448849025699166,110613920.93717417,8978744.893822614,kda,Kadena,712255,0.08117192499597142,-2.5634836212416245,-2.170804858701525,-3.8777903585613283,Desconocido
2025-06-24,0.3841780447832507,123160985.04999825,6983358.7560467,kda,Kadena,798494,0.056701062866716646,11.393117506895912,11.343114868833283,12.10788271054608,Desconocido
2025-06-25,0.3929221337481109,126066462.95617226,7297304.4258307945,kda,Kadena,819022,0.05788458131301538,2.27605119126304,2.359089532285319,2.5708396055574623,Desconocido
2025-06-26,0.37726718574681617,121035755.04796341,7716977.846916286,kda,Kadena,786689,0.06375783621838227,-3.9842367371777043,-3.9905203891996255,-3.947757203103208,Desconocido
2025-06-27,0.373006527364572,119747958.41364342,4770836.16921394,kda,Kadena,771689,0.03984064724288759,-1.1293477257530382,-1.0639803368927336,-1.9067255294023422,Desconocido
2025-06-28,0.3798884881239737,121955407.7302237,4517943.967339463,kda,Kadena,786548,0.03704586825156257,1.8449974074248088,1.8434129030869384,1.9255166265166324,Desconocido
2025-06-29,0.4019032848123098,129074543.73610468,3590388.5829507504,kda,Kadena,813404,0.027816395696825914,5.795068125663172,5.837491045603449,3.414413360659485,Desconocido
2025-06-30,0.41538695355527766,133366170.72193664,4564892.627038281,kda,Kadena,849338,0.03422826495150639,3.3549536051353135,3.3249212909140846,4.417730918461182,Desconocido
2024-08-31,0.315685098360325,341548931.26610297,6293697.998039181,kava,Kava,142329148,0.018426929268110404,,,,Desconocido
2024-09-01,0.3059492344898308,330668682.07694024,8108562.218708693,kava,Kava,139134941,0.02452171208890592,-3.0840429025831284,-3.185560894256134,-2.2442395285047323,Desconocido
2024-09-02,0.2901699606416962,314211922.7997034,9612255.526280453,kava,Kava,137768179,0.030591632044490728,-5.157481068532976,-4.976812189733659,-0.982328371418939,Desconocido
2024-09-03,0.3045997996493745,330371848.992984,8573860.294358525,kava,Kava,138310592,0.025952151554355363,4.972892085647818,5.14300222897075,0.39371428434138434,Desconocido
2024-09-04,0.28852393089687806,314690004.66894186,8616250.915068807,kava,Kava,130041650,0.02738012261982461,-5.277701682995661,-4.746725355638626,-5.978531275464427,Desconocido
2024-09-05,0.2944666945613883,318825172.6679365,7512098.2509028455,kava,Kava,130042038,0.02356181034277009,2.0597125673551986,1.3140449132932996,0.000298365946593826,Desconocido
2024-09-06,0.28603428022562705,310185126.17582285,8760483.010177478,kava,Kava,134093773,0.02824275656986775,-2.86362243727476,-2.709963714537822,3.1157117054717354,Desconocido
2024-09-07,0.2782772903750874,301189803.53924394,6994884.73887019,kava,Kava,129379155,0.02322417511042595,-2.7119091615245616,-2.899985162886265,-3.515911212372258,Desconocido
2024-09-08,0.2800668270779048,303150997.74472404,8470048.550439244,kava,Kava,131037008,0.02794003190968107,0.6430768031431056,0.651148937458812,1.2813911174485604,Desconocido
2024-09-09,0.28706082450559256,311683127.0874337,6657273.410668117,kava,Kava,125286497,0.02135910747841224,2.497260207736862,2.814481695981197,-4.38846329580419,Desconocido
2024-09-10,0.3012196557903923,326177133.559893,11101474.873140844,kava,Kava,131947883,0.034035110775484136,4.932345369377944,4.650237761633291,5.316922541141844,Desconocido
2024-09-11,0.3085117564552222,333907807.60816973,9723491.32829975,kava,Kava,133375441,0.02912028741690868,2.420858175969842,2.3700846113595464,1.0819104994659101,Desconocido
2024-09-12,0.30302272818808373,328196578.8435497,5735423.566518572,kava,Kava,133470079,0.017475573897595777,-1.7791958174323774,-1.710420851051786,0.07095609153411342,Desconocido
2024-09-13,0.31493065705050594,341010632.77736443,7762924.387149058,kava,Kava,134796961,0.02276446433333719,3.929714755597824,3.9043837626117073,0.9941419155075293,Desconocido
2024-09-14,0.31836695243695273,344988073.01057166,13022675.70808564,kava,Kava,143179554,0.03774819110249814,1.0911276211180931,1.166368391745709,6.218680998305293,Desconocido
2024-09-15,0.3141161314801632,340044488.6086184,12427692.876227517,kava,Kava,137512272,0.03654725570491878,-1.3351954165630064,-1.4329725543299587,-3.958164306057277,Desconocido
2024-09-16,0.3032888078947263,328747298.974225,5973618.944946183,kava,Kava,136201629,0.018170853307648123,-3.446917397848026,-3.3222681186861225,-0.9531098431709406,Desconocido
2024-09-17,0.2956853918361534,320634896.17374474,12633152.776495827,kava,Kava,131968209,0.03940042998205102,-2.5069886723983914,-2.467671316477127,-3.108200710286657,Desconocido
2024-09-18,0.3055361904780782,330982253.88472974,8428022.564735657,kava,Kava,134368505,0.025463669020970713,3.3315134646162647,3.2271464629907376,1.818844112675655,Desconocido
2024-09-19,0.3300990095897674,356636554.7833441,38910002.15802415,kava,Kava,135724998,0.10910267507956914,8.03925030067807,7.750959635300836,1.0095319584005225,Desconocido
2024-09-20,0.3888314615770492,420253925.45319325,88637176.73675033,kava,Kava,149200463,0.21091338204911664,17.792374494025864,17.83815198318539,9.928506316868768,Desconocido
2024-09-21,0.37881747535038374,409896994.5156188,45957371.1830637,kava,Kava,148162210,0.11211931728694959,-2.575405340414083,-2.4644459718979994,-0.6958778673495147,Desconocido
2024-09-22,0.39132666350615664,424187704.4717549,15343831.937707566,kava,Kava,150711984,0.0361722694362756,3.3021676585016646,3.486414915782343,1.7209341032372594,Desconocido
2024-09-23,0.37334468257334236,403816849.3570337,14044693.622559372,kava,Kava,147339394,0.03477986033748134,-4.595133071613811,-4.802320977240305,-2.2377716160912553,Desconocido
2024-09-24,0.3769365101842336,408124401.7135349,13426557.244419852,kava,Kava,147697506,0.03289819767709954,0.962067434879188,1.066709416251399,0.24305244529512215,Desconocido
2024-09-25,0.3839128723267901,415429763.72422135,16521308.503926972,kava,Kava,152468723,0.039769197940507865,1.850805627490626,1.7899841273921524,3.230397810508734,Desconocido
2024-09-26,0.37878400225966613,409283251.3585732,20994919.416522104,kava,Kava,151526379,0.0512967959153756,-1.3359463661740012,-1.4795551263699136,-0.6180572523061034,Desconocido
2024-09-27,0.3862873319052082,418293066.8103586,23340686.58906467,kava,Kava,148514832,0.055799840927429546,1.9808992990148377,2.201364317224863,-1.9874737454130043,Desconocido
2024-09-28,0.3973189681146047,430180313.8268576,18973820.892870765,kava,Kava,151132083,0.04410666941980869,2.8558110241377443,2.8418465328970743,1.762282571211471,Desconocido
2024-09-29,0.40033919030591986,433398954.2764128,13223859.324663296,kava,Kava,154661945,0.030511977922838725,0.7601505172650125,0.7482072856664024,2.335613941084902,Desconocido
2024-09-30,0.3884228007539307,420558673.51940393,16850884.636857476,kava,Kava,153660271,0.04006785663423014,-2.9765733259547233,-2.9626930638184223,-0.6476538233112228,Desconocido
2024-10-01,0.3608748891688989,390646716.41329885,17030007.639533486,kava,Kava,149653320,0.04359439596956953,-7.092248841098192,-7.112433767157822,-2.6076688358827593,Desconocido
2024-10-02,0.334299615753538,362260819.0001079,31017615.926689893,kava,Kava,139569324,0.08562233148012802,-7.364123748417139,-7.26638577019526,-6.738237414311953,Desconocido
2024-10-03,0.31920696546979843,345653171.86026865,21290133.4646746,kava,Kava,136789203,0.061593918985592876,-4.514707637255144,-4.584444761561224,-1.9919283982488878,Desconocido
2024-10-04,0.31026536318407477,335937937.6352456,14445935.459719794,kava,Kava,137822859,0.043001798372069806,-2.801192722271495,-2.8106885791722047,0.7556561317196842,Desconocido
2024-10-05,0.3348345838054936,362577213.1761947,9904527.220326532,kava,Kava,141083957,0.027317015136065426,7.918776485160661,7.929820528300513,2.366151757162438,Desconocido
2024-10-06,0.3303813623249494,357501865.66464734,12084873.413595423,kava,Kava,141678453,0.03380366530711079,-1.3299765603457026,-1.3997977057319977,0.42137746391675,Desconocido
2024-10-07,0.3434071935013844,371922086.2950034,4768348.663024874,kava,Kava,135873133,0.012820826831033333,3.9426652535027973,4.03360709839844,-4.097532036152318,Desconocido
2024-10-08,0.3356844459626223,363497490.4337394,21011035.827779654,kava,Kava,136734785,0.05780242334743072,-2.2488601534582986,-2.265150732291199,0.6341592196891455,Desconocido
2024-10-09,0.329999870663491,357451801.48423487,34276234.58523241,kava,Kava,137283045,0.09589050731569507,-1.6934282679764823,-1.6631996392301396,0.40096600144579053,Desconocido
2024-10-10,0.32819008914745434,355382190.70063263,28721826.927431315,kava,Kava,136672420,0.08081954492656626,-0.5484188561643899,-0.5789901673480591,-0.444792727317489,Desconocido
2024-10-11,0.3233686788660068,349860270.7110167,22924695.478966523,kava,Kava,134546266,0.06552528937446069,-1.4690907619947402,-1.55379761116603,-1.5556569496610995,Desconocido
2024-10-12,0.3442162989280797,372389227.8967118,42392816.89027546,kava,Kava,136088726,0.11384007300563967,6.447012782803085,6.439415695846162,1.1464160588447792,Desconocido
2024-10-13,0.3478788026851855,376552581.6915025,26951406.788785886,kava,Kava,138618638,0.07157408579624694,1.0640122993917478,1.1180113394540614,1.85901659480594,Desconocido
2024-10-14,0.34087427481327875,368818085.76032645,12140695.0696946,kava,Kava,142179791,0.03291784090432088,-2.0134966022191114,-2.0540281244208036,2.569028993056466,Desconocido
2024-10-15,0.359810255241408,389501057.05783844,12229658.312338563,kava,Kava,139565670,0.03139826732363023,5.555121588011236,5.607905928711054,-1.838602365085762,Desconocido
2024-10-16,0.3792188757767037,410670713.8475749,56286249.34414572,kava,Kava,143557726,0.13705932136431087,5.394126557697443,5.435070433350031,2.8603423750267476,Desconocido
2024-10-17,0.3695265825331331,400217510.18177056,17941661.51936657,kava,Kava,149431912,0.0448297764663466,-2.555857279972995,-2.5453978852955528,4.091863366517812,Desconocido
2024-10-18,0.3604479465521895,390312746.54132414,11958999.494693886,kava,Kava,148701765,0.030639530993199923,-2.456828929250199,-2.4748451500654967,-0.48861517612114325,Desconocido
2024-10-19,0.36619993922915617,396541317.6438075,10460621.196913058,kava,Kava,145231297,0.02637965006791371,1.5957901083877735,1.5957898269212345,-2.3338445243067607,Desconocido
2024-10-20,0.3689376653898906,399423535.0022569,10400336.556894349,kava,Kava,146388653,0.026038366910040953,0.747604209464714,0.7268391035706312,0.7969053667543857,Desconocido
2024-10-21,0.38375802297704986,415417370.4881504,29579416.117666278,kava,Kava,148635323,0.0712040906785096,4.017035661430013,4.004229617016231,1.5347296077654393,Desconocido
2024-10-22,0.36666464028740825,396747426.96756804,23919875.320885204,kava,Kava,145991613,0.060289931818109876,-4.454208554921568,-4.494261638275654,-1.778655266218243,Desconocido
2024-10-23,0.3643178400264093,394263607.3773059,11519863.326436743,kava,Kava,142664226,0.02921868290879904,-0.6400399719916794,-0.6260455447049784,-2.2791631187744965,Desconocido
2024-10-24,0.3488507799718369,377630525.3338553,19286276.76780841,kava,Kava,140626830,0.051071816164113895,-4.2454852206664455,-4.218771840012359,-1.4281057396967944,Desconocido
2024-10-25,0.3509622956115522,379673975.0834402,16073375.949033653,kava,Kava,141894831,0.04233467923499692,0.6052776031877372,0.5411240915385029,0.9016778661653735,Desconocido
2024-10-26,0.32013326413685206,345651316.3422075,10103484.055723261,kava,Kava,140168773,0.02923027796520943,-8.784143442240854,-8.961019446685958,-1.2164347269281395,Desconocido
2024-10-27,0.3219513015223593,348557957.04466164,9348717.570545187,kava,Kava,139448666,0.026821127969106472,0.5679001806978778,0.8409170065409199,-0.5137428148850209,Desconocido
2024-10-28,0.32861732934174376,355952615.10932434,10134698.134244706,kava,Kava,136838219,0.028472042918218254,2.0705081134519077,2.121500288606293,-1.8719770327526808,Desconocido
2024-10-29,0.3268544123077892,354069842.0815637,21318985.722978808,kava,Kava,141614597,0.060211244193081416,-0.5364650237666524,-0.5289392317520569,3.490529206610038,Desconocido
2024-10-30,0.34799261727492625,376694485.65252244,18658360.070961963,kava,Kava,144958004,0.049531811007642826,6.467162189394515,6.389881566289102,2.360919757445634,Desconocido
2024-10-31,0.3505271437734662,379821557.63012743,17586193.92581551,kava,Kava,145574956,0.046301200057056936,0.7283276634968416,0.8301347900509182,0.42560740557657795,Desconocido
2024-11-01,0.3269241192926264,354055406.30922127,12096126.035571376,kava,Kava,141421815,0.03416450030142171,-6.733579667112366,-6.783751686363571,-2.852922723878415,Desconocido
2024-11-02,0.3222004227820102,348842330.62302685,12727033.203558628,kava,Kava,136180507,0.03648362622973063,-1.4448907963220736,-1.472389799251217,-3.706152406543506,Desconocido
2024-11-03,0.3179985860270541,344041372.05318695,6272834.361322888,kava,Kava,135150938,0.018232790794570897,-1.3041065305488209,-1.3762545850629637,-0.7560325796114098,Desconocido
2024-11-04,0.3055246324939128,331438440.24445826,10960978.053636415,kava,Kava,132609835,0.033070931801247774,-3.922644339078929,-3.66320240310527,-1.8801963475828742,Desconocido
2024-11-05,0.29424088772329504,318655400.0549884,9954688.789858336,kava,Kava,132385635,0.031239667641409865,-3.6932356905273744,-3.8568369378161216,-0.16906739986517483,Desconocido
2024-11-06,0.311112666606666,336889675.7527627,9354291.530404985,kava,Kava,135585861,0.027766631641362418,5.734002168739116,5.722255356296402,2.4173513991907036,Desconocido
2024-11-07,0.34269151767932443,371099658.01873374,14997053.615501007,kava,Kava,143091306,0.04041246951174482,10.150294238126612,10.154654395249896,5.535566131043712,Desconocido
2024-11-08,0.34186202408558597,369973942.515804,13447760.631524775,kava,Kava,141964424,0.036347858825085594,-0.24205256066905934,-0.30334587451248396,-0.7875265321849789,Desconocido
2024-11-09,0.3438391967839795,372142621.12576574,18180664.771422774,kava,Kava,142038746,0.04885402461138309,0.5783540022270994,0.586170635481742,0.05235255277757922,Desconocido
2024-11-10,0.35699958762296813,387012619.4516107,23526264.86249215,kava,Kava,145545018,0.06078939982843042,3.827484173439588,3.995779435545921,2.4685320722276805,Desconocido
2024-11-11,0.3740998343536732,405070426.05278784,24094923.115302444,kava,Kava,152520425,0.059483293683262994,4.789990611631989,4.665947747844679,4.792611314253303,Desconocido
2024-11-12,0.40107262835353297,435063498.327369,24234683.653503202,kava,Kava,154068145,0.05570378518693267,7.2100523771843505,7.404409294168635,1.0147624490293605,Desconocido
2024-11-13,0.41106648948598495,444405632.327373,67041347.26197853,kava,Kava,157557093,0.15085620519902024,2.491783389327362,2.1473035627949777,2.2645485866010784,Desconocido
2024-11-14,0.38745872303631373,420043991.7802935,63957547.132349044,kava,Kava,152298001,0.15226392564567956,-5.743053022685308,-5.4818478378630076,-3.3378960603189123,Desconocido
2024-11-15,0.3790882777709657,408627362.34952253,47216286.38583271,kava,Kava,153095263,0.11554851861693467,-2.160345029724242,-2.7179604170466387,0.5234881579305739,Desconocido
2024-11-16,0.3985598956384302,431284384.04145795,17882636.35960642,kava,Kava,156116555,0.04146367691784412,5.136433651274408,5.5446658201404375,1.9734719029157688,Desconocido
2024-11-17,0.4240181291196425,458506088.88763565,41945515.54680336,kava,Kava,163593403,0.09148300658027421,6.38755523568979,6.3117761396992655,4.789272989017723,Desconocido
2024-11-18,0.44602452968311473,482446505.0633494,91555678.79027137,kava,Kava,166343142,0.1897737424344059,5.189966902868637,5.221395474549695,1.6808373379212593,Desconocido
2024-11-19,0.47470622474316515,513070357.9732988,66383440.380722314,kava,Kava,170781441,0.12938467278239651,6.430519657837608,6.347616282540636,2.6681586909065302,Desconocido
2024-11-20,0.4616093823443153,499859232.4203605,55267893.69510947,kava,Kava,170565928,0.11056691586448784,-2.7589363097009656,-2.574914989266597,-0.1261922833875162,Desconocido
2024-11-21,0.4407018915578054,477163990.1049621,26445272.179309838,kava,Kava,167474162,0.05542176846474239,-4.529260363021592,-4.540326724687294,-1.812651586546643,Desconocido
2024-11-22,0.46362271728169724,501960415.1551076,36676866.93839544,kava,Kava,173542075,0.07306724958991469,5.200981925189985,5.196625387571885,3.623193528802382,Desconocido
2024-11-23,0.4777684400325427,516319602.7338615,28602240.86211252,kava,Kava,173548299,0.0553963876456878,3.0511280451882117,2.86062150425086,0.003586450144732467,Desconocido
2024-11-24,0.508412500147685,550249203.2292529,36650906.02900494,kava,Kava,180680930,0.06660783116797153,6.413998403296595,6.571433723557574,4.109882402246989,Desconocido
2024-11-25,0.5285067576821444,573653523.0014955,48521381.64849268,kava,Kava,183469826,0.08458307968652741,3.952353163744471,4.253403664174238,1.5435475121807318,Desconocido
2024-11-26,0.5123819195922539,554944750.0235012,37950490.01628725,kava,Kava,178860723,0.06838606909008528,-3.0510183371370125,-3.261336717694241,-2.51218584575319,Desconocido
2024-11-27,0.5319498801736093,575607505.7794328,56755150.352232486,kava,Kava,176982351,0.09860043481430993,3.8190185549340505,3.723389716734249,-1.0501869658661733,Desconocido
2024-11-28,0.5570320348856301,602638474.6262069,30669502.270095363,kava,Kava,186628957,0.05089204151646384,4.715134949148769,4.6960765061899945,5.4506033768304984,Desconocido
2024-11-29,0.5526872786690503,597945020.2581813,31455773.68333182,kava,Kava,184792322,0.0526064648381047,-0.7799831866890483,-0.778817577310631,-0.9841104132623957,Desconocido
2024-11-30,0.6032849731910566,654824426.3308477,30902396.54811952,kava,Kava,194532305,0.04719188122115987,9.154850577319728,9.512480938148293,5.2707725594789645,Desconocido
2024-12-01,0.6142044531448534,664931125.8748919,34155770.43374083,kava,Kava,201855572,0.05136738092806218,1.8100036365962469,1.5434212802162284,3.7645505716903838,Desconocido
2024-12-02,0.610320677807722,661010525.8848985,27823520.209290344,kava,Kava,201526713,0.042092401133919675,-0.6323261443718975,-0.5896249757950112,-0.1629179698839356,Desconocido
2024-12-03,0.6285857013046775,680616463.9608465,49616243.47965583,kava,Kava,202951198,0.07289897630585392,2.992692884429804,2.966055351342778,0.7068467394692135,Desconocido
2024-12-04,0.6946627377428464,752275069.5119907,106986107.02679409,kava,Kava,215691643,0.14221673874716756,10.512017104592264,10.52848547537728,6.27759043826881,Desconocido
2024-12-05,0.7045967699703348,762495830.0435543,88923946.07925142,kava,Kava,213695467,0.11662220641150525,1.430051115130615,1.3586467165785487,-0.9254767464495606,Desconocido
2024-12-06,0.715469324981039,774841254.5400424,90875690.87869118,kava,Kava,213736744,0.11728297937961031,1.543088965787054,1.6190809195353761,0.019315805140585063,Desconocido
2024-12-07,0.71576325563432,774614089.7149769,70617428.89357957,kava,Kava,217013218,0.09116465841663635,0.04108221596903494,-0.029317595537725616,1.5329484012351235,Desconocido
2024-12-08,0.7108701545347049,771149263.1369439,33037389.22993599,kava,Kava,217302498,0.04284175685462475,-0.6836200463068876,-0.44729712821359735,0.13330063609304776,Desconocido
2024-12-09,0.7164433543265682,774032724.5634242,32267976.060505588,kava,Kava,221789220,0.04168812898538058,0.7839968742971326,0.37391741966408265,2.064735583481414,Desconocido
2024-12-10,0.5701490568553647,617173529.3678054,56533064.11230464,kava,Kava,189092008,0.09159994948294954,-20.41952048096184,-20.26518908281194,-14.742471252660517,Desconocido
2024-12-11,0.5392361799725132,583709094.488494,49229469.70320985,kava,Kava,195875911,0.08433904862549688,-5.421893890932717,-5.422208388229199,3.587620160022831,Desconocido
2024-12-12,0.5816385227869493,630390628.0108435,35999228.74272001,kava,Kava,205676197,0.0571062245267085,7.863408352272927,7.997396984752592,5.003313551915012,Desconocido
2024-12-13,0.5915597560595826,639356459.977806,37652869.23514017,kava,Kava,207402493,0.05889182575311308,1.705738682007385,1.422266063068478,0.8393270709881939,Desconocido
2024-12-14,0.583761485274159,631833891.2600977,27390126.404703993,kava,Kava,199041975,0.04335020134813994,-1.3182557984282584,-1.1765844546200999,-4.031059549510818,Desconocido
2024-12-15,0.5549301871197834,600521669.6117041,22680308.891777262,kava,Kava,191584126,0.037767677736662356,-4.938883239416747,-4.955767976603176,-3.7468724875745485,Desconocido
2024-12-16,0.5701810257977284,617939276.6369908,30926453.095603786,kava,Kava,192477609,0.050047721944322325,2.7482445597527327,2.9004127422327386,0.4663658825261985,Desconocido
2024-12-17,0.5635574160494847,609667613.731405,33667132.161498874,kava,Kava,206034085,0.055222110217472135,-1.1616678648639245,-1.3385883076736271,7.043144431412807,Desconocido
2024-12-18,0.5262655667803888,569975482.904943,23171648.700656988,kava,Kava,193277295,0.04065376388219388,-6.617222701195258,-6.510454210209826,-6.191592036822446,Desconocido
2024-12-19,0.4639939717652587,501820047.9117774,29386723.124262214,kava,Kava,185284461,0.05856028121345314,-11.83273216906402,-11.957608184443991,-4.1354231494185605,Desconocido
2024-12-20,0.4234695100638201,458961972.3388727,28340107.22508674,kava,Kava,176942287,0.06174826877413264,-8.73383366324003,-8.540526778722757,-4.502360292372276,Desconocido
2024-12-21,0.43838154448244865,474852656.6408042,27621195.917737857,kava,Kava,174888855,0.0581679296334474,3.52139506251139,3.4623095723927744,-1.160509471656146,Desconocido
2024-12-22,0.41964855327014644,453612437.5572913,16819292.184616614,kava,Kava,174394228,0.0370785516269984,-4.273216208136288,-4.473012583265323,-0.28282362532477956,Desconocido
2024-12-23,0.42568976566904876,462635742.4564629,13705214.06494682,kava,Kava,174261119,0.02962420065552235,1.4395885204001369,1.989210205029246,-0.07632649401676517,Desconocido
2024-12-24,0.4531950724992819,491033803.8503433,20487212.784420356,kava,Kava,175685633,0.04172261181159826,6.461350271600641,6.138319802766379,0.8174594586414896,Desconocido
2024-12-25,0.4835616587703809,522456149.12041306,14091694.91996102,kava,Kava,183270813,0.026972014672782114,6.700555260593011,6.39922242087565,4.317473131112548,Desconocido
2024-12-26,0.4763518614934608,515819456.22354615,12167288.799940886,kava,Kava,182477156,0.023588270378595063,-1.4909778610763702,-1.2702870677357647,-0.4330514974034583,Desconocido
2024-12-27,0.44481457070219876,482255527.5845065,12043145.871527009,kava,Kava,175046447,0.02497254086821569,-6.620587288645452,-6.506914044066936,-4.072131089110131,Desconocido
2024-12-28,0.4544915025084953,491701616.4109657,13934997.70680278,kava,Kava,178604474,0.028340353665129842,2.1754979363693527,1.958731063959429,2.032618805453379,Desconocido
2024-12-29,0.48278628307612304,522864541.2187133,11765292.690911874,kava,Kava,178389733,0.022501607516717172,6.225590668133307,6.337771479217902,-0.12023271040791927,Desconocido
2024-12-30,0.46865464494893216,507390136.4343211,11006542.243231397,kava,Kava,174069473,0.02169246395008732,-2.927100173010233,-2.9595437373366007,-2.4218097798262894,Desconocido
2024-12-31,0.45835958077270417,496580042.9115175,16246443.064910658,kava,Kava,172021407,0.03271666531271679,-2.196727224873618,-2.1305289059758703,-1.1765796521943872,Desconocido
2025-01-01,0.44528640221632476,482287348.3683077,14152843.846049827,kava,Kava,169174615,0.0293452521488118,-2.852166531425082,-2.8782257255869026,-1.6549056595031808,Desconocido
2025-01-02,0.46202435250967305,500223535.4121479,9735860.60848352,kava,Kava,174967124,0.019463019868631085,3.758917903182857,3.718983528081865,3.423982374660639,Desconocido
2025-01-03,0.47405613460866114,513394152.3613129,13401588.800287368,kava,Kava,184940461,0.026103898415375196,2.604144572387268,2.6329462763708955,5.700120555219268,Desconocido
2025-01-04,0.5222998217507284,565600938.7043699,25344024.441498898,kava,Kava,198921239,0.04480902117941108,10.17678785696825,10.168948380681053,7.559610225044255,Desconocido
2025-01-05,0.553228439733545,599132707.770756,58803542.70006009,kava,Kava,205725219,0.09814777583893797,5.921621393464194,5.928520759388722,3.420439181961865,Desconocido
2025-01-06,0.5575309637905846,602916188.2208128,26441663.445647094,kava,Kava,206021229,0.04385628377913626,0.7777120169584872,0.6314928898030425,0.14388610275339886,Desconocido
2025-01-07,0.5516304472950222,597036493.7324414,23924115.71220852,kava,Kava,209272333,0.04007144615674026,-1.0583298289740806,-0.9752092584745742,1.578043202528412,Desconocido
2025-01-08,0.4978161504430923,539318373.7040868,15213034.381112555,kava,Kava,198507248,0.02820789189255333,-9.755497927247115,-9.667435849276696,-5.144055521185398,Desconocido
2025-01-09,0.5039979852122936,546509515.74125,16459056.245146979,kava,Kava,197392701,0.03011668739714986,1.241790722076619,1.333376051658286,-0.5614641335413562,Desconocido
2025-01-10,0.5045386475105331,544851192.4147123,24716717.861813996,kava,Kava,193590528,0.04536416218944588,0.10727469436446757,-0.3034390580168522,-1.9261973622824113,Desconocido
2025-01-11,0.5011677499407625,542691423.5098499,15750711.371685773,kava,Kava,186266011,0.029023328339737243,-0.6681148384574898,-0.39639610501549516,-3.7835100072664662,Desconocido
2025-01-12,0.4958191963679244,537447174.0080833,7790233.069840528,kava,Kava,187453783,0.014494881444335887,-1.0672182265260122,-0.9663409581543547,0.6376751150804383,Desconocido
2025-01-13,0.48210837291347663,521816074.6805104,7787007.4896310335,kava,Kava,184432329,0.014922896912286085,-2.765286934206068,-2.9083973427568632,-1.6118394367106492,Desconocido
2025-01-14,0.45688874339473406,494664694.50917375,23226912.45066812,kava,Kava,180703340,0.046954861967084184,-5.231112118284809,-5.203247176308334,-2.0218738331933106,Desconocido
2025-01-15,0.47391094786654037,513180866.29643,8759036.423778076,kava,Kava,186234993,0.01706812743622162,3.7256782352153017,3.7431763359681014,3.0611791680220213,Desconocido
2025-01-16,0.4998132906073203,541206461.2102846,11478428.15693077,kava,Kava,204772749,0.021208963638870624,5.465656123241613,5.461153514181505,9.953959619178555,Desconocido
2025-01-17,0.494527270063411,535501158.64708567,11302783.89854792,kava,Kava,206201897,0.02110692706455348,-1.0575990361293308,-1.0541822709286053,0.6979190380454359,Desconocido
2025-01-18,0.5176800500018074,561321259.6580417,10998982.67601309,kava,Kava,208363011,0.019594808653272275,4.68180044660178,4.82167042853634,1.0480572833915236,Desconocido
2025-01-19,0.4895156641125356,529741662.45574445,19341862.403991133,kava,Kava,197898194,0.03651187696721322,-5.440500534871573,-5.625939986940032,-5.022396705526589,Desconocido
2025-01-20,0.44310866303358054,481837604.0073606,17949825.39991449,kava,Kava,198513529,0.03725285293349642,-9.480187148472229,-9.04290937328076,0.31093512657320854,Desconocido
2025-01-21,0.4429530501172832,479603860.5502791,29083276.527705237,kava,Kava,196717027,0.06064020521923281,-0.03511845497038424,-0.4635884452570349,-0.9049771111569904,Desconocido
2025-01-22,0.4778589072750186,517646066.4552217,37719368.95492689,kava,Kava,203165529,0.07286710244554666,7.880261158263435,7.932005772700501,3.2780599108993336,Desconocido
2025-01-23,0.4827742831830676,523060799.27590054,24465747.47374947,kava,Kava,195894987,0.04677419433384922,1.0286249420522031,1.0460299365854908,-3.578629719217774,Desconocido
2025-01-24,0.46364152465533165,502266568.045802,30145624.412698623,kava,Kava,189757544,0.06001917374271589,-3.9630856891523347,-3.975490279310756,-3.133027084557294,Desconocido
2025-01-25,0.4433835230482577,479797141.46915513,30566096.433552492,kava,Kava,194727006,0.06370629124625059,-4.369324258031815,-4.473605851185747,2.6188481866101787,Desconocido
2025-01-26,0.4503476707469413,487809928.5077484,16431127.347559042,kava,Kava,198919270,0.0336834623227601,1.570682566371695,1.6700364270737067,2.1528929582576684,Desconocido
2025-01-27,0.4387373300074568,475753688.6095861,15478174.41175667,kava,Kava,196751267,0.03253400821124983,-2.578083887994298,-2.471503590556956,-1.0898908889018122,Desconocido
2025-01-28,0.4359429315260385,471982412.74635905,39677417.79249293,kava,Kava,193139165,0.08406545820556957,-0.6369183313785443,-0.7926950339048,-1.8358722945352124,Desconocido
2025-01-29,0.41620214335646094,450662250.92716986,26890894.900896482,kava,Kava,187605407,0.059669730148403835,-4.528296421844491,-4.5171517504501875,-2.8651661614049084,Desconocido
2025-01-30,0.41384415307944505,448216702.8911034,28796949.122681104,kava,Kava,170840432,0.0642478268590483,-0.5665492873246358,-0.5426565085127733,-8.936296276364786,Desconocido
2025-01-31,0.4312647829807925,467727409.0577592,19425980.82428564,kava,Kava,173726716,0.04153269713959984,4.2094662378867165,4.352962761273105,1.6894618950624052,Desconocido
2025-02-01,0.4522084013677905,489202342.6613228,33422700.191751394,kava,Kava,170189449,0.06832080976948653,4.8563247483926375,4.591335292243182,-2.0361099786172177,Desconocido
2025-02-02,0.45387514554183245,491480434.699154,54556006.52722286,kava,Kava,167871742,0.11100341473535522,0.36857877230953573,0.4656748014406853,-1.3618394169664372,Desconocido
2025-02-03,0.4312855141074109,467620860.94579804,58517164.60315821,kava,Kava,157914293,0.12513805411675366,-4.977058483221031,-4.854633484639315,-5.9315813855079895,Desconocido
2025-02-04,0.536759850604253,580123205.7934529,121638825.65368105,kava,Kava,183008994,0.20967757269304851,24.45580318530567,24.058452956976815,15.8913424005261,Desconocido
2025-02-05,0.482816483066539,522370057.9175097,57605291.85391169,kava,Kava,171155963,0.11027678746282288,-10.049814172387839,-9.955324541267462,-6.476747803990445,Desconocido
2025-02-06,0.4613917591929119,499699872.2666804,41315367.94090634,kava,Kava,166705496,0.08268036522302152,-4.437446654172006,-4.3398708075280235,-2.6002406939219513,Desconocido
2025-02-07,0.45382359097912206,490638864.4747389,30291452.32927947,kava,Kava,164921812,0.06173879511503529,-1.640291154533935,-1.8132899956207815,-1.0699611247370067,Desconocido
2025-02-08,0.4833112292944864,523355405.09069574,22452376.196028177,kava,Kava,169848513,0.042900820317576076,6.497599265773046,6.668151054642202,2.9872949734508047,Desconocido
2025-02-09,0.47055243863376445,509370644.49528444,19928350.656956505,kava,Kava,170335985,0.0391234769265173,-2.6398705197366534,-2.6721345493676107,0.2870039845447536,Desconocido
2025-02-10,0.47922199221204886,518600161.4768682,14213042.977040598,kava,Kava,167142264,0.027406553319545314,1.842420284433377,1.8119452075470388,-1.8749537861891041,Desconocido
2025-02-11,0.46300335274895754,501364265.672549,20131884.31306159,kava,Kava,165231338,0.04015420661473733,-3.3843687741097694,-3.3235423134529762,-1.1432931170538674,Desconocido
2025-02-12,0.4739060353358952,513262184.0547574,21064462.397881646,kava,Kava,170552217,0.041040355304326065,2.354774003731497,2.3731085753086356,3.2202601905941153,Desconocido
2025-02-13,0.49921493178019466,540290464.5069923,46821172.738642596,kava,Kava,176681254,0.08665926166467934,5.340488315655456,5.265979316596492,3.593642526499674,Desconocido
2025-02-14,0.4779455621790048,517734865.56851524,21614233.485974945,kava,Kava,174180369,0.04174768771317101,-4.260563586378218,-4.174717197546462,-1.41547840723385,Desconocido
2025-02-15,0.4830410449847298,522816355.5212354,13291294.111056775,kava,Kava,171744860,0.025422491034745216,1.066122004040393,0.9814849821134342,-1.3982683662818518,Desconocido
2025-02-16,0.4756276060446594,515196304.43635184,9804693.715499379,kava,Kava,170693754,0.019030986113586664,-1.534743065220201,-1.4575005170384459,-0.6120159869704378,Desconocido
2025-02-17,0.45995862620893296,497966815.4453765,11311446.81210279,kava,Kava,167867574,0.022715262264988375,-3.294379812397852,-3.3442571001795485,-1.6557020592563698,Desconocido
2025-02-18,0.45811918995059353,496045043.3222847,10364400.800415985,kava,Kava,166260062,0.020894071899196755,-0.3999134168871654,-0.38592373296462146,-0.9576072148394732,Desconocido
2025-02-19,0.4572360324187229,490533182.5497148,10917811.227865001,kava,Kava,164593840,0.022257028915181488,-0.19277898661391735,-1.1111613444726665,-1.0021781418558584,Desconocido
2025-02-20,0.4540995990119209,491817546.8741604,8147698.681186335,kava,Kava,172298398,0.016566506691293503,-0.6859549957624056,0.2618302635042369,4.6809516079095115,Desconocido
2025-02-21,0.45927175968285366,497312281.94242436,11587174.283713717,kava,Kava,171448612,0.023299594046734616,1.1389925651083876,1.1172303841509468,-0.4932059786185605,Desconocido
2025-02-22,0.4233437919147838,458396751.4163985,15988646.799840502,kava,Kava,163557604,0.034879494129129926,-7.822812313319605,-7.825169805585297,-4.602549946569412,Desconocido
2025-02-23,0.43743572122842656,474075632.411973,8523638.44269374,kava,Kava,166308221,0.01797949073933139,3.328719963012805,3.420373496785989,1.6817420485078838,Desconocido
2025-02-24,0.4377193524019952,473505316.8723508,6030977.431756084,kava,Kava,166711328,0.012736873730568764,0.06483950893909629,-0.1203005386968714,0.24238549217598937,Desconocido
2025-02-25,0.3968333389784535,428971865.99476427,16522756.274097389,kava,Kava,161668004,0.03851710935816722,-9.340691289790758,-9.405058251878518,-3.025183747561533,Desconocido
2025-02-26,0.40749200310773637,441315024.78494054,27342722.436861213,kava,Kava,161012492,0.06195737942569649,2.685929603777959,2.877381891130115,-0.4054679861081212,Desconocido
2025-02-27,0.4133683694098166,447562846.22292066,17009014.944412053,kava,Kava,157624006,0.038003634769853654,1.4420813800673615,1.4157282410733218,-2.104486402210337,Desconocido
2025-02-28,0.43429724452424057,470246286.4946915,13584443.16007169,kava,Kava,159692950,0.028887932877328614,5.063008363292298,5.06821342817021,1.3125817903651082,Desconocido
2025-03-01,0.4364442166692215,472585482.5128006,35984480.83467433,kava,Kava,159543929,0.07614385580221382,0.49435546093157257,0.4974406146927679,-0.09331720655170184,Desconocido
2025-03-02,0.42315586092842267,457809622.1193386,11062182.67721716,kava,Kava,158969168,0.024163281291483096,-3.0446859491484624,-3.126600570736271,-0.36025250449986945,Desconocido
2025-03-03,0.45522674742455294,492436821.1461413,17701417.925876893,kava,Kava,172445043,0.03594657662819981,7.578977265200892,7.563667811633801,8.47703688051007,Desconocido
2025-03-04,0.4052175034206998,439391256.2097366,17613123.00249719,kava,Kava,156644032,0.04008528334048104,-10.985568024458281,-10.772054943605102,-9.162925605231809,Desconocido
2025-03-05,0.4168672413312035,451392858.13802785,28997875.25527228,kava,Kava,158546092,0.06424088182273643,2.8749345258190617,2.731415739088461,1.2142562826779058,Desconocido
2025-03-06,0.44983713675739206,487970012.9909094,17977522.38138809,kava,Kava,165681810,0.03684144907019728,7.90896768978635,8.103175358990033,4.500721468429503,Desconocido
2025-03-07,0.4385676943551263,474710605.5546398,17762220.29985272,kava,Kava,160002484,0.03741694432779692,-2.5052272214562854,-2.717258660014543,-3.4278512529528737,Desconocido
2025-03-08,0.42365051367341616,458610389.4916589,10377537.20194555,kava,Kava,159308404,0.02262822090325604,-3.4013405168031197,-3.391585499584493,-0.43379326535955,Desconocido
2025-03-09,0.41917474338715904,453746948.5362907,5833582.882558796,kava,Kava,155210259,0.01285646746799494,-1.0564770115462196,-1.0604733487959206,-2.5724600191211477,Desconocido
2025-03-10,0.4160844415791113,450873750.88543457,14801279.572930044,kava,Kava,155710678,0.03282799130324843,-0.7372347348689079,-0.6332158618641004,0.32241361055909135,Desconocido
2025-03-11,0.40149330471816214,432411670.507474,17736033.638393287,kava,Kava,148947708,0.04101654707325188,-3.506773001550667,-4.094733912032888,-4.3432923720234555,Desconocido
2025-03-12,0.43363928496870363,469026690.46926665,19489680.734755542,kava,Kava,158436662,0.041553457683305595,8.006604312644061,8.467629913600994,6.370661306181358,Desconocido
2025-03-13,0.4366943849744701,472918799.73664284,12800134.981672982,kava,Kava,157999132,0.027066242637850454,0.7045256533865452,0.8298268193398739,-0.2761545178223912,Desconocido
2025-03-14,0.4339713572127641,470073206.1172252,12269773.822671968,kava,Kava,156906969,0.026101836188493956,-0.6235545625037586,-0.601708712151483,-0.6912462025424282,Desconocido
2025-03-15,0.4702276471980593,508997401.20112324,27380571.805791758,kava,Kava,165620094,0.053793146568488485,8.354535243559823,8.280453890450246,5.553051630230654,Desconocido
2025-03-16,0.4665995303046415,505273733.8801031,8270371.606243112,kava,Kava,165168928,0.016368101192858753,-0.7715660521104284,-0.7315690241704753,-0.27241018230553804,Desconocido
2025-03-17,0.48032334054009324,519377111.4718225,22922423.29240942,kava,Kava,166613482,0.04413445025994955,2.9412396164418597,2.7912350565735045,0.8745918602801606,Desconocido
2025-03-18,0.5039812887488692,545992510.3772131,19623673.13498753,kava,Kava,168996795,0.035941286303414685,4.925421317684475,5.124484371282234,1.4304442662089079,Desconocido
2025-03-19,0.49107828108670687,531498805.2089126,11612205.033166587,kava,Kava,162674476,0.021848036005654343,-2.5602156171698254,-2.654561169399039,-3.7410881076176628,Desconocido
2025-03-20,0.5052495511799967,545637354.6100472,20997701.417555466,kava,Kava,173233848,0.038482888387584784,2.885745641597137,2.6601281625792783,6.491105586840806,Desconocido
2025-03-21,0.543439099754019,589221041.656918,27222029.80070845,kava,Kava,175247817,0.04620002999919824,7.558551706742089,7.987665558201917,1.1625724552398076,Desconocido
2025-03-22,0.5392555786222462,583336807.5604252,31786284.725096315,kava,Kava,174017643,0.054490449279259175,-0.7698233589865988,-0.9986462940878904,-0.7019625243035121,Desconocido
2025-03-23,0.5268103242829676,570643050.3291901,14286819.778097665,kava,Kava,172718177,0.025036351130283536,-2.307858246191008,-2.176059707996425,-0.7467438229812107,Desconocido
2025-03-24,0.5136064693640939,554207187.7851547,19149591.15129335,kava,Kava,172073167,0.0345531266525488,-2.506377401932125,-2.880235294998157,-0.37344650760180453,Desconocido
2025-03-25,0.49522502780514066,537156582.5805268,22821362.927654114,kava,Kava,172163095,0.04248549430041266,-3.5788960333213216,-3.0765759774371126,0.052261489439553444,Desconocido
2025-03-26,0.48416309434445565,524364007.90312153,11655953.39478456,kava,Kava,168846982,0.022228744191264263,-2.233718580361743,-2.381535494910836,-1.9261462510301697,Desconocido
2025-03-27,0.47036595355931077,509404597.3322423,11648341.788561659,kava,Kava,165238237,0.022866581592636104,-2.8496886578738168,-2.8528675396124914,-2.137287239164276,Desconocido
2025-03-28,0.47004895691050086,509018785.0992594,12402909.72164959,kava,Kava,159135068,0.02436631040882117,-0.0673936211605386,-0.07573787810385424,-3.6935573211181127,Desconocido
2025-03-29,0.43785917024022963,474078567.93142116,12044869.625356676,kava,Kava,135619168,0.025406906028072232,-6.84817744982259,-6.864229413660016,-14.777321111899733,Desconocido
2025-03-30,0.42477829946849177,459716962.44404405,7780242.725750778,kava,Kava,131742593,0.01692398445423422,-2.9874607318515434,-3.029372441374445,-2.85842706246362,Desconocido
2025-03-31,0.4200560852297341,454423295.1143308,5311514.397514463,kava,Kava,133073100,0.01168847296038842,-1.111689143411143,-1.1515057659760686,1.0099292641067015,Desconocido
2025-04-01,0.4320947894364842,467699632.7926823,13650979.356869236,kava,Kava,135890738,0.029187492141821543,2.8659754328201226,2.9215794659054994,2.1173610594477754,Desconocido
2025-04-02,0.38669845577194223,418953719.3208531,43854739.54994501,kava,Kava,130184220,0.10467681160829874,-10.506105320951809,-10.42248273336508,-4.199342857347643,Desconocido
2025-04-03,0.39263961760426247,425059512.4108734,61825969.11872531,kava,Kava,128841875,0.14545250091700745,1.5363810596192407,1.4573908306430905,-1.0311119120274381,Desconocido
2025-04-04,0.40724991640597163,441512989.93579483,22968836.41005587,kava,Kava,126598781,0.05202301389455385,3.72104549481167,3.870864442392974,-1.7409665918009964,Desconocido
2025-04-05,0.3977724557653916,430801575.64329976,19014753.176789206,kava,Kava,127273136,0.04413807713770589,-2.327185410919108,-2.4260700220966824,0.5326710057342421,Desconocido
2025-04-06,0.3998560519551193,431879115.3778059,10252859.590291036,kava,Kava,140790430,0.023740114363534067,0.5238161063008784,0.25012437173588253,10.620696892390558,Desconocido
2025-04-07,0.4028346132751841,435171158.4804278,18574241.169063795,kava,Kava,136099148,0.04268261075463527,0.744908400285782,0.7622603143803364,-3.332102899323486,Desconocido
2025-04-08,0.42309646345261953,456786773.04020363,35450711.6137418,kava,Kava,139275841,0.07760888385141931,5.02981856814626,4.967152380974715,2.334102047427944,Desconocido
2025-04-09,0.4066410206637098,439808978.38336265,18177340.345755566,kava,Kava,133082987,0.04133008019202181,-3.8892886635419788,-3.7167877134101412,-4.446466778111214,Desconocido
2025-04-10,0.4343569969175803,470473771.7332528,23848980.450505637,kava,Kava,142323641,0.05069141338664768,6.8158338302007015,6.972298169675151,6.943527650157111,Desconocido
2025-04-11,0.4113435031045207,445319278.1056816,17822227.37378538,kava,Kava,136794076,0.040021234763512464,-5.298290110755688,-5.346630383857665,-3.885204848012569,Desconocido
2025-04-12,0.42485417122439106,460017126.57366014,16975711.22979623,kava,Kava,139853490,0.036902346128363114,3.2845220643821227,3.300519243294575,2.2365105927540263,Desconocido
2025-04-13,0.4298338295976072,465611462.15931505,9662315.32948758,kava,Kava,138783208,0.020751884596392288,1.172086497083269,1.2161146319318972,-0.7652880167666853,Desconocido
2025-04-14,0.4197801290880868,454519476.88465345,12876053.178278238,kava,Kava,136954263,0.028328936015091566,-2.3389737654972875,-2.3822405967459437,-1.317843150015674,Desconocido
2025-04-15,0.41956816305352657,454282522.4731579,9236843.992210342,kava,Kava,138720275,0.020332818312983014,-0.05049453746672761,-0.05213294997162832,1.2894903461311058,Desconocido
2025-04-16,0.42445053843042385,459608150.80696297,11785008.82098985,kava,Kava,140060085,0.025641426942272824,1.1636667904839193,1.1723163604912212,0.9658357439098264,Desconocido
2025-04-17,0.4237855436422509,459124589.97383004,17635872.329602957,kava,Kava,140223853,0.03841195334496938,-0.15667191532658942,-0.1052115442869983,0.11692696031135874,Desconocido
2025-04-18,0.4326197739270568,468301327.3602746,14986637.330861438,kava,Kava,141713603,0.03200212439144313,2.0845992548210956,1.9987466554487243,1.0624084049380755,Desconocido
2025-04-19,0.4205956682403935,455252398.5106637,9342456.36096853,kava,Kava,137598501,0.020521487402442966,-2.779370341192644,-2.786438578588968,-2.9038158037658524,Desconocido
2025-04-20,0.4182444989721933,452953083.5782066,7857757.658531542,kava,Kava,133129606,0.017347840081929425,-0.559009387337861,-0.5050637712133321,-3.2477788402651253,Desconocido
2025-04-21,0.4138745345761921,447949766.9982795,10362056.38329546,kava,Kava,134052956,0.023132183889126252,-1.0448348769057536,-1.1045992976584373,0.6935722471829386,Desconocido
2025-04-22,0.4119552411110641,445866957.15189075,13233507.508792019,kava,Kava,137105281,0.02968039523118068,-0.4637379941951236,-0.4649650473859346,2.2769546387324757,Desconocido
2025-04-23,0.43937323151511126,475853861.52306306,17998770.228752255,kava,Kava,144049660,0.03782415502764584,6.655575088715815,6.725527400084252,5.064997459871723,Desconocido
2025-04-24,0.4410858952321818,477723185.8060374,16362604.416090008,kava,Kava,144940021,0.034251225191178944,0.38979700951846663,0.3928357914321001,0.6180930937289331,Desconocido
2025-04-25,0.45258013469080666,490064439.54661185,15365798.008730682,kava,Kava,149338038,0.031354648019241114,2.6058959451819463,2.5833482877226643,3.0343703344709816,Desconocido
2025-04-26,0.4661656140507059,504999675.1267099,16637870.583672602,kava,Kava,152031197,0.03294629957830761,3.0017842849378695,3.047606472715203,1.803397872416146,Desconocido
2025-04-27,0.4635704612363854,501842814.56953907,11282163.586297097,kava,Kava,151480281,0.02248146881603653,-0.5567018965148773,-0.6251213045590065,-0.36237036270917455,Desconocido
2025-04-28,0.45485139544276154,492583714.5586697,13681604.015104432,kava,Kava,144834735,0.02777518543698194,-1.8808501668482691,-1.8450199429101088,-4.387070023985496,Desconocido
2025-04-29,0.4597536538814354,498189041.7476716,25311290.088666625,kava,Kava,146647197,0.05080659743111446,1.0777714409124561,1.137944073937569,1.2514000871407083,Desconocido
2025-04-30,0.4379130473787485,474017472.02579606,14044977.253536023,kava,Kava,142787432,0.02962966152600319,-4.750501995644685,-4.851887074248062,-2.6320073475390005,Desconocido
2025-05-01,0.43330744008457367,469225643.84540564,13491178.20331257,kava,Kava,142864553,0.028752005309747027,-1.0517173036389216,-1.0108969527877765,0.054011056099101395,Desconocido
2025-05-02,0.43391335076729054,469670121.40613514,11873055.483506996,kava,Kava,143521944,0.02527956312818136,0.13983389775136246,0.09472576074207595,0.46014983156807965,Desconocido
2025-05-03,0.4324200685512803,468041327.7578771,7011334.934978601,kava,Kava,143698050,0.014980162048009659,-0.3441429523589612,-0.34679524500762504,0.1227031874651896,Desconocido
2025-05-04,0.42174991478281065,456596186.89719415,4979427.816406335,kava,Kava,141436658,0.010905539641590323,-2.4675436096704417,-2.445326979032003,-1.5737109863355858,Desconocido
2025-05-05,0.44318395656901277,479828565.02175015,8856509.467419311,kava,Kava,143294679,0.0184576536559841,5.082168611045246,5.0881673547105155,1.3136771090844102,Desconocido
2025-05-06,0.4309864656210396,466667981.97045714,17463881.862287864,kava,Kava,140988064,0.037422498515000825,-2.7522410879676773,-2.7427677321996136,-1.609700385315771,Desconocido
2025-05-07,0.440039085418498,476329486.18169826,26589039.42927318,kava,Kava,139939815,0.05582068757156608,2.10044178171902,2.070316495776381,-0.7435019463775339,Desconocido
2025-05-08,0.43541968645192286,471553852.23992074,11145260.873033913,kava,Kava,139552307,0.02363518147522914,-1.0497701498906387,-1.0025904505848393,-0.27691047040472316,Desconocido
2025-05-09,0.4699337745558182,508928519.514267,16010247.46175168,kava,Kava,156571228,0.031458735063682866,7.926625547213573,7.925853451692411,12.195370586026932,Desconocido
2025-05-10,0.4918478469302583,532405288.4564759,23742541.8307083,kava,Kava,163486777,0.04459486474963753,4.663225663052906,4.612979631130831,4.416870895334624,Desconocido
2025-05-11,0.5028093560670245,544468852.9577153,23174204.320981797,kava,Kava,163691118,0.04256295689843907,2.2286382272850513,2.265861133012681,0.12498931335589436,Desconocido
2025-05-12,0.4870323732055489,527707051.07954323,16434052.037928235,kava,Kava,161244475,0.031142377203997356,-3.137766366338768,-3.0785602862527406,-1.494670590495939,Desconocido
2025-05-13,0.47414948266862494,513360946.69497734,36700814.81610717,kava,Kava,153342698,0.0714912481215943,-2.6451815619835117,-2.718573563725879,-4.9004947301295125,Desconocido
2025-05-14,0.47478719644171896,514301263.8712398,22135137.079997614,kava,Kava,155403893,0.04303924301756987,0.13449635534870108,0.18316881763527082,1.344175514637147,Desconocido
2025-05-15,0.4483183270907357,485438013.63052285,17727688.51424577,kava,Kava,151605581,0.03651895405071983,-5.57489114056856,-5.612128973484909,-2.4441549865163337,Desconocido
2025-05-16,0.42643803834621213,461261693.8886581,16766052.053320516,kava,Kava,147789708,0.03634824282063101,-4.88052515865478,-4.980310371874963,-2.5169739628516763,Desconocido
2025-05-17,0.4248046507373501,459984579.23426825,9939558.00001053,kava,Kava,151137885,0.02160845917173313,-0.38303046679338815,-0.2768742064018337,2.2655007884581524,Desconocido
2025-05-18,0.40787885716668354,441774740.8649222,14027360.124791857,kava,Kava,149046605,0.03175229099184936,-3.9843710612131433,-3.9587932272990067,-1.3836901316966244,Desconocido
2025-05-19,0.41862451085957963,452233109.96835685,16416116.883248156,kava,Kava,151701295,0.03630012159966971,2.6345208887610383,2.3673533445934147,1.781114034767839,Desconocido
2025-05-20,0.43229358995736217,468106643.08648527,16527263.45367362,kava,Kava,148625232,0.035306620185307044,3.265236206478983,3.5100333806251216,-2.027710442419095,Desconocido
2025-05-21,0.42871044411444875,464213052.57212603,9042542.587508064,kava,Kava,145093869,0.019479294124550923,-0.8288686036882598,-0.8317742488520685,-2.3760184946254648,Desconocido
2025-05-22,0.4322653880850064,468340363.4370365,14859545.253459679,kava,Kava,148984315,0.0317280901103827,0.8292179533673005,0.8890984090261567,2.681330387571368,Desconocido
2025-05-23,0.4446656427290068,481370894.4883969,14926449.570915297,kava,Kava,152226061,0.03100820955695544,2.868667023963023,2.7822780329528785,2.175897509747915,Desconocido
2025-05-24,0.4105293025054802,445363867.3421896,14017210.460891495,kava,Kava,144459025,0.031473614023837165,-7.676855808788085,-7.480100595711281,-5.102303737597202,Desconocido
2025-05-25,0.41116124767769235,445227528.15045995,8154630.4820189765,kava,Kava,144307213,0.018315647542941696,0.1539342425389334,-0.030612989002298807,-0.10509000735675622,Desconocido
2025-05-26,0.4217593274953848,456709111.71528196,15290738.550799977,kava,Kava,143964253,0.03348025725471492,2.5775969592348957,2.578812593308899,-0.23765963798358936,Desconocido
2025-05-27,0.4219261499958963,456697874.2372246,6918805.023319121,kava,Kava,143862899,0.015149632642531758,0.03955395640025117,-0.0024605329232874062,-0.07040219907924472,Desconocido
2025-05-28,0.4325329774166556,468083269.6026421,13255619.371997183,kava,Kava,145405574,0.0283189343281804,2.513906147050249,2.492981905035885,1.0723230316664223,Desconocido
2025-05-29,0.4265412128540009,461813912.08905137,16337136.918062126,kava,Kava,144640728,0.03537601724504099,-1.3852734647982423,-1.3393679972610095,-0.5260087209586595,Desconocido
2025-05-30,0.41870003267245953,453857082.23347783,10190706.533345781,kava,Kava,140681800,0.022453558470865446,-1.838317129797551,-1.722951528155614,-2.7370769317477395,Desconocido
2025-05-31,0.38511518069822326,417460628.44075346,16654637.30081665,kava,Kava,135671746,0.03989510906219578,-8.021220289827157,-8.019364513078353,-3.5612666315045782,Desconocido
2025-06-01,0.4201268207192071,454885788.08734936,28694870.49823433,kava,Kava,142689114,0.0630814838574913,9.091212649033164,8.964955518411788,5.172313474907297,Desconocido
2025-06-02,0.4140376198122875,448460114.05624425,8373100.637851499,kava,Kava,141311729,0.018670781136182323,-1.449372095905621,-1.4125906325020643,-0.9653048935464037,Desconocido
2025-06-03,0.4292951007289353,464846623.86702275,10217185.732377496,kava,Kava,143278519,0.021979692242102406,3.6850470069760943,3.653950328506439,1.391809451287651,Desconocido
2025-06-04,0.43220658127960215,468019868.389884,13653459.468722671,kava,Kava,144195471,0.029172820196061967,0.6782002742922622,0.6826433408213761,0.6399786977139277,Desconocido
2025-06-05,0.4375357154339223,473460190.77792144,20346417.048003923,kava,Kava,144106328,0.04297387075896207,1.2330062486652915,1.1624126998611484,-0.06182094304473251,Desconocido
2025-06-06,0.41919231636376614,453002727.8573709,36835854.04978487,kava,Kava,139203390,0.08131486144468149,-4.192434679752766,-4.320841185599522,-3.402305830733543,Desconocido
2025-06-07,0.4301832334625385,466854868.1105953,14995575.554656435,kava,Kava,142096666,0.0321204223816813,2.6219271369551267,3.057849191933726,2.078452256083696,Desconocido
2025-06-08,0.44379632680721043,480586279.31720436,11891280.907496335,kava,Kava,144658215,0.024743280071147556,3.1644871965604837,2.941259081688785,1.8026805780228417,Desconocido
2025-06-09,0.4486480683799941,485860473.2953445,10705403.462866046,kava,Kava,146064345,0.022033904899192023,1.0932360814449371,1.0974499699894613,0.9720360506314751,Desconocido
2025-06-10,0.45595015003127715,493552044.1155628,13164662.480280684,kava,Kava,148700086,0.026673301503332934,1.627574521305708,1.5830822310056059,1.804506774052217,Desconocido
2025-06-11,0.4547092113083698,492364147.2647105,23581782.787500903,kava,Kava,150601992,0.04789500396913058,-0.2721654380028693,-0.2406831994751446,1.2790214526170463,Desconocido
2025-06-12,0.4224127967913151,457781916.6339321,15891858.4070616,kava,Kava,143768647,0.0347149108114937,-7.102652357564021,-7.023710159014862,-4.537353662626186,Desconocido
2025-06-13,0.41892723199210197,453635615.33212566,13491169.850180475,kava,Kava,140532528,0.029740102836288602,-0.8251560619587761,-0.9057372410632092,-2.2509212318037597,Desconocido
2025-06-14,0.4250786419868831,460350571.5385181,22504137.357861005,kava,Kava,143871386,0.04888478205349216,1.4683719569934972,1.4802533089197878,2.3758613379530225,Desconocido
2025-06-15,0.42097745618713944,455906751.2303241,5437416.054152893,kava,Kava,141465736,0.011926596918074394,-0.9648063663170836,-0.9653122170224515,-1.672083703982663,Desconocido
2025-06-16,0.4282952815838429,463812944.67396235,4570177.755466192,kava,Kava,142336215,0.009853493327312807,1.738293889412068,1.7341689769459157,0.6153285061196723,Desconocido
2025-06-17,0.4333296269412594,468899429.00725067,9410014.378699418,kava,Kava,144561509,0.02006829993080224,1.1754379685901428,1.096667178373778,1.5634067549147534,Desconocido
2025-06-18,0.41877549371586575,453661062.85630476,9749763.716569673,kava,Kava,141989762,0.021491294966299257,-3.358674856396693,-3.249815463245165,-1.7789984469517406,Desconocido
2025-06-19,0.41313879055897984,446994332.29886216,9746261.632358039,kava,Kava,141573316,0.021803993760354103,-1.3459964208675346,-1.4695399502589135,-0.29329297699647316,Desconocido
2025-06-20,0.4056782069011284,439191169.0282428,6851613.578899846,kava,Kava,140700771,0.01560052674569885,-1.805829863556807,-1.7456962441756652,-0.6163202393309808,Desconocido
2025-06-21,0.4060820017806556,439671740.2526072,9035004.155768923,kava,Kava,141305544,0.020549431151927092,0.09953575830747852,0.10942187781866064,0.4298292011491567,Desconocido
2025-06-22,0.4062081603312741,439674489.4524791,11789950.793605596,kava,Kava,138228379,0.026815180494750714,0.031067259830597216,0.0006252846431076264,-2.177667565541519,Desconocido
2025-06-23,0.4056362220795977,439274788.3521378,14064176.714037476,kava,Kava,140996863,0.03201680835541863,-0.14079930132618879,-0.0909084129122606,2.00283329662716,Desconocido
2025-06-24,0.4252986986002354,460516972.9255644,9264452.149494229,kava,Kava,144104559,0.02011750422712799,4.847317732088374,4.835739527213234,2.2040887533788522,Desconocido
2025-06-25,0.41607351880138177,450141162.3677983,11524445.727492327,kava,Kava,145827501,0.02560184824438697,-2.1691060492815994,-2.2530788587119432,1.1956193558040118,Desconocido
2025-06-26,0.40728347698641193,440984184.6129616,7965279.573124169,kava,Kava,144474581,0.01806250621009244,-2.1126174624840455,-2.0342458145062525,-0.9277536752138382,Desconocido
2025-06-27,0.4020927272617917,435448983.6130354,7743735.977928292,kava,Kava,143117976,0.017783336899024237,-1.2744808021744047,-1.2551926334465446,-0.9389921677640967,Desconocido
2025-06-28,0.4035802273412848,437121489.69097906,6876533.052769628,kava,Kava,141884469,0.015731400114029993,0.3699395633496749,0.3840877211531035,-0.8618812496342221,Desconocido
2025-06-29,0.4044110132804331,438004518.5823619,6959366.569934848,kava,Kava,142501452,0.015888800856346,0.2058539747155974,0.20200994739634215,0.4348488628448832,Desconocido
2025-06-30,0.40827025395431465,442088574.05647254,6168796.699467015,kava,Kava,140399133,0.013953757372338267,0.9542867397642762,0.9324231373980085,-1.4752965464520318,Desconocido
2024-08-31,0.015179399304690212,5061385.722500636,384117.57959402347,nls,Nolus,1046897,0.07589178155033909,,,,Desconocido
2024-09-01,0.01512647005483331,5066003.534416736,413761.1821997817,nls,Nolus,1045911,0.08167408083883607,-0.3486913335269404,0.0912361193017075,-0.09418309537614356,Desconocido
2024-09-02,0.015158494778414746,5076969.219909674,431342.6655052103,nls,Nolus,1044770,0.08496066192673993,0.21171313244496837,0.21645633325046987,-0.10909150013720392,Desconocido
2024-09-03,0.015094384945390879,5074622.18636702,429066.21503548947,nls,Nolus,1041548,0.0845513615157748,-0.42293007294601503,-0.04622902840241139,-0.30839323487465986,Desconocido
2024-09-04,0.01501981458255746,5067987.263328924,435830.85818783304,nls,Nolus,1041255,0.0859968337610928,-0.4940271703895438,-0.1307471333712451,-0.028131204706838275,Desconocido
2024-09-05,0.015035598059906435,5087529.640725208,410717.5597144973,nls,Nolus,1064188,0.08073025391866828,0.10508436879976824,0.385604311551635,2.2024384036571254,Desconocido
2024-09-06,0.015007723919540862,5103676.994548487,406569.2779697214,nls,Nolus,1050064,0.07966203159094905,-0.18538763975010086,0.3173908549646498,-1.3272091021511279,Desconocido
2024-09-07,0.014750868572165367,5021880.676543898,381168.36456575606,nls,Nolus,1048732,0.07590151760198321,-1.7114876896226483,-1.602693863501936,-0.12684941108351833,Desconocido
2024-09-08,0.01476342986523369,5043456.72629257,393053.1005278941,nls,Nolus,1033723,0.0779332751045187,0.08515629440306594,0.429640828573441,-1.431156863717331,Desconocido
2024-09-09,0.014690171475512635,5022061.952649157,400770.4701054424,nls,Nolus,1030581,0.07980197653556115,-0.4962152453040103,-0.42420853007181236,-0.3039498976031285,Desconocido
2024-09-10,0.014591767767052224,5008597.042568311,358474.9246624707,nls,Nolus,1032002,0.0715719235577897,-0.6698608564538633,-0.26811517276768004,0.13788338810825085,Desconocido
2024-09-11,0.014615105409054004,5036742.56552199,424090.6311372376,nls,Nolus,1026537,0.0841993859365108,0.1599370437794123,0.5619442473504765,-0.529553237299929,Desconocido
2024-09-12,0.014585116801841663,5041232.876880061,432986.4939954136,nls,Nolus,1025800,0.08588900861556352,-0.2051891270914985,0.08915109914111596,-0.07179478187342436,Desconocido
2024-09-13,0.014366801007159272,4973626.210066317,364426.28925267793,nls,Nolus,1022737,0.0732717485916214,-1.4968395361415587,-1.3410740678892252,-0.29859621758627775,Desconocido
2024-09-14,0.014555914944515668,4996896.747368552,205284.10981871124,nls,Nolus,1021750,0.04108231972710207,1.316326002303203,0.4678786929170009,-0.09650574878976581,Desconocido
2024-09-15,0.014381505470903642,5010673.410188901,363801.97561721667,nls,Nolus,1037528,0.07260540566811785,-1.198203440160528,0.2757043724708641,1.544213359432356,Desconocido
2024-09-16,0.013990824171088035,4886668.242869668,408006.08159156045,nls,Nolus,1037477,0.08349371418591765,-2.716553566704294,-2.4748203917476785,-0.004915529990512368,Desconocido
2024-09-17,0.013963486241918368,4889326.434130541,368371.54253897554,nls,Nolus,1036337,0.07534198166183238,-0.1953989903336839,0.05439680225380883,-0.109881954009583,Desconocido
2024-09-18,0.013962172870103791,4900584.119931974,401595.5770100487,nls,Nolus,1038100,0.08194851209198778,-0.009405758646674478,0.23025023902776276,0.17011840742924278,Desconocido
2024-09-19,0.013211676453454177,4649526.162483548,441223.2136462966,nls,Nolus,1039392,0.09489638260484955,-5.375212179592747,-5.123021078799717,0.12445814468740046,Desconocido
2024-09-20,0.013547888935342705,4788085.478198121,426023.9354065214,nls,Nolus,1037865,0.08897584166915189,2.5448131663913465,2.9800739015642286,-0.14691281056617989,Desconocido
2024-09-21,0.013606440437901173,4818264.786004509,483423.80701844115,nls,Nolus,1037543,0.10033151528380714,0.4321817431328645,0.630300105204995,-0.03102522967823873,Desconocido
2024-09-22,0.013618797522478554,4841124.307066777,455788.34576042555,nls,Nolus,1027061,0.09414927542659741,0.09081790813532109,0.4744347203305965,-1.0102713815234643,Desconocido
2024-09-23,0.013057370000946998,4653244.36418538,420517.9951207346,nls,Nolus,1032491,0.09037092450105026,-4.122445616838711,-3.880915485007097,0.5286930377066179,Desconocido
2024-09-24,0.013039710307280968,4660606.601944885,403707.8009757268,nls,Nolus,1011988,0.08662129964096484,-0.1352469422613467,0.15821730352634233,-1.985780021327066,Desconocido
2024-09-25,0.01308097900309117,4689752.3408933105,322134.1308935541,nls,Nolus,1002301,0.06868894292874185,0.31648475953609534,0.6253636369193405,-0.9572247892267516,Desconocido
2024-09-26,0.013095460563194753,4700360.744649659,339110.40947865136,nls,Nolus,1012566,0.07214561347544547,0.11070700518791554,0.22620392262180378,1.024143445930914,Desconocido
2024-09-27,0.013020275637932097,4691057.070974043,346967.9268921999,nls,Nolus,1002386,0.07396369765762754,-0.5741296756981984,-0.19793531137384246,-1.0053665637597908,Desconocido
2024-09-28,0.014298045658441809,5161088.302773064,408837.4151930674,nls,Nolus,773979,0.07921534978841539,9.81369408791295,10.01972955535637,-22.786331812295856,Desconocido
2024-09-29,0.014368957219243148,5181200.190534904,205578.59785331215,nls,Nolus,768026,0.039677794775979956,0.49595282107293137,0.3896830781026095,-0.7691423152307753,Desconocido
2024-09-30,0.014652803426910964,5274936.949304798,76406.37893655566,nls,Nolus,762057,0.014484794732309647,1.9754127132321386,1.8091707581794125,-0.7771872306406302,Desconocido
2024-10-01,0.014495960339163656,5282455.700489706,286858.6696851667,nls,Nolus,752959,0.05430403697632025,-1.0703964502741803,0.14253727119712956,-1.1938739490615524,Desconocido
2024-10-02,0.014055140175327193,5135853.071410263,422768.44603380264,nls,Nolus,747632,0.08231708348263045,-3.0409862715028435,-2.775274179125675,-0.70747544022981,Desconocido
2024-10-03,0.013773486220175248,5048376.821130958,5200.52393754003,nls,Nolus,758075,0.0010301378288110805,-2.0039213528895927,-1.7032467452439026,1.3968101953902412,Desconocido
2024-10-04,0.013541590152248227,4963478.674564497,4435.378807152121,nls,Nolus,761471,0.0008936028737025426,-1.6836410493324627,-1.6816919492044335,0.4479767832997972,Desconocido
2024-10-05,0.01385972182336725,5078285.802661295,10669.88008671846,nls,Nolus,752392,0.002101079084821667,2.34929330708038,2.313037601735468,-1.1922975398931834,Desconocido
2024-10-06,0.014653320468235257,5368440.393273104,41077.708710913495,nls,Nolus,749609,0.007651702487446019,5.725934870713023,5.71363255017574,-0.36988697381152846,Desconocido
2024-10-07,0.01578254550263055,5782820.014521215,47637.657491935344,nls,Nolus,749038,0.008237790104535956,7.706274061521912,7.7188082737650765,-0.07617304488073406,Desconocido
2024-10-08,0.015231605160725404,5586663.647170155,8484.64523107473,nls,Nolus,700174,0.0015187320674607833,-3.490820551179896,-3.392053822503427,-6.523567562660371,Desconocido
2024-10-09,0.01561262920413675,5721641.922700346,11812.603699587959,nls,Nolus,690500,0.0020645478796430805,2.501535717284842,2.416080223454342,-1.3816565596551755,Desconocido
2024-10-10,0.015779582645956986,5781695.786903401,14430.925640539494,nls,Nolus,690317,0.0024959676490119353,1.0693486640674266,1.0495914462034683,-0.026502534395367316,Desconocido
2024-10-11,0.015549332047363428,5697185.8730096705,16307.752000584676,nls,Nolus,677914,0.0028624223193844524,-1.4591678611509562,-1.461680396349474,-1.7967107864937382,Desconocido
2024-10-12,0.015718220230653987,5757427.242574157,1691.1588464532967,nls,Nolus,638386,0.00029373516593449406,1.0861442972349034,1.0573881721128275,-5.830828099139418,Desconocido
2024-10-13,0.013320982118739288,4880831.62844625,38620.32734981557,nls,Nolus,634993,0.007912653066073876,-15.251333018222745,-15.22547445577409,-0.5314966180336,Desconocido
2024-10-14,0.01347589221525663,4937648.315534902,4106.4950384723,nls,Nolus,635161,0.0008316702154652012,1.1629029686889503,1.1640779976411109,0.026456984565181862,Desconocido
2024-10-15,0.01382211411610946,5064376.7038594615,9166.175866533207,nls,Nolus,630748,0.0018099316860745855,2.569194642718031,2.566573806519279,-0.6947844719685237,Desconocido
2024-10-16,0.013656727827982752,5183205.240251925,3987.17848886026,nls,Nolus,636545,0.0007692495867029312,-1.1965339508661188,2.346360536369785,0.919067519833594,Desconocido
2024-10-17,0.01331967990060868,5064303.757432845,4507.586515723447,nls,Nolus,653500,0.0008900703298272129,-2.4679991548448243,-2.293975972545137,2.663598017422175,Desconocido
2024-10-18,0.013327942155551012,5082175.322024325,1011.4847287523688,nls,Nolus,656388,0.00019902594158232928,0.062030431691928456,0.3528928249070695,0.4419280795715297,Desconocido
2024-10-19,0.01340573092372563,5125376.585607971,2114.4591968306268,nls,Nolus,653329,0.000412547090250503,0.5836517540873221,0.8500545700662387,-0.466035332760506,Desconocido
2024-10-20,0.013343229559459298,5117335.903202529,1060.7851279247725,nls,Nolus,655938,0.00020729245607287815,-0.4662286944437821,-0.15687983645963355,0.39933938337346486,Desconocido
2024-10-21,0.013623804936170018,5236571.41298587,8362.742863406193,nls,Nolus,631698,0.0015969882207025597,2.102754625186032,2.330030938729677,-3.6954712183163707,Desconocido
2024-10-22,0.013357072289849404,5147539.190429507,2379.6561114206834,nls,Nolus,606146,0.0004622900425595646,-1.957842523218034,-1.7002006758769062,-4.044970856326913,Desconocido
2024-10-23,0.013349477283865466,5154603.369072097,1169.4283562934693,nls,Nolus,615846,0.0002268706770554071,-0.05686130777109444,0.13723409149997146,1.6002745213199443,Desconocido
2024-10-24,0.013003111426748655,5036734.096095353,6659.04953660374,nls,Nolus,617694,0.0013220967018620381,-2.594602393424328,-2.286679779941292,0.30007501875468634,Desconocido
2024-10-25,0.013053148063522419,5068843.422972389,2289.4523180506894,nls,Nolus,601065,0.00045167154062694366,0.3848051064980762,0.6375029188443238,-2.6921096853781967,Desconocido
2024-10-26,0.012987844430616818,5056115.274605138,13867.195256331173,nls,Nolus,615854,0.0027426580493487944,-0.5002902946308674,-0.2511055738980916,2.4604660061723793,Desconocido
2024-10-27,0.013092320467070463,5110798.483221786,2818.532163861033,nls,Nolus,620556,0.0005514856774560722,0.8044139811788753,1.0815261450090041,0.7634926459842761,Desconocido
2024-10-28,0.014654084155299387,5734863.949714166,66292.71994826003,nls,Nolus,601644,0.011559597669542648,11.928853194183887,12.210723403419665,-3.0475895809564335,Desconocido
2024-10-29,0.015669018907439564,6170756.463710074,43445.08970162836,nls,Nolus,632694,0.00704048036203128,6.9259514370479724,7.600747250815498,5.160859245666871,Desconocido
2024-10-30,0.015369840887842096,6045617.449225887,36902.042453358845,nls,Nolus,632090,0.0061039327683699175,-1.909360256470305,-2.027936367609451,-0.09546479024615806,Desconocido
2024-10-31,0.015444784031539628,6090904.45991483,8405.389679681897,nls,Nolus,628866,0.0013799903996194731,0.4875986956820899,0.7490882621880468,-0.5100539480137334,Desconocido
2024-11-01,0.014762272971028098,5837527.348710421,10818.747799115024,nls,Nolus,613960,0.0018533099980259646,-4.419039198720953,-4.159925884110027,-2.3702982829410413,Desconocido
2024-11-02,0.014839879554419953,5882155.501024274,5599.695232122607,nls,Nolus,608823,0.0009519801425085614,0.5257089036638352,0.7645043808439222,-0.836699459248158,Desconocido
2024-11-03,0.014798340090950334,5879837.170111908,3069.8390408274736,nls,Nolus,600456,0.000522095927491313,-0.2799177939233788,-0.0394129483989758,-1.3742910501081562,Desconocido
2024-11-04,0.013659523137977986,5443648.26367845,11543.527011004151,nls,Nolus,585767,0.0021205497585187133,-7.695572246435745,-7.418384111904852,-2.446307472987197,Desconocido
2024-11-05,0.013783536098864868,5503415.863137943,3473.941151074716,nls,Nolus,611041,0.0006312336260727244,0.9078864586574475,1.0979327936795347,4.314684849095296,Desconocido
2024-11-06,0.013829722950888187,5532118.354660367,2763.0706126282703,nls,Nolus,597488,0.0004994597793267754,0.3350871045864734,0.5215395717171667,-2.218018103531516,Desconocido
2024-11-07,0.013898025116720693,5578880.282003229,13995.513854369885,nls,Nolus,601093,0.002508660008266832,0.49387949473074233,0.8452806745081531,0.6033593980130147,Desconocido
2024-11-08,0.01416049484654483,5696926.750504875,16952.137424069326,nls,Nolus,443917,0.002975663575552729,1.8885397574102791,2.115952709765967,-26.1483663925549,Desconocido
2024-11-09,0.014060865102302977,5668096.902442233,6826.813205608036,nls,Nolus,488074,0.0012044277511675115,-0.7035753010154355,-0.5060596585709454,9.947129756238215,Desconocido
2024-11-10,0.013903851130677275,5621478.225997663,14594.681954070686,nls,Nolus,494144,0.0025962356105151537,-1.1166736220233453,-0.8224749373018425,1.243663870642564,Desconocido
2024-11-11,0.012664035053076164,5133608.419559547,48452.388427478516,nls,Nolus,473430,0.009438271186183622,-8.917069565464475,-8.678674662153163,-4.191895479860119,Desconocido
2024-11-12,0.01235168366821794,5024310.394369312,32086.82619051544,nls,Nolus,540206,0.006386314473420031,-2.466444411667612,-2.1290682159122,14.104725091354586,Desconocido
2024-11-13,0.012470136028933206,5059581.512843682,22921.52567044024,nls,Nolus,467341,0.004530320464697375,0.9589976872550254,0.7020091456510835,-13.488372954021244,Desconocido
2024-11-14,0.01230038808553861,5004543.031933209,11301.211838331556,nls,Nolus,436053,0.0022581905613000596,-1.361235699440222,-1.0878069810864588,-6.694897301970082,Desconocido
2024-11-15,0.01191025011285792,4853382.198000428,7740.2226691568685,nls,Nolus,419600,0.00159481004243717,-3.1717533623135785,-3.0204722582710786,-3.77316518863533,Desconocido
2024-11-16,0.011721016508837405,4789083.587000423,7787.822331651221,nls,Nolus,400649,0.0016261612874727495,-1.588829808168546,-1.3248206792058514,-4.516444232602479,Desconocido
2024-11-17,0.012132463292152541,4966739.781591076,13116.088008467603,nls,Nolus,413088,0.0026407842136368,3.5103336217034986,3.70960730509875,3.1047126038003414,Desconocido
2024-11-18,0.012168518409527592,4993041.79188205,12741.599370203876,nls,Nolus,386719,0.002551871164170874,0.2971788704967393,0.5295628812377107,-6.383385622433957,Desconocido
2024-11-19,0.012090790040417947,4970335.77646259,12578.505553606956,nls,Nolus,417969,0.002530715452499898,-0.6387660888016233,-0.4547531618176448,8.08080285685473,Desconocido
2024-11-20,0.01233154099124335,5080023.590974063,10415.405214604229,nls,Nolus,422854,0.0020502670958280214,1.991192883348436,2.2068491837293536,1.168746964487788,Desconocido
2024-11-21,0.012007316430469714,4960328.207229611,7354.767513704532,nls,Nolus,428485,0.0014827179183395682,-2.629229882979489,-2.356197399498694,1.331665302917795,Desconocido
2024-11-22,0.012373941267529802,5122758.761946027,11774.543071325894,nls,Nolus,424675,0.0022984769766618866,3.053345343092162,3.2745928884237108,-0.8891793178290919,Desconocido
2024-11-23,0.012481959014531828,5180492.098545523,13720.249469516715,nls,Nolus,427870,0.002648445207235972,0.8729453669339193,1.126996981164985,0.7523400247247958,Desconocido
2024-11-24,0.013085912399891568,5444060.565136342,22584.045173146347,nls,Nolus,426775,0.004148382425752963,4.838610547083211,5.087711004613227,-0.25591885385748414,Desconocido
2024-11-25,0.013799078379379812,5753165.836519199,46408.34023503032,nls,Nolus,414626,0.008066574396386332,5.449875848887342,5.677844096047746,-2.846699080311643,Desconocido
2024-11-26,0.013845462878182543,5785713.782055898,10528.922476214937,nls,Nolus,463479,0.0018198139197396635,0.33614200548381934,0.5657397415887999,11.782425607656055,Desconocido
2024-11-27,0.013646640781594884,5720864.666985128,8851.92145649524,nls,Nolus,431782,0.0015473048169762362,-1.436009025750662,-1.1208490000299665,-6.838929056116894,Desconocido
2024-11-28,0.014958396540893856,6276183.782807689,46544.264550681255,nls,Nolus,434718,0.007416013641630391,9.612297856246999,9.70690880047005,0.6799727640337094,Desconocido
2024-11-29,0.013713416133822291,5767995.47997244,18039.238568382272,nls,Nolus,444327,0.003127470995949613,-8.322953624527795,-8.097090850451616,2.210398465211938,Desconocido
2024-11-30,0.013317655339273357,5614143.673366043,28184.88680581989,nls,Nolus,339487,0.005020335859862529,-2.885938782043107,-2.667335769256396,-23.595235040859553,Desconocido
2024-12-01,0.013483354910133725,5696973.790035664,22908.26910581207,nls,Nolus,314184,0.004021129454005907,1.2442097849741263,1.475382916589285,-7.453304544798478,Desconocido
2024-12-02,0.013355603082202986,5656408.957308751,11465.351110892627,nls,Nolus,355078,0.0020269664370851466,-0.9474780481727452,-0.7120417650132715,13.015939704122426,Desconocido
2024-12-03,0.013403375892693165,5689278.142467072,7980.044308524826,nls,Nolus,416718,0.0014026461896736158,0.35769863926129464,0.581096335261444,17.359566067173972,Desconocido
2024-12-04,0.013148608575108791,5600699.912933666,9903.622581563872,nls,Nolus,477681,0.0017682830245365387,-1.9007697734065632,-1.55693266026532,14.629317668063301,Desconocido
2024-12-05,0.013087950205065485,5581186.181447825,41964.43498623922,nls,Nolus,554481,0.007518909712371063,-0.46132919462016364,-0.34841594424257494,16.077675268641634,Desconocido
2024-12-06,0.01305467352460025,5577587.412333276,19570.618922677226,nls,Nolus,530001,0.003508796451921537,-0.2542543327552993,-0.06448036309041338,-4.414939375740556,Desconocido
2024-12-07,0.0139005320758705,5950629.9412585115,37708.030287593814,nls,Nolus,510231,0.006336813187818375,6.479354306917839,6.688241731547873,-3.730181641166719,Desconocido
2024-12-08,0.014739078913342448,6319214.644064511,29947.70663429623,nls,Nolus,506666,0.004739150087649801,6.032480144609398,6.194045108576307,-0.6987031364225182,Desconocido
2024-12-09,0.014689254706440868,6311183.767853429,10551.882018209162,nls,Nolus,522392,0.0016719338885291385,-0.33804152345284777,-0.12708661856620784,3.103819873447211,Desconocido
2024-12-10,0.014228308397376419,6127089.828891808,43445.464559017826,nls,Nolus,474794,0.007090717742402628,-3.1379829560878703,-2.916947845811735,-9.111548415749093,Desconocido
2024-12-11,0.01367608977633492,5905731.5177058885,46801.68585576708,nls,Nolus,313345,0.00792479064032146,-3.881126312551131,-3.6127805755698628,-34.00401016019578,Desconocido
2024-12-12,0.01338530253869662,5796241.764158402,32929.29075792439,nls,Nolus,231109,0.005681145145039621,-2.1262454575391665,-1.8539575193898927,-26.244554724026237,Desconocido
2024-12-13,0.012867831835165829,5583232.199659009,57269.01445459857,nls,Nolus,276087,0.01025732271319402,-3.8659619536786316,-3.6749599683118195,19.46181239155551,Desconocido
2024-12-14,0.012501968316645086,5431994.925403332,54227.037539334444,nls,Nolus,285077,0.009982895471005622,-2.8432413728076034,-2.7087763655058716,3.256219959650397,Desconocido
2024-12-15,0.01247264778019845,5434839.161901862,19048.394932872907,nls,Nolus,291711,0.003504868196726383,-0.2345273616443211,0.05236080919790442,2.327090575528712,Desconocido
2024-12-16,0.01252433053916154,5479471.753660123,20533.146489398405,nls,Nolus,318010,0.003747285762661862,0.4143687841898558,0.8212311427932217,9.015429654692486,Desconocido
2024-12-17,0.012493584611771915,5470719.977518065,17875.262034495103,nls,Nolus,317809,0.0032674423307998816,-0.24548958759502693,-0.15971934039467062,-0.06320555957359808,Desconocido
2024-12-18,0.01257608860550614,5516909.898510526,28739.137185261967,nls,Nolus,329415,0.005209281593128983,0.6603708727156432,0.8443115564729764,3.651878958745658,Desconocido
2024-12-19,0.012800214171203573,5637548.1347162435,39645.82103108359,nls,Nolus,289372,0.0070324580976866636,1.782156382067046,2.1866994100862236,-12.15579132704947,Desconocido
2024-12-20,0.011888136352588886,5236642.082727114,46455.766045613585,nls,Nolus,470301,0.008871289141346198,-7.125488733357077,-7.111354837404127,62.52470867948523,Desconocido
2024-12-21,0.01208643788602072,5341238.828921788,58163.171331761354,nls,Nolus,341752,0.010889453401113407,1.6680624073482253,1.997401092957718,-27.33334609112037,Desconocido
2024-12-22,0.01213917072390281,5368738.97653232,18125.357695896673,nls,Nolus,316357,0.0033760921838677065,0.43629759553127645,0.5148645939893726,-7.43082703246799,Desconocido
2024-12-23,0.01212584960362744,5376326.69234269,19327.339844015492,nls,Nolus,299556,0.003594896841284353,-0.10973665811568889,0.14133143450516528,-5.310772323672309,Desconocido
2024-12-24,0.012016521811183171,5323235.630650752,10914.494331285625,nls,Nolus,300635,0.0020503496535905466,-0.90160933887522,-0.9874969422441149,0.3601997623148945,Desconocido
2024-12-25,0.01178557222608252,5247018.570494331,10762.057231667708,nls,Nolus,295684,0.002051080453990807,-1.9219337236646816,-1.4317806958904722,-1.646847506112059,Desconocido
2024-12-26,0.011755115364417038,5241301.282049093,3454.9080669084656,nls,Nolus,296108,0.0006591699047603241,-0.2584249714924991,-0.10896261121292605,0.1433963285128792,Desconocido
2024-12-27,0.011501144510544696,5139753.378729474,5841.23160110166,nls,Nolus,272693,0.0011364809107914024,-2.1605134956064864,-1.9374559456715512,-7.907587772029123,Desconocido
2024-12-28,0.011486049125608818,5145707.1415703455,3492.234735948602,nls,Nolus,298358,0.0006786695472301707,-0.1312511543702266,0.11583751986059543,9.411682734797001,Desconocido
2024-12-29,0.011230157846871713,5044355.635452965,16573.161692804377,nls,Nolus,303343,0.0032854863714057237,-2.227844195499573,-1.96963222602774,1.6708115753557795,Desconocido
2024-12-30,0.011219516750217732,5053708.017835095,12510.420896971456,nls,Nolus,306153,0.0024754934105454445,-0.0947546490358997,0.18540291482223026,0.926344105517507,Desconocido
2024-12-31,0.011239047687326833,5066147.240796998,9726.775535652538,nls,Nolus,330908,0.001919955159874575,0.17408002094851938,0.24614051539986193,8.085826367861815,Desconocido
2025-01-01,0.011312516519514752,5113982.669887992,9931.72671946167,nls,Nolus,329078,0.0019420728149787021,0.6536926813716093,0.9442171105052299,-0.5530238011773658,Desconocido
2025-01-02,0.011430303963654407,5175914.676598465,1743.9465899372435,nls,Nolus,326075,0.00033693495718197186,1.0412134553480223,1.2110327841965418,-0.912549608299551,Desconocido
2025-01-03,0.010982113178264146,4983695.131825779,50967.87242266172,nls,Nolus,280887,0.010226924214762234,-3.921074949672365,-3.713730939997073,-13.858161465920416,Desconocido
2025-01-04,0.011010397485852459,5006674.247376733,12668.605824220778,nls,Nolus,281643,0.002530343537101209,0.25754886267510546,0.4610858999823275,0.2691473795512156,Desconocido
2025-01-05,0.011335662162388058,5166642.522118985,3755.0836450399847,nls,Nolus,281424,0.0007267937793187828,2.9541592567710717,3.1951005165967716,-0.07775801280344163,Desconocido
2025-01-06,0.011027992700610917,5034803.719522544,15426.012244993415,nls,Nolus,298642,0.0030638755956222817,-2.714172823516159,-2.5517306845214027,6.118170447438742,Desconocido
2025-01-07,0.01152410799658723,5272077.6391974315,18995.4246788625,nls,Nolus,384268,0.0036030244580681427,4.498690826562024,4.712674672000694,28.67178762531728,Desconocido
2025-01-08,0.011391620024002526,5222624.263186495,23529.414840299654,nls,Nolus,350689,0.004505285782504979,-1.1496592415130014,-0.9380244259541093,-8.738432552281218,Desconocido
2025-01-09,0.011249520569646829,5166498.005813764,5759.859234924948,nls,Nolus,270013,0.001114847857957844,-1.2474033900032544,-1.0746753843342005,-23.004998731069403,Desconocido
2025-01-10,0.011466166023437079,5283993.682545464,14981.176701015824,nls,Nolus,198958,0.0028351995859690216,1.9258194378060534,2.274184110774513,-26.315399628906754,Desconocido
2025-01-11,0.011493569154770582,5303005.016954909,18494.12678761389,nls,Nolus,311728,0.0034874805376355436,0.2389912310487352,0.3597910132301152,56.68030438585028,Desconocido
2025-01-12,0.011732526960902124,5286208.678808122,2574.4085509581632,nls,Nolus,312277,0.00048700471498196955,2.079056582979355,-0.3167324581644815,0.17611507468049403,Desconocido
2025-01-13,0.011461076074287981,5306658.98294334,19703.924481842663,nls,Nolus,307144,0.0037130564720994894,-2.3136608807184933,0.38686146116784226,-1.6437329678458568,Desconocido
2025-01-14,0.011111289600574182,5156330.48578435,25675.359156398485,nls,Nolus,398535,0.0049793858689204835,-3.051951417533272,-2.8328275406838133,29.755098585679683,Desconocido
2025-01-15,0.010977701845045738,5101870.428039424,16982.095988793608,nls,Nolus,407306,0.0033286019761422253,-1.2022704864207756,-1.056178573019484,2.2008104683402863,Desconocido
2025-01-16,0.010954656405638911,5103560.762206059,23084.226672138775,nls,Nolus,493031,0.004523160935613201,-0.20992954383459717,0.0331316561342776,21.046829656327183,Desconocido
2025-01-17,0.010935950775569647,5105940.670296813,16495.055665851163,nls,Nolus,489932,0.0032305615617136203,-0.17075505955290726,0.0466323063767371,-0.6285608815672861,Desconocido
2025-01-18,0.011270128160501693,5273032.194607256,55737.74019048827,nls,Nolus,178694,0.01057033944292838,3.0557689202349136,3.2724924769000463,-63.52677514430574,Desconocido
2025-01-19,0.011219980944391958,5260254.365655415,35890.560758556676,nls,Nolus,166877,0.0068229705758886434,-0.44495692857766667,-0.24232412168674333,-6.612980849944594,Desconocido
2025-01-20,0.010936261219533104,5134213.76389079,33679.95593802242,nls,Nolus,135818,0.006559905272136391,-2.5287005946357133,-2.3960932875709107,-18.61191176734961,Desconocido
2025-01-21,0.010972629680965658,5164446.0919012735,53284.28189818032,nls,Nolus,169686,0.010317521172646008,0.33254931189461434,0.5888404612817144,24.93631182906537,Desconocido
2025-01-22,0.010948086420432938,5153453.765666399,51053.22416340012,nls,Nolus,185337,0.009906603704010987,-0.22367710609332292,-0.21284618019562496,9.223506948127724,Desconocido
2025-01-23,0.01083202620361671,5118643.609517601,27270.976628358792,nls,Nolus,137933,0.005327774056715174,-1.060095914109871,-0.6754723673027208,-25.577191818147483,Desconocido
2025-01-24,0.010722638066846644,5077553.720998987,41313.57231345762,nls,Nolus,75662,0.008136511120029933,-1.0098584947435096,-0.8027495495527837,-45.14583167189868,Desconocido
2025-01-25,0.010620669809724141,5038793.382876674,33024.30342815815,nls,Nolus,72464,0.0065540102399087455,-0.9509624076352918,-0.763366381767927,-4.226692395125687,Desconocido
2025-01-26,0.010623854947347846,5053281.959510993,18628.12895106798,nls,Nolus,80107,0.0036863426779515443,0.02998998820948895,0.28754059818281164,10.547306248620014,Desconocido
2025-01-27,0.010461292483918931,4978010.135802771,16263.133615698169,nls,Nolus,79678,0.003266994877879155,-1.5301645611181525,-1.489563105944447,-0.5355337236446212,Desconocido
2025-01-28,0.010293123737244636,4912677.271783024,9151.53099515804,nls,Nolus,90348,0.0018628398506292583,-1.6075331698526152,-1.3124293088489503,13.391400386555885,Desconocido
2025-01-29,0.010246190087370806,4899767.045549239,3815.92598813743,nls,Nolus,118205,0.0007787974311153571,-0.45597090904490045,-0.26279410430515293,30.83300128392439,Desconocido
2025-01-30,0.01022872974840239,4901060.764175238,17781.76066390447,nls,Nolus,109109,0.0036281453178221975,-0.17040811091273422,0.026403676215069893,-7.6951059599847715,Desconocido
2025-01-31,0.009992658191603214,4797368.646074406,48037.38093590035,nls,Nolus,129400,0.010013276960737302,-2.3079264249409537,-2.1157076618755544,18.596999330944275,Desconocido
2025-02-01,0.009729308644402659,4669300.449696742,54340.939378413765,nls,Nolus,101679,0.011637918776878677,-2.6354303544761204,-2.669550868942694,-21.422720247295214,Desconocido
2025-02-02,0.009720830549622925,4675104.566883837,20500.62334978626,nls,Nolus,84308,0.004385061993052024,-0.08713974537760683,0.12430378489505234,-17.084157003904444,Desconocido
2025-02-03,0.009615780239331403,4614785.605011143,23007.81293929909,nls,Nolus,254218,0.004985673205341364,-1.0806721684454956,-1.2902163151593316,201.534848412962,Desconocido
2025-02-04,0.00976344738638416,4686638.100700295,115378.51532519235,nls,Nolus,821932,0.024618609938743097,1.5356751441630845,1.5570061502126586,223.31778237575625,Desconocido
2025-02-05,0.009571125950776497,4601276.108042324,26531.173011941344,nls,Nolus,729227,0.005766046720293296,-1.9698107440602297,-1.8213907458571543,-11.278913584092109,Desconocido
2025-02-06,0.009563528809797982,4590590.141292204,18486.796641081117,nls,Nolus,755248,0.004027106771043009,-0.07937562432661638,-0.23223919841373064,3.5682990344570342,Desconocido
2025-02-07,0.009426666042533678,4523375.0281173475,19155.111183025918,nls,Nolus,732924,0.004234694462421873,-1.431090656872236,-1.464193297725691,-2.9558502637544226,Desconocido
2025-02-08,0.009228989450114118,4430106.933944235,38988.60347867387,nls,Nolus,701421,0.008800826720442466,-2.096993693503424,-2.0619138053634134,-4.29826284853545,Desconocido
2025-02-09,0.009226160085906683,4429859.430436432,29470.300448695376,nls,Nolus,715813,0.006652649121597961,-0.030657356612318054,-0.005586851773398127,2.0518347754059363,Desconocido
2025-02-10,0.008848084637594606,4248756.444753342,42544.67233386646,nls,Nolus,713567,0.010013441082602784,-4.097863518427369,-4.088233239158279,-0.31376909891270843,Desconocido
2025-02-11,0.008533128027748346,4097341.9301309157,86616.06897506272,nls,Nolus,704296,0.021139575474067213,-3.5596021370324804,-3.5637372156129055,-1.2992473026359086,Desconocido
2025-02-12,0.008368843643952767,4017792.596481948,157145.6391684088,nls,Nolus,683338,0.03911243186271197,-1.9252539427669801,-1.9414863344447753,-2.9757374740166043,Desconocido
2025-02-13,0.008415932712481242,4040399.556171731,144025.0892969083,nls,Nolus,678423,0.035646249162885196,0.5626711470765766,0.5626711470765766,-0.7192633806403226,Desconocido
2025-02-14,0.008354408499761679,4010862.437677749,143232.73569114014,nls,Nolus,680964,0.03571120623475447,-0.7310444940739513,-0.7310444940739624,0.37454508470378123,Desconocido
2025-02-15,0.008365682005386604,4015913.9028623556,139502.04572530868,nls,Nolus,763933,0.034737309887514806,0.134940799522143,0.1259446132371389,12.184050845565997,Desconocido
2025-02-16,0.008458446370404944,4060634.0494461795,112541.77557872121,nls,Nolus,763933,0.02771532086080757,1.1088679316116679,1.1135733401044678,0.0,Desconocido
2025-02-17,0.0083675431340887,4016270.0077722934,64733.07764035087,nls,Nolus,763933,0.01611771059094117,-1.074703702494384,-1.092539764324163,0.0,Desconocido
2025-02-18,0.008186411925259042,3930209.073606507,76585.99134866001,nls,Nolus,763933,0.019486492935700706,-2.1646880802053348,-2.1428074805538766,0.0,Desconocido
2025-02-19,0.007491764120008397,3596976.8411868997,105598.6637003757,nls,Nolus,763933,0.02935761567637204,-8.485375663876882,-8.478740600784906,0.0,Desconocido
2025-02-20,0.007659471036415704,3676968.263291814,107713.34380641875,nls,Nolus,763933,0.029294064047751162,2.238550409768103,2.2238514629557393,0.0,Desconocido
2025-02-21,0.007608876649516467,3653662.707139231,110720.29278362352,nls,Nolus,763933,0.030303917372360854,-0.6605467487075023,-0.6338253279270512,0.0,Desconocido
2025-02-22,0.007276717984394451,3493666.448536256,98851.60349082839,nls,Nolus,749827,0.028294516648045873,-4.365410039116934,-4.379064829666501,-1.8464970095545041,Desconocido
2025-02-23,0.007306770499419332,3507923.609712782,45161.050249850756,nls,Nolus,756056,0.01287401188692031,0.41299546154367484,0.4080859288241312,0.8307249538893613,Desconocido
2025-02-24,0.0074670050742259774,3584310.8654899034,115485.15928325376,nls,Nolus,753012,0.03221962704048809,2.1929602800495607,2.1775632618002083,-0.40261567926185293,Desconocido
2025-02-25,0.007351914926969999,3530106.088921103,114415.87025093993,nls,Nolus,697537,0.0324114537548951,-1.5413160445442498,-1.5122788899447626,-7.367080471493148,Desconocido
2025-02-26,0.006901130478026403,3314196.5889540855,237931.74667567553,nls,Nolus,691872,0.07179168172119914,-6.1315242820604965,-6.116232615349116,-0.8121432984916965,Desconocido
2025-02-27,0.0068788760464182875,3301099.7486107415,155936.3566547774,nls,Nolus,727804,0.04723769910933554,-0.32247516083017125,-0.395173912947544,5.193446186577866,Desconocido
2025-02-28,0.006882554185797831,3301970.0754572153,156904.70366347567,nls,Nolus,727804,0.047518511699943096,0.05347006334643911,0.02636475455914944,0.0,Desconocido
2025-03-01,0.006402922828762098,3073974.97572256,152494.12712475896,nls,Nolus,727804,0.04960812248932316,-6.968798851238301,-6.9048202898412185,0.0,Desconocido
2025-03-02,0.0067530182801958894,3241215.9376123925,109548.72768129676,nls,Nolus,727804,0.03379865142894326,5.467744353581039,5.4405440255908655,0.0,Desconocido
2025-03-03,0.006880269468129425,3303144.007335598,161475.16028503235,nls,Nolus,727804,0.048885292293169624,1.8843601876025629,1.9106431325530249,0.0,Desconocido
2025-03-04,0.0064154249305943675,3075844.2698596753,162427.97598193813,nls,Nolus,727804,0.05280760719051239,-6.756196682241821,-6.88131480102403,0.0,Desconocido
2025-03-05,0.006506469213316335,3124316.56242923,161143.60954375536,nls,Nolus,734568,0.051577234996463474,1.4191465679504578,1.5759020391421297,0.929371094415532,Desconocido
2025-03-06,0.006515472790915914,3128217.182228263,106669.4960501359,nls,Nolus,230733,0.034099133735386644,0.1383788550194387,0.12484713764087108,-68.58929329891853,Desconocido
2025-03-07,0.0066919644162378505,3201845.6165891387,151396.74675882168,nls,Nolus,230733,0.04728421194776454,2.708807648893985,2.353686782975517,0.0,Desconocido
2025-03-08,0.006624539096181258,3184580.0146367946,141725.97611937937,nls,Nolus,230733,0.04450382011693413,-1.0075564641824353,-0.5392390520919887,0.0,Desconocido
2025-03-09,0.006362094273971879,3054161.9728808566,131564.276521583,nls,Nolus,230733,0.043077046237166065,-3.96170689611699,-4.0952980033950315,0.0,Desconocido
2025-03-10,0.006417306139968594,3080880.2500635516,65288.36169123045,nls,Nolus,230733,0.021191463605209484,0.8678253357953913,0.8748153313392404,0.0,Desconocido
2025-03-11,0.006414747528438155,3079651.8879502625,131319.25468298772,nls,Nolus,230733,0.04264094107415188,-0.03987049198889148,-0.03987049198889148,0.0,Desconocido
2025-03-12,0.006075875915034878,2917366.582722322,178174.65105963935,nls,Nolus,230733,0.061073795838634995,-5.282696035985445,-5.269599004449599,0.0,Desconocido
2025-03-13,0.0064162282658569375,3098389.4584957156,180108.6422597261,nls,Nolus,230733,0.05812976214654751,5.6017001594757865,6.205009574232978,0.0,Desconocido
2025-03-14,0.0063267306161950785,3036909.0747347055,139869.92431931605,nls,Nolus,233176,0.04605667172683944,-1.3948638663326296,-1.9842690721927236,1.0587995648650095,Desconocido
2025-03-15,0.006480133447605401,3111042.970532401,117220.01325191965,nls,Nolus,242005,0.037678686653389255,2.4246777793516916,2.441096982930624,3.786410265207407,Desconocido
2025-03-16,0.006506380108889377,3123643.7127466886,106001.02773396831,nls,Nolus,289988,0.03393505709419058,0.4050327280478161,0.4050327280478383,19.827276295944294,Desconocido
2025-03-17,0.006423844400190858,3084019.199078792,106174.36906451361,nls,Nolus,309612,0.034427272403566196,-1.2685349966835457,-1.2685349966835457,6.767176572823708,Desconocido
2025-03-18,0.006460402270329911,3101570.242715982,78489.4427480141,nls,Nolus,311976,0.025306356653487395,0.5690964453928471,0.5690964453928249,0.763536297042755,Desconocido
2025-03-19,0.006372405565174218,3061564.0550247496,48288.17974027013,nls,Nolus,317811,0.01577238916854208,-1.3620932795443297,-1.2898688264496472,1.8703361797061335,Desconocido
2025-03-20,0.006433830147145414,3091128.7654666477,61531.72296019942,nls,Nolus,320049,0.019905907397846746,0.9639151391569678,0.965673424123703,0.7041921141810681,Desconocido
2025-03-21,0.0064051081793535004,3074731.619052398,42290.94713748384,nls,Nolus,326454,0.013754353998062924,-0.4464209830695731,-0.5304582131108404,2.0012560576661675,Desconocido
2025-03-22,0.006367042798851774,3056749.3559513725,56010.466112018235,nls,Nolus,320760,0.018323539024541882,-0.5942972302080407,-0.5848400878177284,-1.7441967321582874,Desconocido
2025-03-23,0.006342566688759644,3046597.7393810344,91608.9069211833,nls,Nolus,340700,0.03006924929308033,-0.3844188089413114,-0.33210497126868743,6.2164858461154715,Desconocido
2025-03-24,0.0064512180937180185,3097161.017455487,101498.76836991037,nls,Nolus,350953,0.03277155039659449,1.71305104526418,1.6596637429634908,3.0093924273554506,Desconocido
2025-03-25,0.006450976891848156,3091190.997059301,83573.53048633627,nls,Nolus,322934,0.02703602933815513,-0.0037388577840413717,-0.1927578308825173,-7.983690123748765,Desconocido
2025-03-26,0.006411701984772794,3078703.374088545,99683.73750513518,nls,Nolus,332766,0.032378480611061376,-0.6088210783236847,-0.4039744869416273,3.0445849616330234,Desconocido
2025-03-27,0.006404921986566108,3074985.608204072,102199.16035305406,nls,Nolus,367751,0.03323565485327357,-0.10574412570620861,-0.12075752135665141,10.51339379624121,Desconocido
2025-03-28,0.006417450142982025,3083803.6597525817,102285.89015109505,nls,Nolus,367751,0.03316874270760208,0.19560201423520773,0.2867672461615234,0.0,Desconocido
2025-03-29,0.006403209354595058,3072993.696861125,105805.31008217443,nls,Nolus,367751,0.034430695445372396,-0.22190726954911533,-0.350539920311399,0.0,Desconocido
2025-03-30,0.006412071085271828,3077493.3439138364,103063.6530362673,nls,Nolus,367751,0.033489480404592833,0.1383951419675178,0.1464255217089372,0.0,Desconocido
2025-03-31,0.006430186160802986,3083278.6209550393,97799.78155294985,nls,Nolus,367751,0.03171941091806246,0.2825152012548182,0.18798666299779665,0.0,Desconocido
2025-04-01,0.006155773979410218,2956409.7355915126,105679.21173475443,nls,Nolus,367751,0.035745793440776344,-4.267562004122438,-4.114739566553649,0.0,Desconocido
2025-04-02,0.0061574843679394866,2957291.7344195587,97773.92004667406,nls,Nolus,367751,0.03306197995574643,0.02778510931347178,0.029833443498294976,0.0,Desconocido
2025-04-03,0.006171891907670157,2962954.6425836175,104964.00540707324,nls,Nolus,367751,0.03542545130408997,0.23398418688136413,0.1914896693535173,0.0,Desconocido
2025-04-04,0.00617991939399365,2966913.404575853,102336.47018028308,nls,Nolus,367751,0.03449257063669271,0.13006524488086146,0.13360859242799172,0.0,Desconocido
2025-04-05,0.006148591619989793,2951896.9583793185,105105.52745925174,nls,Nolus,367751,0.035606096331004006,-0.5069285213380792,-0.5061302488092445,0.0,Desconocido
2025-04-06,0.006180427726508572,2962793.0919275917,100049.56079381294,nls,Nolus,367751,0.033768662775138555,0.517778842479566,0.3691230995493733,0.0,Desconocido
2025-04-07,0.0058693391498349555,2816844.7048522527,99931.66756379491,nls,Nolus,367751,0.03547645611831358,-5.0334473670700985,-4.9260404809566065,0.0,Desconocido
2025-04-08,0.005652220605119661,2712074.515751099,109430.02315490812,nls,Nolus,367751,0.04034919487623365,-3.6991991631868726,-3.7194165841190285,0.0,Desconocido
2025-04-09,0.0056183009586694204,2697525.0203257003,107232.92871082624,nls,Nolus,367751,0.039752338867232784,-0.600111864344377,-0.536471079275247,0.0,Desconocido
2025-04-10,0.005637517331916871,2706598.4414563184,107243.3524237137,nls,Nolus,367751,0.039622926985064734,0.34203175281661835,0.33636096281777217,0.0,Desconocido
2025-04-11,0.005610377018212047,2694066.3396808277,95368.97067686912,nls,Nolus,367751,0.03539963707358732,-0.4814231532587643,-0.46302035734372415,0.0,Desconocido
2025-04-12,0.005671355603361086,2722097.559717297,103708.52962047346,nls,Nolus,367751,0.03809875559024567,1.0868892580853995,1.040479947490458,0.0,Desconocido
2025-04-13,0.005719507277298095,2746161.0133048645,105733.05143909728,nls,Nolus,367751,0.03850213113026936,0.8490328821644022,0.8840040836033181,0.0,Desconocido
2025-04-14,0.005723335578654625,2745236.8013476105,97621.60167907164,nls,Nolus,367751,0.03556035735465521,0.06693411112046466,-0.03365468931997295,0.0,Desconocido
2025-04-15,0.005700467600461042,2736290.0923167393,97777.98358183437,nls,Nolus,367751,0.035733778321379854,-0.3995568297422536,-0.3258993550749212,0.0,Desconocido
2025-04-16,0.005753249514881069,2760668.34534348,99056.13131029431,nls,Nolus,367751,0.03588121386524966,0.92592254038526,0.8909235572351237,0.0,Desconocido
2025-04-17,0.005725398232744281,2748695.2035009335,97392.92848232837,nls,Nolus,367751,0.03543242203001694,-0.4840965451741619,-0.43370446373038885,0.0,Desconocido
2025-04-18,0.0057883480374764035,2778907.3299163394,99336.47831441203,nls,Nolus,367751,0.035746596241265305,1.0994834275824594,1.0991442913323324,0.0,Desconocido
2025-04-19,0.00576163717737793,2766100.5725219217,107184.17052193021,nls,Nolus,367751,0.038749195017232424,-0.46145912314765614,-0.4608558643372729,0.0,Desconocido
2025-04-20,0.005805022586024884,2786929.608754771,102224.35306512125,nls,Nolus,367751,0.03667991927173078,0.7530048719016635,0.7530108066120977,0.0,Desconocido
2025-04-21,0.005822075080354816,2794754.8545646365,102269.53349130419,nls,Nolus,367751,0.036593382537387385,0.2937541426795587,0.2807837623628462,0.0,Desconocido
2025-04-22,0.005912208517253569,2839599.974405783,103272.63208737581,nls,Nolus,367751,0.03636872553113286,1.548132506962796,1.604617298290112,0.0,Desconocido
2025-04-23,0.00608564630388442,2921653.899248372,107400.69462409138,nls,Nolus,367751,0.03676023866198574,2.9335532758140825,2.8896297218681033,0.0,Desconocido
2025-04-24,0.0061583812331022225,2956591.1575820185,103385.10766820953,nls,Nolus,367751,0.03496767126664909,1.1951882443673512,1.1958041417100995,0.0,Desconocido
2025-04-25,0.006219904092639875,2986109.5937878746,104110.93007452773,nls,Nolus,367751,0.03486507336874505,0.9990102465069484,0.9983942531302414,0.0,Desconocido
2025-04-26,0.006260062056473129,3005575.376838418,107312.46724301648,nls,Nolus,367751,0.03570446712798768,0.6456363833772683,0.6518777171152346,0.0,Desconocido
2025-04-27,0.006283730885924789,3016826.575640968,104203.29430233485,nls,Nolus,367751,0.034540697547453605,0.37809256902150423,0.37434425665228144,0.0,Desconocido
2025-04-28,0.006266517048135294,3008488.0149384704,105748.67379203891,nls,Nolus,367751,0.03515010638797632,-0.2739429504858837,-0.276401725237585,0.0,Desconocido
2025-04-29,0.006314603838790085,3031570.691252586,92331.49758265099,nls,Nolus,367751,0.030456653327949088,0.767360725031474,0.7672517290911562,0.0,Desconocido
2025-04-30,0.006374398761222582,3061486.2348666913,106585.01262149212,nls,Nolus,367751,0.03481479400678515,0.9469307015775419,0.9868001330275655,0.0,Desconocido
2025-05-01,0.006664915749683139,3199786.8672788963,121065.48907323484,nls,Nolus,367751,0.03783548532911791,4.5575590631050655,4.517434402844112,0.0,Desconocido
2025-05-02,0.006706670732167405,3219772.218894295,101418.33220831752,nls,Nolus,367751,0.03149860465692995,0.6264892768712338,0.6245838377477275,0.0,Desconocido
2025-05-03,0.0067568908206534955,3243924.357925619,99510.15355658894,nls,Nolus,367751,0.03067585509922998,0.7488080225143356,0.7501194926024413,0.0,Desconocido
2025-05-04,0.006782328531687446,3256106.200584401,100614.98223280415,nls,Nolus,367751,0.030900399444817227,0.3764706535762885,0.37552795055220134,0.0,Desconocido
2025-05-05,0.00677652781321806,3253318.9751965567,99813.16719357998,nls,Nolus,367751,0.030680412205061923,-0.0855269461260133,-0.08559995332290127,0.0,Desconocido
2025-05-06,0.006855942911545226,3291465.1515765805,107677.44660268223,nls,Nolus,365595,0.0327141384289321,1.1719142976475583,1.1725310881242068,-0.5862662508055672,Desconocido
2025-05-07,0.006852863152219465,3289996.2745705037,97034.06320280081,nls,Nolus,431357,0.02949366962899319,-0.044921017655707995,-0.04462684362230851,17.987663945075827,Desconocido
2025-05-08,0.006759493361192569,3245158.085901636,98114.48906696116,nls,Nolus,451168,0.03023411694278092,-1.3624931499858772,-1.3628644207118734,4.592715546519477,Desconocido
2025-05-09,0.006723793880982215,3228013.2784027006,88936.9999172024,nls,Nolus,411708,0.027551621460866663,-0.5281384018410495,-0.528319639447461,-8.746187672884599,Desconocido
2025-05-10,0.006827485955371209,3277650.1924670995,114075.75277526617,nls,Nolus,347259,0.034804126760519534,1.5421661672627929,1.5376923755704208,-15.654055787111254,Desconocido
2025-05-11,0.00688948612007243,3307494.614213136,111116.28769486248,nls,Nolus,315863,0.033595304197130915,0.9080965542293873,0.9105432243692979,-9.041090367708248,Desconocido
2025-05-12,0.006945175215489677,3334323.976030944,102328.562016005,nls,Nolus,309692,0.03068944792155834,0.8083200175844407,0.8111687227702724,-1.9536951146541415,Desconocido
2025-05-13,0.006960225166528258,3341570.136689753,102824.7130418939,nls,Nolus,307657,0.03077137657920141,0.21669649176043748,0.21732023375349296,-0.6571044779974944,Desconocido
2025-05-14,0.006980439352138936,3351235.6098259054,102293.11706811842,nls,Nolus,310888,0.030524000392032263,0.290424305637238,0.2892494468402118,1.0501955099347704,Desconocido
2025-05-15,0.006998503846363447,3359907.0835570795,95690.1398887792,nls,Nolus,295946,0.02847999587758647,0.2587873529618978,0.25875452342858374,-4.806232469571037,Desconocido
2025-05-16,0.006983895449930595,3352893.736234496,103580.07522485066,nls,Nolus,318350,0.030892740233747284,-0.20873599205697424,-0.2087363474098991,7.570299987159812,Desconocido
2025-05-17,0.006999648164902645,3360456.4467213773,95318.36949281652,nls,Nolus,317964,0.02836470908165279,0.2255577146734966,0.2255577146734966,-0.12125019632479583,Desconocido
2025-05-18,0.006962960137485742,3342842.9159629587,101061.00028616654,nls,Nolus,316191,0.0302320518273753,-0.5241410218425391,-0.524141021842528,-0.557610295505151,Desconocido
2025-05-19,0.006923784370838003,3323847.9315757225,105562.40369073316,nls,Nolus,280850,0.03175909544113519,-0.5626309195256307,-0.5682284470062915,-11.177104977687534,Desconocido
2025-05-20,0.0069283389791612296,3326221.5342082875,88861.99123058967,nls,Nolus,354941,0.02671559615518536,0.0657820648258367,0.07141128840510991,26.38098629161474,Desconocido
2025-05-21,0.006923251921424521,3323784.676055791,97198.20850271129,nls,Nolus,403437,0.029243232632642353,-0.07342391519827851,-0.07326205207425218,13.663115841787787,Desconocido
2025-05-22,0.006948343785957233,3335825.761448278,114903.41240946969,nls,Nolus,395146,0.03444526801651156,0.36242888194004674,0.3622703203137734,-2.0550916252103812,Desconocido
2025-05-23,0.006973352030956844,3347836.945258721,146572.7467177365,nls,Nolus,390898,0.0437813277989288,0.35991663294141496,0.3600662825155476,-1.0750456793185315,Desconocido
2025-05-24,0.006704092037438827,3218563.1014409857,124356.49092823153,nls,Nolus,406179,0.03863726980296139,-3.861270624553148,-3.8614139795791314,3.909203935553518,Desconocido
2025-05-25,0.006719591925723829,3226004.1249105646,99746.55939431791,nls,Nolus,401444,0.030919538702413537,0.23120041011435166,0.2311908524101236,-1.1657421974055726,Desconocido
2025-05-26,0.006712966007285033,3222823.399741009,110108.0709067242,nls,Nolus,401588,0.03416509601971137,-0.09860596464840166,-0.09859643839246202,0.03587050746804987,Desconocido
2025-05-27,0.006711475682914956,3222107.9505792274,118783.09751478904,nls,Nolus,409276,0.03686502728545635,-0.022200683996598247,-0.022199452872251335,1.9143998326643263,Desconocido
2025-05-28,0.00666004920906066,3197431.5546775195,125174.2999269326,nls,Nolus,393712,0.03914839075876862,-0.7662468923967047,-0.7658463428350304,-3.802812771821462,Desconocido
2025-05-29,0.006670708719700209,3202482.31669656,123574.11080932451,nls,Nolus,353983,0.038586976785181526,0.16005152972515813,0.15796310046580775,-10.090878611777132,Desconocido
2025-05-30,0.006583250727836833,3160548.477231953,144272.71659929267,nls,Nolus,326412,0.0456479999084363,-1.311074962771075,-1.3094167373221555,-7.788792117135568,Desconocido
2025-05-31,0.0065468848138702275,3143088.331089063,120718.35674129061,nls,Nolus,326412,0.03840756097982851,-0.5524005612126293,-0.5524403839608727,0.0,Desconocido
2025-06-01,0.006514855269289835,3127717.6661390034,105148.17927998258,nls,Nolus,326412,0.03361818121191938,-0.48923336046076127,-0.48903063900638255,0.0,Desconocido
2025-06-02,0.006515024020583895,3127809.006764316,103797.61539530673,nls,Nolus,326412,0.03318540715588137,0.002590253920997654,0.0029203603094218877,0.0,Desconocido
2025-06-03,0.006518639765747527,3129529.443279566,52142.50656404263,nls,Nolus,330768,0.01666145262701229,0.05549856995472613,0.0550045259006815,1.3345097606705547,Desconocido
2025-06-04,0.006490064483175565,3115810.7548150048,231544.09861721206,nls,Nolus,353515,0.07431263219673928,-0.43836265845079714,-0.43836265845080824,6.877025588932417,Desconocido
2025-06-05,0.006406095584981606,3075492.541173423,194116.79193887522,nls,Nolus,355303,0.0631173021362009,-1.293806839849343,-1.293987883547676,0.5057776897727129,Desconocido
2025-06-06,0.006290380712937187,3019742.955930241,179627.01691564536,nls,Nolus,339544,0.0594842076087601,-1.8063244687715918,-1.8127042903479662,-4.435369248219123,Desconocido
2025-06-07,0.006284743905153481,3017237.421220865,165937.9786136345,nls,Nolus,389693,0.05499665934359617,-0.08960996227324047,-0.08297178753097212,14.769514407558383,Desconocido
2025-06-08,0.006285983002863612,3017829.2118361164,28879.699170863732,nls,Nolus,418387,0.009569693028881731,0.01971596184080493,0.019613657549433228,7.3632320826907405,Desconocido
2025-06-09,0.006269179823761498,3009769.7164939963,102076.551843403,nls,Nolus,388119,0.0339150704068846,-0.2673118761927884,-0.2670626724173175,-7.23445040118359,Desconocido
2025-06-10,0.006152416058778463,2953719.6167293824,153514.82590791193,nls,Nolus,377400,0.05197339146154198,-1.8625046380146282,-1.862272035546464,-2.7617818246465697,Desconocido
2025-06-11,0.006154964232882776,2954925.752131408,141437.48276426323,nls,Nolus,418923,0.04786498701777647,0.041417454215841865,0.04083445819278442,11.002384737678849,Desconocido
2025-06-12,0.00615358092144331,2954233.367163754,111652.52443395976,nls,Nolus,461906,0.037794077365375184,-0.022474727506549552,-0.02343155211783632,10.260358108769395,Desconocido
2025-06-13,0.006155515777204941,2955093.1905382965,94840.45337675007,nls,Nolus,465473,0.03209389594900526,0.03144276131785695,0.02910478854174503,0.7722350434937075,Desconocido
2025-06-14,0.006112908841801233,2934722.0180447865,186356.7918902933,nls,Nolus,423466,0.06350066232659768,-0.6921749037097746,-0.6893580398322108,-9.024583595611347,Desconocido
2025-06-15,0.006111746112132246,2934216.7361420146,149736.22420392642,nls,Nolus,423191,0.05103107154954189,-0.019020890039067595,-0.017217368448019243,-0.06494027855837858,Desconocido
2025-06-16,0.006113311503003272,2934935.666351314,155464.56129551714,nls,Nolus,422176,0.052970347213364743,0.025612825570719977,0.024501605503246537,-0.2398444201318073,Desconocido
2025-06-17,0.006218983207536432,2985794.1909774123,153306.62551497476,nls,Nolus,424424,0.05134534254847257,1.728550957713293,1.7328667612440452,0.5324793451072507,Desconocido
2025-06-18,0.006241243915021941,2996336.6277882103,110662.75597681747,nls,Nolus,417514,0.03693268471590417,0.35794770210237914,0.3530865202516553,-1.6280888922398318,Desconocido
2025-06-19,0.0062616845118792985,3006167.977431019,138165.34205124353,nls,Nolus,434989,0.04596061932950117,0.32750838031117,0.32811232061285,4.185488390808456,Desconocido
2025-06-20,0.006289663427539305,3019606.726843236,161218.14267605805,nls,Nolus,428286,0.05339044361071452,0.44682729714227154,0.4470392044992,-1.5409585069967258,Desconocido
2025-06-21,0.0063038242153145895,3026398.788094926,94165.69807466907,nls,Nolus,484984,0.03111476863032482,0.22514380838378756,0.22493198174819984,13.23835007448293,Desconocido
2025-06-22,0.006271435969702112,3010845.514753417,29359.367095313693,nls,Nolus,630324,0.009751203424901784,-0.5137872584358161,-0.5139201549607897,29.967998944295072,Desconocido
2025-06-23,0.006166666494989298,2960550.761326981,161478.36572503377,nls,Nolus,613352,0.054543353160631435,-1.6705819084969487,-1.6704528073588465,-2.692583496741363,Desconocido
2025-06-24,0.006134579596547024,2945149.9912082856,177668.71951430055,nls,Nolus,610576,0.06032586457215026,-0.5203280973334001,-0.5201994953058064,-0.4525949210241409,Desconocido
2025-06-25,0.006134269912618731,2945021.4245218863,138053.48976643613,nls,Nolus,610915,0.04687690507679367,-0.005048168719945512,-0.004365369736114566,0.05552134378030704,Desconocido
2025-06-26,0.006144938638841757,2950119.550269575,154407.09522508038,nls,Nolus,612551,0.05233926713613048,0.17392006506071755,0.17310997146706697,0.26779502876832506,Desconocido
2025-06-27,0.006137410582732009,3750016.054838992,134165.60948684686,nls,Nolus,647187,0.03577734268996544,-0.12250823892958618,27.114036937802233,5.654386328648564,Desconocido
2025-06-28,0.006136017973060739,3753895.853313854,185163.3838710449,nls,Nolus,634347,0.04932565822453142,-0.022690508521416852,0.10346084971704084,-1.983970629817966,Desconocido
2025-06-29,0.006217555654998574,3808675.890748291,128102.04444623744,nls,Nolus,639435,0.033634272939162914,1.3288370779846792,1.4592849555503218,0.8020846634412937,Desconocido
2025-06-30,0.006219217579973839,3807260.8262144704,90469.04584295202,nls,Nolus,643490,0.023762240091363712,0.02672955527029952,-0.03715371363727238,0.6341535887150362,Desconocido
