date,price,market_cap,volume,token,name,tvl_usd,volume_to_marketcap,price_change_%,market_cap_trend,tvl_trend,year,month,quarter,month_name
2024-06-01,0.0217426068119751,267785119.7502724,4748499.606462559,one,Harmony,2870121,0.0177324998898028,0.0,0.0,0.0,2024,6,2,June
2024-06-02,0.0218085728582048,268287245.32364804,3105341.8768550074,one,Harmony,2927085,0.011574690675693,0.303395295698361,0.1875106330941456,1.984724685823358,2024,6,2,June
2024-06-03,0.0216246699011506,266174581.64667204,6740671.334065311,one,Harmony,2832820,0.0253242488158132,-0.8432599338337954,-0.7874633303671885,-3.2204394474366183,2024,6,2,June
2024-06-04,0.0220324417296862,270763566.006694,6316662.0972584775,one,Harmony,2929770,0.0233290696766134,1.885678858449813,1.7240505579580567,3.4223847614744285,2024,6,2,June
2024-06-05,0.0229404180856679,282230726.2915312,6750956.490225386,one,Harmony,2433359,0.0239199912034098,4.121088198582723,4.235119389938036,-16.943684999163754,2024,6,2,June
2024-06-06,0.0229207283804318,281632253.592556,5970411.909935843,one,Harmony,2497337,0.0211993187348966,-0.085829757603062,-0.2120508659135156,2.629205144000535,2024,6,2,June
2024-06-07,0.0224798943761234,276481344.869383,4946629.89169643,one,Harmony,2992966,0.0178913694666573,-1.9232984091588248,-1.8289484451681328,19.84630027905725,2024,6,2,June
2024-06-08,0.0200022433768818,246202771.2654966,12912637.794644088,one,Harmony,2173231,0.0524471667328209,-11.021630964036866,-10.951398409245572,-27.388717412760457,2024,6,2,June
2024-06-09,0.0186531070605937,229437326.1707984,6200134.837527388,one,Harmony,2087444,0.0270232178042027,-6.744925010998348,-6.809608603722406,-3.947440469973051,2024,6,2,June
2024-06-10,0.0187748246426587,231016795.57951185,4656916.387885432,one,Harmony,2195268,0.0201583455272307,0.6525324798146492,0.6884099614801631,5.165360124630891,2024,6,2,June
2024-06-11,0.0182082484103805,224048504.17444444,5862292.942493434,one,Harmony,2177776,0.0261652848970999,-3.017744469319128,-3.0163570521300254,-0.7968047637008313,2024,6,2,June
2024-06-12,0.0176468065003287,217089006.9878815,9024643.902670885,one,Harmony,2136233,0.0415711694842966,-3.0834482120294493,-3.1062457712925595,-1.9075882919088127,2024,6,2,June
2024-06-13,0.0183480264313695,225779974.5134425,7073985.497833509,one,Harmony,2163308,0.0313313238389631,3.9736364255352097,4.003412077906887,1.2674179267898156,2024,6,2,June
2024-06-14,0.0174253957482126,214745299.3292752,4861407.535506343,one,Harmony,2099214,0.0226380160622384,-5.028500948633474,-4.887357795104341,-2.9627773761295217,2024,6,2,June
2024-06-15,0.0167176863772364,205780639.4357343,6583679.448474305,one,Harmony,2403505,0.031993677668255,-4.061367564916107,-4.17455465686124,14.495473067538622,2024,6,2,June
2024-06-16,0.0170233974603961,209165335.29252467,3433657.891492583,one,Harmony,2450682,0.0164159987920106,1.82866861036437,1.644807726359221,1.962841766503498,2024,6,2,June
2024-06-17,0.0173394774481391,213297744.26356173,3334814.0373329227,one,Harmony,2455219,0.0156345490143217,1.8567385768814224,1.9756662667156368,0.1851321387271065,2024,6,2,June
2024-06-18,0.0158054434565768,194234533.4454597,7055193.658549476,one,Harmony,2415190,0.0363230653859528,-8.847060104034288,-8.937371036866903,-1.6303637272275906,2024,6,2,June
2024-06-19,0.0148607052287544,182284520.61502337,11646617.53060082,one,Harmony,2227486,0.0638925208312007,-5.977296558732426,-6.152362619797403,-7.771810913427101,2024,6,2,June
2024-06-20,0.0150964684869685,185536160.7573917,7253695.179410417,one,Harmony,2212288,0.0390958568389015,1.5864876840291142,1.7838268062462692,-0.6822938505561926,2024,6,2,June
2024-06-21,0.0153122367724999,188597479.9534237,6162124.4047277225,one,Harmony,1874792,0.0326734185751025,1.4292633122624077,1.6499852015559702,-15.25551826886915,2024,6,2,June
2024-06-22,0.015190497551511,186853832.843078,5581695.54206424,one,Harmony,2347916,0.0298719884796359,-0.7950453143960701,-0.9245336209032784,25.236079522421683,2024,6,2,June
2024-06-23,0.015072111998549,185362512.55484343,2992966.289328289,one,Harmony,2269352,0.0161465565398114,-0.7793395348674959,-0.7981213259280362,-3.3461163005831573,2024,6,2,June
2024-06-24,0.0146991508509438,180792465.6094784,2916511.7735321485,one,Harmony,1806441,0.0161318214434442,-2.474511519295264,-2.4654645010883325,-20.398378039193567,2024,6,2,June
2024-06-25,0.0151060499571267,185715509.6215089,6061642.964563712,one,Harmony,2267833,0.032639400860582,2.7681810351432024,2.723036048783456,25.54149291341372,2024,6,2,June
2024-06-26,0.0152375608004137,187186870.65855125,3321012.354779027,one,Harmony,2324208,0.0177416949334919,0.8705839293547735,0.7922661063908931,2.4858532352249885,2024,6,2,June
2024-06-27,0.0147320421967539,181304510.8165536,3502600.6501501724,one,Harmony,1825173,0.0193188831010065,-3.3175821923290827,-3.142506641252474,-21.4711850230272,2024,6,2,June
2024-06-28,0.0150054702684641,184666540.99376312,3694264.1265402255,one,Harmony,1804652,0.0200050540106504,1.8560092895368865,1.8543555050382965,-1.124331775672771,2024,6,2,June
2024-06-29,0.0145532008189178,179046800.63307443,3365750.757952697,one,Harmony,1738296,0.0187981619668827,-3.014030493245423,-3.043182771739084,-3.6769415931714233,2024,6,2,June
2024-06-30,0.014178933262454,174416188.74425247,2290291.572519656,one,Harmony,1825900,0.0131311868984703,-2.5717198650707984,-2.586257823345084,5.03964802312149,2024,6,2,June
2024-07-01,0.0148532537521164,182600778.2802989,3326346.510677746,one,Harmony,1850348,0.0182164968956029,4.7557914067343,4.692562998293437,1.338956131222968,2024,7,3,July
2024-07-02,0.014456613953538,177781753.7203259,3477230.978867105,one,Harmony,1850735,0.0195589868257079,-2.6703899710989187,-2.6391040637163243,0.0209149846407186,2024,7,3,July
2024-07-03,0.0143889523434332,176794663.55990762,2827683.915826447,one,Harmony,1882853,0.0159941700664979,-0.4680322122612046,-0.5552257977897379,1.7354186309763486,2024,7,3,July
2024-07-04,0.0134240235887731,165078750.89795902,4051841.430502448,one,Harmony,2222139,0.0245448999853835,-6.706038991785701,-6.626847454577501,18.01978168237244,2024,7,3,July
2024-07-05,0.0120384362436098,148488183.46488842,5302613.266918136,one,Harmony,2118731,0.0357106750394855,-10.321699272952037,-10.050092663546872,-4.653534274858595,2024,7,3,July
2024-07-06,0.0119524748125334,146933484.26250976,9017534.009047829,one,Harmony,1663336,0.0613715386544376,-0.7140581163271986,-1.0470188038540384,-21.493762067954822,2024,7,3,July
2024-07-07,0.0131256415238066,161295878.33471295,3587826.9211022467,one,Harmony,2263165,0.0222437607094768,9.815261940924414,9.774759064818394,36.06180591293642,2024,7,3,July
2024-07-08,0.0122006232122169,149868355.30354533,2988526.632319634,one,Harmony,2104075,0.0199410117383795,-7.047414100956106,-7.084820237907019,-7.029536070061171,2024,7,3,July
2024-07-09,0.0124930605326608,153639688.41372547,4637165.657702658,one,Harmony,2156863,0.0301820818928997,2.396904775741593,2.516430571711848,2.5088459299217103,2024,7,3,July
2024-07-10,0.0131646598074268,162172146.966754,3759532.720430104,one,Harmony,2262125,0.0231823577028971,5.3757786013307385,5.553551065563256,4.880328514142995,2024,7,3,July
2024-07-11,0.0132033324493009,162622833.51524907,3055997.1004234925,one,Harmony,2257087,0.0187919312089524,0.2937610423650483,0.2779062600604787,-0.2227109465657295,2024,7,3,July
2024-07-12,0.0132575593459228,163060038.38779214,4134621.761515756,one,Harmony,2224478,0.0253564380481913,0.4107061367275344,0.2688459320825176,-1.4447382843461476,2024,7,3,July
2024-07-13,0.013522202818286,166227296.32999247,2986714.093949344,one,Harmony,2245786,0.0179676512816532,1.9961703768996752,1.9423875852818684,0.957887648248268,2024,7,3,July
2024-07-14,0.0135657728729877,166882652.9727347,2847926.82121855,one,Harmony,2174714,0.0170654455120859,0.3222112202223126,0.3942533249420288,-3.1646826545360995,2024,7,3,July
2024-07-15,0.0140403475556619,173154000.55791408,3853363.552152625,one,Harmony,2261720,0.022253967795932,3.498323959257688,3.75793857148472,4.000801944531562,2024,7,3,July
2024-07-16,0.0149272770973481,183452455.2406844,4552371.820423579,one,Harmony,2343603,0.0248149953319021,6.31700560238968,5.947569590993007,3.620386254708796,2024,7,3,July
2024-07-17,0.0147350846132239,181364656.8726844,4657085.763711828,one,Harmony,2396316,0.0256780226313941,-1.2875253997818523,-1.138059648894263,2.249229071647374,2024,7,3,July
2024-07-18,0.0153120701159473,188637153.15636235,6348594.659721772,one,Harmony,2483193,0.0336550597456238,3.915725751622534,4.00987513723976,3.625440050477491,2024,7,3,July
2024-07-19,0.0149784158030516,184257467.9626472,4177355.692687485,one,Harmony,2450515,0.0226712965226154,-2.17902811552696,-2.3217511081100817,-1.315966982832184,2024,7,3,July
2024-07-20,0.0157105433264392,193394088.71006548,3552120.410682928,one,Harmony,2028790,0.018367264658271,4.887883558676953,4.958616249557091,-17.209647767918167,2024,7,3,July
2024-07-21,0.0155126526799473,190940371.13341564,3197761.9267878267,one,Harmony,2486082,0.0167474374738355,-1.259604091214772,-1.2687655517374383,22.54013476012795,2024,7,3,July
2024-07-22,0.0156979670696583,193173309.89928368,4046280.305276557,one,Harmony,2614681,0.0209463735305161,1.1946015522575903,1.1694429798231765,5.172757777096648,2024,7,3,July
2024-07-23,0.0148547136584349,182793581.38336253,3245809.0388005576,one,Harmony,2130512,0.0177566904386719,-5.371736400525928,-5.3732725920226265,-18.51732582292065,2024,7,3,July
2024-07-24,0.014470997215504,178170887.0717515,3112702.7090646317,one,Harmony,1926152,0.0174703216682706,-2.583129178750676,-2.5289150070954003,-9.592060500011268,2024,7,3,July
2024-07-25,0.013678510128578,168168030.79406297,3294378.2511503007,one,Harmony,2322948,0.0195898009603535,-5.476382001351876,-5.614192330793244,20.600451054745417,2024,7,3,July
2024-07-26,0.0135051687007899,166168358.64804497,4257220.706718637,one,Harmony,1796819,0.0256199239214711,-1.2672537151978025,-1.1890917296086934,-22.649194041364684,2024,7,3,July
2024-07-27,0.0142202238333985,174975591.16736272,3860741.911652133,one,Harmony,1868112,0.0220644598820607,5.294677530142944,5.300186263482343,3.967734090078068,2024,7,3,July
2024-07-28,0.0146116846826822,179876474.31815597,4778628.498282276,one,Harmony,1944666,0.026566167234466,2.752845903622614,2.800895323797259,4.097934170970485,2024,7,3,July
2024-07-29,0.013923346392403,171338857.98612404,3248066.797576858,one,Harmony,2456510,0.0189569770439342,-4.710875612412934,-4.74637740393502,26.32040669194606,2024,7,3,July
2024-07-30,0.0143742880721366,176768885.62095755,4560755.971079367,one,Harmony,1897764,0.0258006716230531,3.238744961338269,3.1691746394581832,-22.745521084791022,2024,7,3,July
2024-07-31,0.0136112198402804,167478929.9177269,5360140.311804447,one,Harmony,2368812,0.0320048636233679,-5.308563652174314,-5.255424714930279,24.82121064579157,2024,7,3,July
2024-08-01,0.013131769350148,161444557.45016813,6378259.621616736,one,Harmony,2387038,0.0395074304290837,-3.5224652585033045,-3.603063663305661,0.7694152174170021,2024,8,3,August
2024-08-02,0.0131741030563285,162171444.26701963,9465852.178633908,one,Harmony,2341988,0.0583694140569416,0.3223762544998676,0.4502392823467316,-1.8872761975301635,2024,8,3,August
2024-08-03,0.0121211713039995,148858460.96763676,6553498.5534237735,one,Harmony,2216669,0.0440250323080296,-7.992435977060552,-8.209203142732502,-5.350966785483102,2024,8,3,August
2024-08-04,0.0113646278418084,139790836.50381896,7031962.798943072,one,Harmony,1605753,0.0503034603326875,-6.241504580844359,-6.091440422583161,-27.560091290129478,2024,8,3,August
2024-08-05,0.0106141317369691,130886113.6215975,6762833.283279223,one,Harmony,1539342,0.0516696011223247,-6.603789541425497,-6.370033333320957,-4.135816654242586,2024,8,3,August
2024-08-06,0.0099948070561833,122990359.76355204,35317781.28880723,one,Harmony,1410471,0.2871589395844143,-5.8349066709684205,-6.032537478248246,-8.371823805236268,2024,8,3,August
2024-08-07,0.0104687403730647,128786875.03952318,8958830.039823426,one,Harmony,1434383,0.069563222471809,4.741795556604966,4.712983429851647,1.6953202157293568,2024,8,3,August
2024-08-08,0.0102094876506846,125747905.70450392,8151745.34128015,one,Harmony,1379453,0.0648260922964077,-2.4764461925816605,-2.359688698158602,-3.829521125110935,2024,8,3,August
2024-08-09,0.0114096941576304,140587368.5573275,8510824.115384756,one,Harmony,1518191,0.0605376158805781,11.755795667819546,11.800962226516098,10.057464806702376,2024,8,3,August
2024-08-10,0.0109960050344555,135008869.2838477,6492096.332643271,one,Harmony,1961778,0.0480864432616944,-3.6257687319186327,-3.967994657503715,29.218128680778644,2024,8,3,August
2024-08-11,0.011237940992103,138452637.57370207,4084820.3389671096,one,Harmony,2007345,0.029503376826553,2.2002168686663826,2.5507718923369893,2.322739881882652,2024,8,3,August
2024-08-12,0.0104168328789093,128024249.0620223,4483144.959440513,one,Harmony,1876149,0.0350179359948334,-7.306570783479749,-7.532098119928166,-6.535797284472777,2024,8,3,August
2024-08-13,0.0111663055539138,137432341.13670447,6447629.858699029,one,Harmony,1920750,0.0469149386917999,7.194822876748885,7.34867975685165,2.377263213103009,2024,8,3,August
2024-08-14,0.0112279219592368,138133340.64656323,5126691.383210007,one,Harmony,1585627,0.037114076581464,0.5518065489573898,0.5100688120865726,-17.447507484055702,2024,8,3,August
2024-08-15,0.0109197615221488,134365158.65440726,5103812.602001502,one,Harmony,1554855,0.0379846431404789,-2.744590122792745,-2.7279308344518194,-1.940683401581833,2024,8,3,August
2024-08-16,0.0103880802586139,127703542.95014866,5304128.092261858,one,Harmony,1412991,0.0415346980179901,-4.868982371606279,-4.957844556558411,-9.123937601898568,2024,8,3,August
2024-08-17,0.0103285733209545,127097748.77096348,5584027.243925924,one,Harmony,1481763,0.0439349028438624,-0.5728386398439311,-0.4743753894296043,4.8671222958957205,2024,8,3,August
2024-08-18,0.0104785371563028,128852984.7052867,3979131.158068454,one,Harmony,1487968,0.0308811718034281,1.4519317497990736,1.3810126074587092,0.4187579255251927,2024,8,3,August
2024-08-19,0.0108664181617011,133760293.11199798,6623136.491321033,one,Harmony,1498186,0.0495149669399681,3.701671326946943,3.808455363246188,0.6867083163078824,2024,8,3,August
2024-08-20,0.0110034661457479,135460764.2884101,5497350.010083197,one,Harmony,1504839,0.040582599979864,1.2612066092745788,1.2712824836502934,0.4440703624249531,2024,8,3,August
2024-08-21,0.0112530180713827,138438079.03912628,6212806.289757672,one,Harmony,1570508,0.0448778712683651,2.267939232323513,2.1979166929673832,4.363855535376215,2024,8,3,August
2024-08-22,0.0119890780730563,147494374.10668203,9038160.086379075,one,Harmony,2043967,0.061277998846531,6.54100079644746,6.541765914706321,30.14686967528979,2024,8,3,August
2024-08-23,0.0121019640992801,148938649.6770384,4704889.35521985,one,Harmony,1648770,0.0315894454892805,0.9415738686160412,0.9792072267866604,-19.33480335054333,2024,8,3,August
2024-08-24,0.0133068905741751,163746958.78091192,10106080.23188015,one,Harmony,1799963,0.061717666740924,9.956453886412175,9.942556304884032,9.170047975157235,2024,8,3,August
2024-08-25,0.013791585743406,169663222.85132018,10392354.629103106,one,Harmony,1790009,0.0612528422745462,3.642437476502103,3.613052794662286,-0.5530113674558912,2024,8,3,August
2024-08-26,0.0137641118787109,169339127.33952013,17447638.426962286,one,Harmony,1845844,0.1030337093445643,-0.1992074385518627,-0.1910228429905847,3.119258059596341,2024,8,3,August
2024-08-27,0.0128566806299367,158403116.45426634,8961734.383849194,one,Harmony,1673968,0.0565754928592998,-6.592733746793355,-6.458053172393763,-9.311512782228617,2024,8,3,August
2024-08-28,0.0121240193399235,149105474.23223007,7764756.819659168,one,Harmony,1764125,0.0520755985629719,-5.698681573432173,-5.8696081429184925,5.385825774447306,2024,8,3,August
2024-08-29,0.0120754159545201,148583180.65351173,7027164.608084022,one,Harmony,1603454,0.0472944823039628,-0.4008850863781665,-0.3502846434094486,-9.107687947282647,2024,8,3,August
2024-08-30,0.0115785351271965,142411645.30318353,5360729.208265585,one,Harmony,1656191,0.0376424919243998,-4.11481334634789,-4.153589473037266,3.2889624523060768,2024,8,3,August
2024-08-31,0.0113235540722414,139390441.730783,7011286.675351658,one,Harmony,1566694,0.0502996230465584,-2.202187514689935,-2.1214582318522024,-5.403784949924251,2024,8,3,August
2024-09-01,0.0109254742613952,134442616.29494134,5374170.85930512,one,Harmony,1543837,0.0399737152356156,-3.5155023617720493,-3.5496160098249963,-1.4589319931013978,2024,9,3,September
2024-09-02,0.0104345231140322,128657208.01665224,4736048.505783718,one,Harmony,1532547,0.0368113732513978,-4.493636940757739,-4.303254754874031,-0.7312948193364921,2024,9,3,September
2024-09-03,0.0113759284593294,139833312.8344268,7109379.540566171,one,Harmony,1559796,0.0508418158481606,9.022025587649374,8.686730413369471,1.7780205109533265,2024,9,3,September
2024-09-04,0.0107480759100168,132428022.52192432,5163458.315342756,one,Harmony,1520142,0.0389906774790653,-5.519132364071922,-5.295798377651895,-2.542255525722592,2024,9,3,September
2024-09-05,0.0111255078822775,136863793.9625555,6720216.021151779,one,Harmony,1544025,0.0491014886156842,3.511623619153448,3.349571605886359,1.5711032258828528,2024,9,3,September
2024-09-06,0.0109080862832866,134352157.33006138,4989958.546221387,one,Harmony,1499970,0.0371408888802776,-1.9542622349607464,-1.8351359112412704,-2.853256909700297,2024,9,3,September
2024-09-07,0.0104872826454201,128936733.2451644,6997138.720881692,one,Harmony,1459458,0.0542680006292474,-3.857721940751668,-4.030768238125848,-2.700854017080345,2024,9,3,September
2024-09-08,0.010663881623728,131029005.30928016,3591799.956689185,one,Harmony,1531965,0.027412250808217,1.6839345737003963,1.6227121716644088,4.968077190299414,2024,9,3,September
2024-09-09,0.0109512912851452,134915852.2146696,4488455.618769607,one,Harmony,1567974,0.0332685562525881,2.6951692784889847,2.9664019017887844,2.3505106187151847,2024,9,3,September
2024-09-10,0.0117548747594494,144619109.90496323,7060543.546727478,one,Harmony,2174563,0.0488216498591875,7.337796551848053,7.192081235090497,38.68616443895117,2024,9,3,September
2024-09-11,0.0117486708720021,144565706.2888872,5902812.688597783,one,Harmony,2179020,0.0408313481815813,-0.0527771462842885,-0.0369270811521049,0.2049607208436832,2024,9,3,September
2024-09-12,0.0114816164818285,141286183.29791576,5477181.956292511,one,Harmony,2114254,0.0387665787867121,-2.2730604430325374,-2.268534547479706,-2.972253581885431,2024,9,3,September
2024-09-13,0.0120115510920765,147807254.49010408,5078562.149221503,one,Harmony,2149787,0.0343593564926241,4.615505239063622,4.615505239063622,1.6806400744659775,2024,9,3,September
2024-09-14,0.0123145297773588,151577924.97899723,7723660.492879675,one,Harmony,1835386,0.0509550483287713,2.522394343243328,2.551072680364008,-14.624751196281306,2024,9,3,September
2024-09-15,0.0126946422167879,156123053.176798,6226329.217375292,one,Harmony,2380781,0.0398809086209992,3.0866987721115624,2.9985422998966005,29.71554757418875,2024,9,3,September
2024-09-16,0.0116866901335183,143804464.3323926,7690493.713730229,one,Harmony,1696392,0.0534788245235159,-7.9399802377778546,-7.890307416967746,-28.746407166387836,2024,9,3,September
2024-09-17,0.0114043827533339,140370556.76170862,8058758.652373457,one,Harmony,1569641,0.0574106054594761,-2.415631602781909,-2.3879005332871905,-7.471798970992549,2024,9,3,September
2024-09-18,0.0119609259523099,147212128.1377644,5987113.727131447,one,Harmony,1716449,0.0406699760601828,4.88008172834582,4.87393619708294,9.352966697480516,2024,9,3,September
2024-09-19,0.0123370592222679,151812770.73600614,7237473.381132261,one,Harmony,1725712,0.0476736795333102,3.144683542542337,3.125179057214877,0.5396606598856213,2024,9,3,September
2024-09-20,0.0128413613483649,157911486.39997777,7803671.188494881,one,Harmony,1912099,0.0494180085717689,4.087701266658494,4.017261284676077,10.800585497464231,2024,9,3,September
2024-09-21,0.0134216424083657,165159028.9981053,6548421.651705753,one,Harmony,1951669,0.039649189580673,4.518843791236171,4.58962344244549,2.069453516789665,2024,9,3,September
2024-09-22,0.0140792957385014,173324053.04347456,8737210.684384316,one,Harmony,2010029,0.0504096836588097,4.899946743669337,4.943734590170634,2.9902611559644576,2024,9,3,September
2024-09-23,0.0136516011467672,168017237.86991,6861927.453396664,one,Harmony,1948317,0.040840615762947,-3.0377555786727184,-3.061788067137716,-3.070204459736648,2024,9,3,September
2024-09-24,0.0141525791491523,174119259.44900653,9976173.402009852,one,Harmony,2001226,0.0572950599122639,3.6697380548928127,3.6317830577723855,2.7156258452808224,2024,9,3,September
2024-09-25,0.0142810713526715,175734668.37335238,7814361.23827336,one,Harmony,2633921,0.0444668164261793,0.907906623697019,0.9277600476005564,31.615369778325885,2024,9,3,September
2024-09-26,0.0139929508788998,172091710.87300444,8103354.068709671,one,Harmony,2612787,0.0470874165153112,-2.0174990143005056,-2.072987381527014,-0.8023778997168107,2024,9,3,September
2024-09-27,0.0144580306409825,177946118.77922937,9716715.37949771,one,Harmony,2590045,0.0546048177176196,3.32367179809101,3.4019116182447684,-0.8704115567017112,2024,9,3,September
2024-09-28,0.0150606874678781,185328176.87709105,8824392.671944702,one,Harmony,2699439,0.0476149542969766,4.168318921577718,4.148479409669115,4.223633180118491,2024,9,3,September
2024-09-29,0.0146348500084955,180050392.58751005,7219666.171746233,one,Harmony,2044982,0.0400980307123587,-2.827476901640902,-2.8478045694482867,-24.244185551146003,2024,9,3,September
2024-09-30,0.0146991840074315,180789630.65674245,6761432.358893497,one,Harmony,2141800,0.0373994478241461,0.4395945219709318,0.4105728727434421,4.734418200257995,2024,9,3,September
2024-10-01,0.0134613790294939,165305127.6235823,9092712.384415964,one,Harmony,2634860,0.0550056281685408,-8.420909468932136,-8.564928738949584,23.020823606312455,2024,10,4,October
2024-10-02,0.0121455248468715,149560961.08831742,11174696.158497252,one,Harmony,1842384,0.0747166645438876,-9.775032556021168,-9.524306209736013,-30.076588509446424,2024,10,4,October
2024-10-03,0.0119236929929288,146643939.90552562,9106831.216488851,one,Harmony,1865328,0.062101653995084,-1.826449303257716,-1.9503894342249304,1.2453429903863666,2024,10,4,October
2024-10-04,0.0116460532341304,143344448.1709698,7483248.730726948,one,Harmony,2356479,0.0522046638444031,-2.32847121242582,-2.250002104881721,26.33054347546384,2024,10,4,October
2024-10-05,0.0124254208806992,152630716.2591814,6518061.02721155,one,Harmony,2370917,0.0427047791359588,6.6921181871701485,6.478289328049658,0.6126937689663325,2024,10,4,October
2024-10-06,0.0120971686511098,148937179.29249996,4380708.578729678,one,Harmony,2384378,0.0294131297473167,-2.64177956417756,-2.419917207496736,0.5677550078724725,2024,10,4,October
2024-10-07,0.0126619819016768,155652622.92626324,5192779.804259224,one,Harmony,2442659,0.0333613382584576,4.668970623263702,4.50891017653472,2.444285260139112,2024,10,4,October
2024-10-08,0.0130237157099714,160262371.41182756,9018972.988613866,one,Harmony,1961149,0.0562762981051723,2.8568498289093918,2.9615617128071703,-19.712534578097063,2024,10,4,October
2024-10-09,0.0129791459397016,159719741.50954852,6958149.363240163,one,Harmony,2462881,0.0435647422007891,-0.3422200796017294,-0.3385884643405501,25.583573711125474,2024,10,4,October
2024-10-10,0.0122340294027188,150607403.30863965,6351473.870658781,one,Harmony,1789556,0.0421723881504198,-5.740874942345576,-5.705204700925536,-27.33891730863164,2024,10,4,October
2024-10-11,0.0122100980580394,150067523.23653576,7244207.943896082,one,Harmony,1806156,0.0482729893028073,-0.1956129406892937,-0.3584684817900418,0.9276043890216412,2024,10,4,October
2024-10-12,0.0125147294336241,153825462.19574282,6459924.048266287,one,Harmony,2457561,0.0419951544825916,2.494913424419054,2.504165377130807,36.065821556941934,2024,10,4,October
2024-10-13,0.013328260203235,164093333.31594613,10597143.947863037,one,Harmony,2438877,0.064579978562927,6.500586160697375,6.675013988995815,-0.7602659710176041,2024,10,4,October
2024-10-14,0.0130703503589904,160709030.85670575,6930934.563862974,one,Harmony,1952468,0.0431272251902437,-1.935060092704932,-2.0624253227425338,-19.94397421436177,2024,10,4,October
2024-10-15,0.0138324318953001,170285106.23521253,8775430.75284645,one,Harmony,2569229,0.0515337538723149,5.83061291685667,5.958641731244807,31.58878916325389,2024,10,4,October
2024-10-16,0.0138317264985735,169845578.71586633,11129188.25363099,one,Harmony,2447037,0.0655253338813661,-0.0050995857553859,-0.2581127199340005,-4.755979322979775,2024,10,4,October
2024-10-17,0.0137224131414807,168870956.29418567,12156481.77299724,one,Harmony,2555871,0.071986811940709,-0.7903088389153767,-0.5738285500566986,4.447582933972805,2024,10,4,October
2024-10-18,0.0133602861372317,164386240.40128833,8114695.319778994,one,Harmony,2506540,0.0493635921106898,-2.6389455011696428,-2.6557058663685407,-1.9301052361406332,2024,10,4,October
2024-10-19,0.0140181351249317,172501145.2842464,7998128.018612836,one,Harmony,2519602,0.0463656516913761,4.923913911295386,4.9364866932588125,0.5211167585596144,2024,10,4,October
2024-10-20,0.0142130755130174,174897950.59236228,9109071.278848138,one,Harmony,2026668,0.0520822070698747,1.3906299685971124,1.389443127560952,-19.56396287985166,2024,10,4,October
2024-10-21,0.0151854451449739,186694011.80781505,10963924.3528164,one,Harmony,2114849,0.0587267060504478,6.841373853715682,6.744539415985496,4.351033321688602,2024,10,4,October
2024-10-22,0.0142399437706303,175346977.4822794,8332894.5775528755,one,Harmony,2078437,0.0475223165930818,-6.2263658741446015,-6.077878029219486,-1.7217304876140038,2024,10,4,October
2024-10-23,0.0138924365749427,170922638.7321151,7619522.240063552,one,Harmony,2518526,0.0445787772560985,-2.440369156543265,-2.5231907693484046,21.17403606652499,2024,10,4,October
2024-10-24,0.0131051948995892,161164380.82512963,8459683.319263924,one,Harmony,2426473,0.0524910236117436,-5.666692600010991,-5.709166427204215,-3.655034730632123,2024,10,4,October
2024-10-25,0.0137256144813403,168642676.6798236,8409148.419346645,one,Harmony,1961177,0.0498637034521921,4.734149980253188,4.6401666524616525,-19.175816091916133,2024,10,4,October
2024-10-26,0.0120412360309334,148092152.2339786,8387715.449129139,one,Harmony,1937180,0.0566384870676803,-12.271789016780964,-12.185838632567004,-1.223601949237629,2024,10,4,October
2024-10-27,0.0120885730227661,148744103.13952237,9235150.292358687,one,Harmony,2397252,0.0620875053022847,0.393124025731284,0.440233257271938,23.74957412321004,2024,10,4,October
2024-10-28,0.0123154114880776,151550591.7210196,7005402.377482277,one,Harmony,2381804,0.046224843452793,1.876470158093668,1.8867898103259504,-0.6444045098304207,2024,10,4,October
2024-10-29,0.0124051665531349,152441705.42011058,8530996.465446508,one,Harmony,2342863,0.0559623525723235,0.7288028105610911,0.5879975056325648,-1.6349372156567066,2024,10,4,October
2024-10-30,0.0126652550013234,155748546.92372993,10152320.651364474,one,Harmony,2497597,0.0651840473114401,2.096613915455814,2.169249874570811,6.60448348879128,2024,10,4,October
2024-10-31,0.0126003882605907,155055149.22883198,8717066.364272181,one,Harmony,2390849,0.0562191349827888,-0.5121629270468775,-0.4452033155965873,-4.274028195901902,2024,10,4,October
2024-11-01,0.0119089151692892,146644277.3722777,9245105.648937926,one,Harmony,2220342,0.0630444352456242,-5.487712576795301,-5.424438916337704,-7.131650723236804,2024,11,4,November
2024-11-02,0.0119279724417936,146782059.71065515,9234757.547670936,one,Harmony,1822907,0.0629147565163957,0.1600252603493723,0.0939568463538931,-17.899719953052273,2024,11,4,November
2024-11-03,0.0116012595407552,142759013.4790156,5434289.436724992,one,Harmony,1714696,0.0380661739269008,-2.7390480874496803,-2.7408296624056194,-5.93617776441695,2024,11,4,November
2024-11-04,0.0109380807426412,134741034.5174578,8598925.090234092,one,Harmony,1632368,0.0638181614162979,-5.716437907317163,-5.616443239667213,-4.801317551332717,2024,11,4,November
2024-11-05,0.0106668077941028,131250093.55848436,6966436.457648508,one,Harmony,1559249,0.05307757327079,-2.480078131813268,-2.590852127175225,-4.479320839418566,2024,11,4,November
2024-11-06,0.0111244072718134,136728153.30320758,7328210.009751697,one,Harmony,1956549,0.0535969354716632,4.289938344661692,4.173756830338737,25.48021515485981,2024,11,4,November
2024-11-07,0.0125427448639127,154247640.67269856,14259377.069552876,one,Harmony,2226983,0.0924447013086583,12.749781246259897,12.813372334986385,13.821989635833296,2024,11,4,November
2024-11-08,0.0126231543080446,155431326.21933544,8777719.080039164,one,Harmony,2247213,0.0564732946282178,0.6410833115426673,0.7673929672276536,0.9084038809456628,2024,11,4,November
2024-11-09,0.0128151033282529,157698572.31357786,10402316.228019947,one,Harmony,1747502,0.0659632872727301,1.5206105821424565,1.4586802733980608,-22.236921911719097,2024,11,4,November
2024-11-10,0.0137836344995244,169404360.69768646,11389800.404718742,one,Harmony,2294734,0.0672343991489369,7.557732048372845,7.42288798964652,31.315100068555,2024,11,4,November
2024-11-11,0.0145529696484262,178745102.12209556,19398350.11463947,one,Harmony,2529419,0.1085252120720433,5.581511530419592,5.513873070291431,10.227111290458948,2024,11,4,November
2024-11-12,0.0162809544468558,199362966.80148607,25918357.867457237,one,Harmony,2605941,0.1300058796439622,11.873760752441996,11.534785812092952,3.0252797183859315,2024,11,4,November
2024-11-13,0.0149787367489131,184863537.2959583,24071396.483578403,one,Harmony,2430086,0.1302117055406181,-7.998411285981167,-7.272880083072519,-6.748234131164132,2024,11,4,November
2024-11-14,0.0139030286498573,171168897.08752984,23015307.426114637,one,Harmony,1864671,0.134459635002178,-7.181567558651825,-7.407972609819735,-23.26728354469759,2024,11,4,November
2024-11-15,0.0130337518178054,160387385.7599933,14444108.649730569,one,Harmony,2245176,0.0900576350271398,-6.252427826657403,-6.298756088860724,20.406012642444704,2024,11,4,November
2024-11-16,0.0138835184749887,170752955.19058266,13394519.785341332,one,Harmony,2370795,0.0784438534044186,6.51973943544355,6.462833334100582,5.595062480625135,2024,11,4,November
2024-11-17,0.0149362026927826,183904596.58610576,17236669.17219782,one,Harmony,2400058,0.0937261465573398,7.582258198383318,7.702145699817686,1.2343116971311296,2024,11,4,November
2024-11-18,0.0138698392075052,170686822.26753756,19320307.72284868,one,Harmony,2355581,0.1131915602281568,-7.139455102552694,-7.187299591165752,-1.853163548547576,2024,11,4,November
2024-11-19,0.0161170800036027,198263193.57278892,37972900.75680167,one,Harmony,2469705,0.1915277368053721,16.202356512406336,16.156122036197786,4.844834459099467,2024,11,4,November
2024-11-20,0.0152744883992714,187896299.44695133,21238581.48552724,one,Harmony,2423803,0.1130335272596654,-5.22794205987015,-5.2288546043376405,-1.8586025456481687,2024,11,4,November
2024-11-21,0.0142517816408096,175344694.12438273,16495912.224486465,one,Harmony,2360161,0.0940770538102789,-6.695522178736768,-6.680070528005411,-2.62570844247656,2024,11,4,November
2024-11-22,0.0155921345422944,192125780.39462823,21756238.47738123,one,Harmony,2441496,0.1132395581305835,9.404809414471616,9.570341637108037,3.4461632066626,2024,11,4,November
2024-11-23,0.0172072641859982,211598550.37964445,59927577.43724381,one,Harmony,2626872,0.2832135538250303,10.358617925741331,10.135427918636909,7.592721839396832,2024,11,4,November
2024-11-24,0.0208917430297092,256814486.96802577,127995667.22728217,one,Harmony,3077722,0.4983973791292312,21.41234541345105,21.368736462162,17.162998425503794,2024,11,4,November
2024-11-25,0.0244362473073087,300703944.81628066,253659741.0858825,one,Harmony,3329737,0.8435530875421656,16.966053395157175,17.089946274611556,8.188361391964571,2024,11,4,November
2024-11-26,0.0245544630874707,302256522.72382784,92048540.051177,one,Harmony,2635508,0.3045378118614891,0.4837722366912711,0.5163144462556835,-20.849364379228756,2024,11,4,November
2024-11-27,0.0231180782884715,284477804.2995885,58244753.02907188,one,Harmony,3089931,0.2047426974926076,-5.849791110815006,-5.88199661136305,17.242330510854064,2024,11,4,November
2024-11-28,0.0240171187660373,295556738.90072155,40637587.925440125,one,Harmony,3239181,0.137495047741376,3.88890662254624,3.89448119807112,4.830204946324046,2024,11,4,November
2024-11-29,0.0242313763543292,298053505.0097955,31542572.37626317,one,Harmony,3184638,0.1058285571083169,0.8921036298280782,0.8447671057544737,-1.6838515661829367,2024,11,4,November
2024-11-30,0.0268697960364293,331165844.7134202,66975152.61003367,one,Harmony,3404692,0.2022405199062473,10.888443328678951,11.1095287077857,6.909859142546182,2024,11,4,November
2024-12-01,0.0285016382035123,351060717.3151625,125479469.58601078,one,Harmony,3699189,0.3574295368210121,6.073146833234766,6.007525510053324,8.64973982962336,2024,12,4,December
2024-12-02,0.0293576178585077,361010761.2250024,60994820.53833381,one,Harmony,3742850,0.1689556852304421,3.0032647558128733,2.8342800601376616,1.1802857328998329,2024,12,4,December
2024-12-03,0.0297541672185991,365850185.01682335,69200818.10597253,one,Harmony,3738415,0.1891506986740771,1.35075455373328,1.3405206469191189,-0.1184925925431179,2024,12,4,December
2024-12-04,0.0303903325256757,373998192.2549272,94711778.90414186,one,Harmony,3789101,0.2532412745984178,2.1380712906625243,2.227143123551833,1.3558152318562833,2024,12,4,December
2024-12-05,0.0329905650860719,405706583.75398976,109014857.84748718,one,Harmony,4247482,0.2687036942777124,8.5561175028253,8.478220525047142,12.097355019040146,2024,12,4,December
2024-12-06,0.0319801743479611,393722008.2808455,78600424.99212164,one,Harmony,4002496,0.199634318983904,-3.062665751479643,-2.954000736752005,-5.7677937187255885,2024,12,4,December
2024-12-07,0.0402388239660855,495361952.28262913,132789241.31254265,one,Harmony,4403386,0.268065079888856,25.82427953101767,25.81515431295953,10.016000015990013,2024,12,4,December
2024-12-08,0.0455787612290141,564271390.9412786,325032065.3885767,one,Harmony,4893120,0.5760208130459717,13.270609666498531,13.91092681646513,11.12175948236198,2024,12,4,December
2024-12-09,0.0429042186246948,527915521.5608853,151306160.0840231,one,Harmony,4665581,0.2866105539701823,-5.867958084426483,-6.442975838230414,-4.650182296775885,2024,12,4,December
2024-12-10,0.0343911847038882,422877383.613428,160309741.90130922,one,Harmony,3961676,0.3790927302176459,-19.841950730473517,-19.89677015687881,-15.087188498067016,2024,12,4,December
2024-12-11,0.0340060902284918,418459430.766754,119276019.25651336,one,Harmony,3725518,0.2850360405020884,-1.1197476292603703,-1.044736138150315,-5.961062944067108,2024,12,4,December
2024-12-12,0.0356776576982275,439132910.98101145,91077320.6693155,one,Harmony,3904564,0.2074026300280048,4.915494426157818,4.940378611225693,4.805935711490328,2024,12,4,December
2024-12-13,0.0357000307025746,439072759.5028654,104814320.5838622,one,Harmony,4088858,0.2387174296636778,0.0627087252652147,-0.0136977841200036,4.719963611814282,2024,12,4,December
2024-12-14,0.0346417560343194,426210320.20992064,62518255.948923066,one,Harmony,3965363,0.1466840500674198,-2.9643522636490727,-2.929455087923938,-3.0202809684268805,2024,12,4,December
2024-12-15,0.0324667289823642,399115351.04838926,41541761.25461114,one,Harmony,3849964,0.1040845989649107,-6.27862816711835,-6.357182798433025,-2.910174932282361,2024,12,4,December
2024-12-16,0.0343386488488748,423132689.19417405,49541594.97679875,one,Harmony,3876048,0.1170828826086379,5.765655873517095,6.017643291017616,0.6775128286913956,2024,12,4,December
2024-12-17,0.0329120682198873,405033726.15423125,54923313.71439645,one,Harmony,3868640,0.1356018281141418,-4.154446015817037,-4.277372914489542,-0.1911225041588804,2024,12,4,December
2024-12-18,0.0315471032123325,388021962.2162376,42338468.92338228,one,Harmony,3895931,0.1091135890390344,-4.147308514419024,-4.200085780391493,0.7054417056123086,2024,12,4,December
2024-12-19,0.0278280445200798,342583305.78870976,42208906.7424796,one,Harmony,3515022,0.1232077162817507,-11.788907105736568,-11.71033107713776,-9.77709820836149,2024,12,4,December
2024-12-20,0.0253168087852429,311962527.8990965,54371281.73732942,one,Harmony,3124310,0.1742878611206653,-9.024118575866469,-8.938199080984644,-11.115492307018284,2024,12,4,December
2024-12-21,0.026849164874726,330390414.6154134,55542836.81183804,one,Harmony,3296270,0.1681127367950185,6.052722136039335,5.907083405311231,5.503935268907378,2024,12,4,December
2024-12-22,0.0251609820908678,308369894.9170587,42422742.06565257,one,Harmony,2729236,0.1375709586600951,-6.287654724960867,-6.664999565434549,-17.202292287949717,2024,12,4,December
2024-12-23,0.0254842478871006,314302150.7784147,29593353.808634337,one,Harmony,3126402,0.094155747058498,1.2847900573412785,1.9237467596996185,14.55227763374072,2024,12,4,December
2024-12-24,0.0304939553417477,375344972.2952976,53803628.14591247,one,Harmony,3559037,0.1433444753952457,19.65805495551931,19.421700222445672,13.838111669580556,2024,12,4,December
2024-12-25,0.0324648492240744,399274778.40060353,60588274.24021262,one,Harmony,3095828,0.1517458089461957,6.46322807336337,6.375416715713844,-13.015009397204912,2024,12,4,December
2024-12-26,0.0321687966586648,395519376.6870789,31749632.209205125,one,Harmony,3712737,0.080273266192782,-0.9119172658595076,-0.9405557066659354,19.92710835356486,2024,12,4,December
2024-12-27,0.0295647681536982,364059042.4234128,32947435.2046086,one,Harmony,2942140,0.0905002523362395,-8.09488938177375,-7.954182808231025,-20.75549655146593,2024,12,4,December
2024-12-28,0.0284079597736577,349535013.3299078,31250995.92050663,one,Harmony,3386045,0.0894073404057248,-3.912793680730364,-3.9894707728789336,15.087827227800176,2024,12,4,December
2024-12-29,0.0299397513103532,368691166.3843577,20609555.62289237,one,Harmony,2848565,0.0558992389891084,5.392120901677355,5.480467570889513,-15.873386207212247,2024,12,4,December
2024-12-30,0.0281750862784019,346779424.29733384,16384727.804880548,one,Harmony,2738005,0.0472482698132402,-5.894053740323102,-5.943115562519619,-3.881252490288967,2024,12,4,December
2024-12-31,0.0274468418848855,337565748.49664223,24099576.942675903,one,Harmony,3071022,0.0713922459550591,-2.584710429350645,-2.656926897944112,12.162760842292109,2024,12,4,December
2025-01-01,0.0263169746437018,324034746.4665737,21411680.24960012,one,Harmony,2591062,0.0660783464831567,-4.116565563070839,-4.008404907882146,-15.628673451378727,2025,1,1,January
2025-01-02,0.0276321349314164,339974354.7147251,15733149.54539923,one,Harmony,2774141,0.0462774598354662,4.997384028826546,4.919104639846283,7.0657900119719175,2025,1,1,January
2025-01-03,0.0286484292233604,352752191.2231943,21861782.55721684,one,Harmony,2817876,0.0619749022150918,3.67794343240746,3.7584706997065176,1.5765240483450516,2025,1,1,January
2025-01-04,0.0319795441053032,393617742.5291604,30073811.64380676,one,Harmony,3398206,0.0764035976899054,11.62756553237645,11.584776033356947,20.594589683861187,2025,1,1,January
2025-01-05,0.0309783518436514,381373747.6072256,23588074.367295545,one,Harmony,3347843,0.0618502833907402,-3.1307271246738377,-3.110630847903839,-1.4820467034664777,2025,1,1,January
2025-01-06,0.0310051198376341,381846143.807284,17078508.481434185,one,Harmony,3343547,0.0447261515100009,0.0864087092746768,0.1238669947845716,-0.128321429648881,2025,1,1,January
2025-01-07,0.0302439092840292,370992343.9965382,26065480.90311063,one,Harmony,3216098,0.0702588107946342,-2.4551124381751777,-2.8424536915642284,-3.811790293362105,2025,1,1,January
2025-01-08,0.0262086760058122,322691302.49649686,37975943.34489382,one,Harmony,2542092,0.1176850539543317,-13.34230056148159,-13.019417322663696,-20.95725938699629,2025,1,1,January
2025-01-09,0.02487997674841,306722526.5102688,30057034.770701464,one,Harmony,2387135,0.0979942200942165,-5.069692406848347,-4.94862299128791,-6.0956487806106185,2025,1,1,January
2025-01-10,0.0236858333828641,291079288.1796129,21336226.19561645,one,Harmony,2694867,0.0733003929240432,-4.799616083331893,-5.100126980772057,12.891269241161485,2025,1,1,January
2025-01-11,0.0240887053432933,296537854.56005216,20043087.154881217,one,Harmony,2700564,0.0675903155252048,1.7008983974390324,1.8752850519103248,0.2114018984981536,2025,1,1,January
2025-01-12,0.0239334045803374,294510741.7437623,20274474.187941395,one,Harmony,2652076,0.068841204459636,-0.644703651535683,-0.6835932698364244,-1.7954767966987584,2025,1,1,January
2025-01-13,0.0233071236671895,286629531.2584274,12022349.35823528,one,Harmony,2582883,0.0419438614906565,-2.6167648277773514,-2.676034985573439,-2.6090127130595,2025,1,1,January
2025-01-14,0.0230061374962483,283024537.05871207,27111845.652228773,one,Harmony,2220230,0.0957932691419067,-1.291391315544255,-1.2577190437732757,-14.040628243710618,2025,1,1,January
2025-01-15,0.0243106369779275,299516961.70780253,14875234.51830708,one,Harmony,2734884,0.049664080569897,5.670223790898943,5.827206651580608,23.1802110592146,2025,1,1,January
2025-01-16,0.0268561933772176,330593257.12164587,29412442.427068766,one,Harmony,2534073,0.0889686700907093,10.470957225848654,10.3754709705423,-7.342578332389971,2025,1,1,January
2025-01-17,0.0257082741006508,316267748.6944304,22628599.542163447,one,Harmony,2540581,0.0715488684368718,-4.27431862901555,-4.333273023153106,0.2568197522328619,2025,1,1,January
2025-01-18,0.0288702088987549,355649895.50162834,29110089.897068325,one,Harmony,3119509,0.0818504103762208,12.299288492587458,12.452153901170604,22.787228590625546,2025,1,1,January
2025-01-19,0.0255942463235948,314796964.70936126,22219806.103486724,one,Harmony,2820964,0.0705845627323673,-11.347207727691387,-11.486838969724944,-9.570256088378017,2025,1,1,January
2025-01-20,0.0222354700641483,273977570.10846084,41335849.779311806,one,Harmony,2880839,0.1508731162297263,-13.123169234915313,-12.966895865272154,2.122501386051012,2025,1,1,January
2025-01-21,0.0216988589062094,266950230.2726035,46657134.70959641,one,Harmony,2652015,0.174778402183625,-2.4133115081030776,-2.56493253556318,-7.942963837965255,2025,1,1,January
2025-01-22,0.022646466568365,278538295.72267294,23246571.06072052,one,Harmony,2388137,0.0834591559498375,4.36708522900453,4.340908579938652,-9.950094550747258,2025,1,1,January
2025-01-23,0.0218408726353927,269054820.9254829,13322796.210407829,one,Harmony,2256085,0.0495170321222294,-3.557261043529103,-3.404729239325943,-5.529498517044873,2025,1,1,January
2025-01-24,0.0218087471152416,268363882.5905309,12794205.815315228,one,Harmony,2215017,0.0476748424259333,-0.1470889954236387,-0.256802064566386,-1.820321486114218,2025,1,1,January
2025-01-25,0.0209291537698403,257200730.33778352,9644196.95374331,one,Harmony,2623467,0.0374967712614094,-4.033213557630589,-4.1597073887100215,18.44003906064828,2025,1,1,January
2025-01-26,0.021229580062068,261239028.9062709,9483799.5814459,one,Harmony,2527104,0.0363031497290114,1.4354440486776363,1.5700960736712677,-3.673116528624143,2025,1,1,January
2025-01-27,0.0202678879798853,249991985.0893688,9712568.51742985,one,Harmony,2187414,0.0388515196355504,-4.529962813070854,-4.305269340492524,-13.441868636985266,2025,1,1,January
2025-01-28,0.019303001626677,237514161.59246135,25811898.411305238,one,Harmony,2079433,0.1086751974629393,-4.760665512686324,-4.991289417717438,-4.936468359441792,2025,1,1,January
2025-01-29,0.0176862668751049,217321624.10559016,10820966.676040314,one,Harmony,2286028,0.0497924066257793,-8.375561391124453,-8.501614114916888,9.935160209537884,2025,1,1,January
2025-01-30,0.0183408951762895,227745259.4702273,16534774.512917764,one,Harmony,2085264,0.0726020578930176,3.701336781850939,4.796409656672096,-8.782219640354361,2025,1,1,January
2025-01-31,0.0200998717286042,247337486.4773305,18299297.582168933,one,Harmony,2259019,0.0739851360292938,9.590461836283003,8.602693664262407,8.332518088836704,2025,1,1,January
2025-02-01,0.0198956667828077,244679937.2605653,17219594.050916757,one,Harmony,2093677,0.0703759950395083,-1.0159514874211406,-1.0744627733607737,-7.319194747808677,2025,2,1,February
2025-02-02,0.017829894423086,219849014.71015188,12370623.623332024,one,Harmony,1946458,0.0562687244227198,-10.38302652669445,-10.148327986519966,-7.031600385350744,2025,2,1,February
2025-02-03,0.0153433294009959,188961512.47407997,23621247.81449754,one,Harmony,1940109,0.12500560302055,-13.946044564742644,-14.049415812390109,-0.3261822243274759,2025,2,1,February
2025-02-04,0.0160576269264073,197734405.0824212,60354690.55118184,one,Harmony,1908694,0.3052311029333733,4.655427168011306,4.642687547044599,-1.6192389190504253,2025,2,1,February
2025-02-05,0.0148276646420124,182130581.6624056,25863791.604813877,one,Harmony,1733903,0.1420068577651313,-7.659676551409711,-7.891304203490279,-9.15762296104038,2025,2,1,February
2025-02-06,0.0143843164164011,176980635.68151465,13986510.020330004,one,Harmony,1687367,0.0790284765701679,-2.990007100343739,-2.8276118891646607,-2.683887160931153,2025,2,1,February
2025-02-07,0.013448667202998,165242269.41467175,14694095.04344308,one,Harmony,1628752,0.0889245535993492,-6.504648440131966,-6.63257097119182,-3.4737552648593906,2025,2,1,February
2025-02-08,0.0138045196246282,169513936.14493278,14733029.342393272,one,Harmony,1946976,0.0869133811499526,2.6460051115761773,2.5850932363688184,19.537903867501004,2025,2,1,February
2025-02-09,0.0145183839350847,178649084.82059607,9376319.631433047,one,Harmony,1947095,0.0524845657107562,5.171236159372827,5.389025164192307,0.0061120424699634,2025,2,1,February
2025-02-10,0.0145945122136399,179692596.34147766,12601968.142482294,one,Harmony,1712697,0.0701307032067933,0.5243577997082971,0.5841124358008987,-12.038344302666282,2025,2,1,February
2025-02-11,0.0152972069775942,188315463.2110665,12922165.018332431,one,Harmony,1719401,0.0686197766130819,4.814787597337977,4.798676765292242,0.3914294238852589,2025,2,1,February
2025-02-12,0.0154307605833406,190028512.2444137,18468498.530137982,one,Harmony,1841887,0.0971880393737119,0.8730587612625351,0.9096698721056118,7.123759960590936,2025,2,1,February
2025-02-13,0.0166497722363267,204730359.9675203,19950551.59720097,one,Harmony,2131634,0.0974479388419287,7.899880543167792,7.736653594486476,15.730986754344856,2025,2,1,February
2025-02-14,0.0160569410028384,197630753.482644,12641903.701028416,one,Harmony,2022468,0.0639672898992343,-3.5605966560602664,-3.4677839114836906,-5.121235634259913,2025,2,1,February
2025-02-15,0.0160371959239692,197253960.9113838,13437426.872302547,one,Harmony,2086654,0.0681224691773834,-0.1229691188731618,-0.1906548270551811,3.1736472468291144,2025,2,1,February
2025-02-16,0.0153088435567605,188350393.5227736,10408195.5957831,one,Harmony,1759076,0.0552597496671788,-4.541644129446265,-4.51375848042418,-15.698721493836542,2025,2,1,February
2025-02-17,0.015064950050136,185380629.76812488,8293166.561968333,one,Harmony,1702312,0.0447358851479869,-1.5931543471602971,-1.5767228828697188,-3.226921406465666,2025,2,1,February
2025-02-18,0.015368042896144,189031406.83707508,12040901.382085243,one,Harmony,1780230,0.0636978880047336,2.0119074075871213,1.9693411730862251,4.577186790670562,2025,2,1,February
2025-02-19,0.0145180113911925,178708296.11196038,14673966.859046953,one,Harmony,1940241,0.082111279544928,-5.531163015980023,-5.4610558625383,8.9882206231779,2025,2,1,February
2025-02-20,0.0148642941205978,183208308.4613546,10034012.665271215,one,Harmony,2039175,0.0547683276459471,2.38519395029102,2.518076914893186,5.099057282059283,2025,2,1,February
2025-02-21,0.0160998523721848,198122961.6851816,20830199.19085277,one,Harmony,1938190,0.1051377337269572,8.31225648229652,8.140817056325256,-4.952247845329605,2025,2,1,February
2025-02-22,0.0159439586589061,196440956.22362065,23648867.66202046,one,Harmony,2085190,0.1203866450084855,-0.9682928121006572,-0.8489704813890553,7.5843957506746,2025,2,1,February
2025-02-23,0.0167468546270757,206112152.1873625,13464114.255062437,one,Harmony,1958161,0.0653242136000944,5.035737895125059,4.923207537603602,-6.091962842714571,2025,2,1,February
2025-02-24,0.0162902361902655,200458297.83522332,13881613.082198026,one,Harmony,2116649,0.0692493812035095,-2.7265922286802025,-2.7430960727631515,8.093716502371361,2025,2,1,February
2025-02-25,0.0137183657482541,168823036.33162484,19967316.483605757,one,Harmony,1711584,0.11827364865292,-15.787803270453937,-15.781467689405748,-19.13708886074167,2025,2,1,February
2025-02-26,0.0143083102479909,176115618.70273215,24338104.618837,one,Harmony,1762123,0.1381939023813532,4.300399264481492,4.319660710746986,2.952761886065769,2025,2,1,February
2025-02-27,0.0145481186205138,179090798.13725883,14122307.772787549,one,Harmony,1737489,0.0788555744888909,1.6760076372861032,1.6893330963158482,-1.3979727862356903,2025,2,1,February
2025-02-28,0.0145336280407683,178751040.67291078,12248352.736384409,one,Harmony,1720149,0.0685218541401231,-0.0996044926736106,-0.1897124072715583,-0.9979919297330776,2025,2,1,February
2025-03-01,0.0145558736184662,179094117.10499504,19926695.772041406,one,Harmony,1735296,0.1112638209124382,0.1530627977786025,0.1919297536913555,0.8805632535320962,2025,3,1,March
2025-03-02,0.0142111450868891,174841709.31871608,8046892.302394409,one,Harmony,1680058,0.0460238711560858,-2.36831220586986,-2.3743983638423782,-3.183203326694694,2025,3,1,March
2025-03-03,0.0160370649806909,197346688.92122856,26784940.19710061,one,Harmony,1888597,0.1357253083064995,12.8485064548836,12.871630968494197,12.41260718379962,2025,3,1,March
2025-03-04,0.0135122322596605,166614486.14308864,25337994.66786405,one,Harmony,1864791,0.1520755803076076,-15.743733183536722,-15.572697442320283,-1.260512433303662,2025,3,1,March
2025-03-05,0.0132275708333458,162773411.90034902,26538238.42409655,one,Harmony,1599968,0.163037919487388,-2.106694296282474,-2.305366316972524,-14.201216114835391,2025,3,1,March
2025-03-06,0.0134504491205254,165478126.09866995,16866060.53594994,one,Harmony,1595839,0.1019232023807979,1.6849525131078291,1.661643733300111,-0.2580676613532229,2025,3,1,March
2025-03-07,0.0133122030245795,163753185.84802797,16446215.29699415,one,Harmony,1581531,0.1004329485977582,-1.0278176937222328,-1.0423977424142694,-0.896581672712593,2025,3,1,March
2025-03-08,0.0130652464472331,160839595.81168526,19556071.507757604,one,Harmony,1621655,0.1215874201191994,-1.855114265388058,-1.779257008805124,2.537035315779468,2025,3,1,March
2025-03-09,0.0126270652437002,155432400.13316113,12776081.17212596,one,Harmony,1567895,0.0821970268823006,-3.353792102602815,-3.3618560474716674,-3.3151317635378708,2025,3,1,March
2025-03-10,0.0115496728514085,141697470.1864547,15369217.400421886,one,Harmony,1450621,0.1084650091508202,-8.532405364970352,-8.836593872924503,-7.479710057114797,2025,3,1,March
2025-03-11,0.0105991005176428,130653452.03539446,22177728.32067847,one,Harmony,1282069,0.1697446793420387,-8.230296615282617,-7.794082799451408,-11.61929959651763,2025,3,1,March
2025-03-12,0.010782215251779,132694777.06220794,30096012.111476723,one,Harmony,1419113,0.2268063052501875,1.727644094245795,1.5623965498136716,10.689284274091326,2025,3,1,March
2025-03-13,0.0112927993502351,138787582.67528042,19097666.43493164,one,Harmony,1452422,0.1376035670252591,4.735428541661579,4.591594144068045,2.3471703803713995,2025,3,1,March
2025-03-14,0.010974409154374,134987035.77414912,11367483.166223751,one,Harmony,1376836,0.0842116659650415,-2.8194089524353205,-2.7383911643042214,-5.204134886417311,2025,3,1,March
2025-03-15,0.011205919247253,137876981.10931906,12954208.191526905,one,Harmony,1622325,0.0939548290606671,2.109544938797092,2.1409058422507954,17.829937625105675,2025,3,1,March
2025-03-16,0.0114219655473649,140546057.73617208,7874583.394240855,one,Harmony,1473540,0.056028490027253,1.9279658843237124,1.9358391845965883,-9.171097036660347,2025,3,1,March
2025-03-17,0.0109161615852176,134149605.1242956,13615963.353037016,one,Harmony,1349865,0.1014983483583214,-4.428344316482791,-4.551143386663803,-8.393053463088885,2025,3,1,March
2025-03-18,0.0114898132392898,141394918.29361248,16331849.07096767,one,Harmony,1515943,0.1155052053359789,5.255067448333506,5.400920235735152,12.303304404514526,2025,3,1,March
2025-03-19,0.0114235022068615,140592134.27628624,12044743.763160128,one,Harmony,1647055,0.0856715336541535,-0.577128897114032,-0.5677601621150385,8.648874001199246,2025,3,1,March
2025-03-20,0.0122756729220391,151123322.07679272,13757676.46468845,one,Harmony,1725500,0.0910360907610113,7.459802604719479,7.490595298746228,4.762743199225294,2025,3,1,March
2025-03-21,0.0117640503233285,144758006.5214683,7525354.687152578,one,Harmony,1547153,0.051985757941731,-4.167776397757228,-4.212000813540806,-10.33596059113301,2025,3,1,March
2025-03-22,0.0115800542099316,142484046.6108174,8144734.558986192,one,Harmony,1421409,0.0571624315333548,-1.5640541169058109,-1.5708698712382896,-8.127444409182537,2025,3,1,March
2025-03-23,0.0119933282937772,147546059.66621912,7308335.26144931,one,Harmony,1532659,0.0495325681890952,3.5688441207051724,3.55268759963574,7.826740931005793,2025,3,1,March
2025-03-24,0.0118342136228036,145678430.10232547,12856125.500209603,one,Harmony,1559382,0.0882500277575711,-1.3266932003869305,-1.2657942666301158,1.7435711400905165,2025,3,1,March
2025-03-25,0.0127708570142341,156812991.02469176,21214942.59592818,one,Harmony,1587775,0.1352881700508325,7.914707485301031,7.64324609658773,1.820785413708759,2025,3,1,March
2025-03-26,0.0127114581879397,156253290.50599128,10673564.980853138,one,Harmony,1677574,0.0683093773340016,-0.4651122961305876,-0.3569222900750346,5.655650202327145,2025,3,1,March
2025-03-27,0.0127875137896286,185202222.0701338,15671319.334550116,one,Harmony,1591492,0.0846173396808143,0.5983231865649419,18.5269260381,-5.13133846852657,2025,3,1,March
2025-03-28,0.0128162497051027,185553893.7741896,13983382.564997315,one,Harmony,1637379,0.0753602216616075,0.2247185492571191,0.1898852509029991,2.8832692844199093,2025,3,1,March
2025-03-29,0.0117091880096294,169606542.20898542,12195623.191522582,one,Harmony,1435343,0.0719053819073524,-8.637953542934895,-8.594458052500576,-12.338988102326953,2025,3,1,March
2025-03-30,0.010862898839348,157307336.34421277,10338948.226121023,one,Harmony,1410295,0.0657245139762446,-7.227564965097777,-7.251610524326257,-1.7450881078599378,2025,3,1,March
2025-03-31,0.0107974920241206,156427931.31521484,8295271.207347632,one,Harmony,1463486,0.053029348004558,-0.6021119794514584,-0.5590362467734256,3.7716222492457208,2025,3,1,March
2025-04-01,0.0106768670390947,154851708.53100088,10339437.887000158,one,Harmony,1609537,0.0667699309557842,-1.117157435786198,-1.0076351268992645,9.979664991670578,2025,4,2,April
2025-04-02,0.0109728902599918,159400089.2862647,9966533.200426714,one,Harmony,1613436,0.0625252673637336,2.772566332550141,2.937249319630997,0.2422435768795638,2025,4,2,April
2025-04-03,0.0102972025879713,149384119.62789395,19409120.61584519,one,Harmony,1560577,0.1299276031762414,-6.157791210982255,-6.283540808050104,-3.276175813605253,2025,4,2,April
2025-04-04,0.0105970213177511,154280461.46705946,12318673.42379967,one,Harmony,1545930,0.0798459721124819,2.9116522397066635,3.277685641125694,-0.9385631083887568,2025,4,2,April
2025-04-05,0.0106120025804797,154040767.612096,14085243.000033136,one,Harmony,1517709,0.0914384108725195,0.1413723939902134,-0.1553624176932055,-1.8255030952242344,2025,4,2,April
2025-04-06,0.0104068242880795,150606198.94099694,7591810.353723389,one,Harmony,1313403,0.0504083524257699,-1.9334549802843213,-2.229649153494196,-13.461473839846771,2025,4,2,April
2025-04-07,0.0092218170507493,133756761.82054658,16989686.045475505,one,Harmony,1159175,0.1270192685157072,-11.386828532192704,-11.187744753488849,-11.742625835330056,2025,4,2,April
2025-04-08,0.0095688733599428,138744789.34726596,34727787.90404037,one,Harmony,1258971,0.2502997630932271,3.763426527371161,3.729177844041653,8.609226389458025,2025,4,2,April
2025-04-09,0.0091133727301525,132198534.96350324,14496010.811352825,one,Harmony,1221965,0.1096533393154078,-4.760232606872517,-4.718198365906224,-2.93938462442741,2025,4,2,April
2025-04-10,0.0106010594986964,154031759.36370733,18573740.280650083,one,Harmony,1536401,0.120583835160857,16.324217307843945,16.51548136008596,25.73199723396333,2025,4,2,April
2025-04-11,0.0102291270821652,148548059.61051953,13104907.26909308,one,Harmony,1524442,0.0882199828355418,-3.508445703723695,-3.5601097954347405,-0.778377519931317,2025,4,2,April
2025-04-12,0.0105541291860537,153345554.12397927,11449733.411835996,one,Harmony,1545479,0.0746662234666349,3.177222272027036,3.229590831437568,1.3799803469072724,2025,4,2,April
2025-04-13,0.0109913937734715,159617471.98725894,11807461.931211287,one,Harmony,1344183,0.0739734929027931,4.143066469146683,4.0900552344731445,-13.024829195349795,2025,4,2,April
2025-04-14,0.0104626726468362,152104111.68364763,12558008.607403925,one,Harmony,1589142,0.0825619272773019,-4.81031921457864,-4.707103934217827,18.223634728307083,2025,4,2,April
2025-04-15,0.0106193085389922,154190730.87851766,11584031.293867704,one,Harmony,1354541,0.0751279355630944,1.497092544546308,1.371836153390693,-14.76274618630683,2025,4,2,April
2025-04-16,0.010144067949651,147347706.62932497,10330641.09185098,one,Harmony,1336781,0.070110633739548,-4.475249848859908,-4.4380256907817,-1.3111452514172672,2025,4,2,April
2025-04-17,0.0101475274732571,147265000.38959423,10196353.083424443,one,Harmony,1387272,0.0692381289271019,0.0341039080500094,-0.0561299809971327,3.77705847105847,2025,4,2,April
2025-04-18,0.0107041040558078,155637896.1922648,8927538.433335882,one,Harmony,1359679,0.0573609554726143,5.484849230687017,5.685597922466168,-1.989011527660045,2025,4,2,April
2025-04-19,0.0109027777424029,158231600.43341953,12931874.642349975,one,Harmony,1399331,0.0817275095930754,1.856051525277258,1.6664991654414596,2.9162765623356623,2025,4,2,April
2025-04-20,0.0113115452513931,164350242.14351198,6823826.803156041,one,Harmony,1580614,0.0415200288977817,3.749205190163885,3.8668898584938822,12.954976342266413,2025,4,2,April
2025-04-21,0.0112594196427121,163484983.3315996,10105011.941919366,one,Harmony,1625296,0.0618100313312763,-0.4608177532118174,-0.5264724898651707,2.8268761380071394,2025,4,2,April
2025-04-22,0.0115785076346572,168110890.79887938,10796425.18797401,one,Harmony,1438073,0.0642220449648939,2.8339648229708025,2.829561084455668,-11.519317096701156,2025,4,2,April
2025-04-23,0.0126951162690841,184486171.49637017,16541610.55688276,one,Harmony,1520888,0.0896631461464753,9.643804449242378,9.740761362737317,5.758747991235502,2025,4,2,April
2025-04-24,0.0132691856372106,192657271.9981065,21208006.795958865,one,Harmony,1603826,0.1100815275541081,4.521970149454235,4.4291127272361175,5.453261515640873,2025,4,2,April
2025-04-25,0.0135332667691647,196413173.5560897,14188146.657792706,one,Harmony,1662086,0.0722362273411411,1.9901834157287408,1.9495249356692224,3.632563632214469,2025,4,2,April
2025-04-26,0.0135100671435001,196425956.1429433,16468857.318358283,one,Harmony,1648379,0.0838425717341222,-0.171426648571249,0.0065080089192592,-0.8246865685650473,2025,4,2,April
2025-04-27,0.0136103431675868,197691099.86188093,11402884.510021815,one,Harmony,1705991,0.0576803129629435,0.7422318706604702,0.6440817414257172,3.4950700051383787,2025,4,2,April
2025-04-28,0.0127258163193164,184979145.4053657,10111508.325267231,one,Harmony,1558756,0.0546629637795587,-6.49893127145279,-6.430210801293812,-8.63046756987581,2025,4,2,April
2025-04-29,0.0136551891421327,198297044.57275864,15819501.990000129,one,Harmony,1680144,0.0797767915506964,7.303050739507699,7.199676016562773,7.787492077015257,2025,4,2,April
2025-04-30,0.0134686018088989,195579529.0405088,22354586.66516081,one,Harmony,1685660,0.1142992151317159,-1.3664207159027164,-1.3704266435764945,0.328305192888223,2025,4,2,April
2025-05-01,0.0134205616782033,195376552.89472985,9912558.0985328,one,Harmony,1598746,0.0507356586635743,-0.3566823889902148,-0.1037818972030146,-5.15608129753331,2025,5,2,May
2025-05-02,0.0133554996978117,194448837.94784936,8093969.043329722,one,Harmony,1782391,0.0416251859808002,-0.4847932743181293,-0.4748343304942781,11.486815291484698,2025,5,2,May
2025-05-03,0.013690850539162,199411421.32548612,7080383.495830868,one,Harmony,1582877,0.0355064090550461,2.5109569011882327,2.5521280713272976,-11.193615766686438,2025,5,2,May
2025-05-04,0.0126525919285611,184162935.67767245,7525721.407186817,one,Harmony,1564577,0.0408644735135986,-7.583594661493254,-7.646746383159575,-1.1561226804104208,2025,5,2,May
2025-05-05,0.0120357523866572,175199514.40822735,6516575.594839261,one,Harmony,1644729,0.0371951692723027,-4.875203004939444,-4.867114675633289,5.12291820728541,2025,5,2,May
2025-05-06,0.0122104430643148,177879872.00106528,8440328.85486142,one,Harmony,1485544,0.0474496004517637,1.4514313027181425,1.529888711102534,-9.678494147060093,2025,5,2,May
2025-05-07,0.0120862482483277,176153569.5575674,9063358.728303794,one,Harmony,1687308,0.0514514622159948,-1.0171196518658163,-0.9704877927321442,13.58182591697048,2025,5,2,May
2025-05-08,0.0120142126572971,175047955.92818692,11596164.414604498,one,Harmony,1443695,0.0662456431045775,-0.5960128366598094,-0.6276419104973896,-14.43796864591408,2025,5,2,May
2025-05-09,0.0139498277932204,203257027.04774565,19818010.1970247,one,Harmony,1626757,0.0975022142401472,16.11104440329345,16.11505314071273,12.680102099127575,2025,5,2,May
2025-05-10,0.0149356933850172,217926651.30392784,24321171.48047764,one,Harmony,1739751,0.1116025568004462,7.06722410061511,7.217277783334031,6.945966730126263,2025,5,2,May
2025-05-11,0.0164035939016856,239036308.20237085,25460031.08823374,one,Harmony,1785413,0.1065111458577204,9.828137729052266,9.68658802038984,2.6246284669472875,2025,5,2,May
2025-05-12,0.0159588602626999,233110860.4627925,18443253.32011849,one,Harmony,1809568,0.0791179496463755,-2.7111963491120106,-2.478890250665111,1.3529082626820843,2025,5,2,May
2025-05-13,0.0159105559765818,231887023.1130273,25014199.9183471,one,Harmony,1839797,0.1078723577651629,-0.3026800493455939,-0.5250022874676463,1.6705092044067893,2025,5,2,May
2025-05-14,0.0166093217270519,242086764.04269257,18962011.901295573,one,Harmony,1878449,0.0783273384494146,4.391837415980637,4.398582030480269,2.1008839562190795,2025,5,2,May
2024-06-01,0.8153576436804142,224868110.7782282,3866294.2181525216,kda,Kadena,1082436,0.0171936083100977,0.0,0.0,0.0,2024,6,2,June
2024-06-02,0.8152465285726171,226107585.6385532,3256614.914446771,kda,Kadena,1075318,0.0144029440907509,-0.0136277753275848,0.5512008154626269,-0.6575908413984699,2024,6,2,June
2024-06-03,0.8108637916636415,224968332.69776988,5259699.966703547,kda,Kadena,1064461,0.0233797348437017,-0.537596512879257,-0.5038543654189875,-1.0096548183886056,2024,6,2,June
2024-06-04,0.8211940959868927,227379191.74176648,5805979.687549955,kda,Kadena,1078405,0.0255343492211186,1.273987620295225,1.0716437354031605,1.3099587490758235,2024,6,2,June
2024-06-05,0.8365355931184286,232618207.28066772,4977815.885203346,kda,Kadena,1096751,0.0213990811097487,1.8681937932223835,2.3040875019255003,1.7012161479221577,2024,6,2,June
2024-06-06,0.8598866789149225,239884572.9862823,7107220.302605939,kda,Kadena,1146006,0.0296276672323249,2.7914037356672416,3.123730421001492,4.490992030096175,2024,6,2,June
2024-06-07,0.8312112314799582,230718742.826172,4690270.667934243,kda,Kadena,1110182,0.0203289538183206,-3.3347937743551714,-3.820933562340612,-3.125987123976659,2024,6,2,June
2024-06-08,0.7901511089355233,219294828.82222795,9093016.39337916,kda,Kadena,1049878,0.0414648007990669,-4.93979400053679,-4.951446017782358,-5.431902156583335,2024,6,2,June
2024-06-09,0.75220725990411,208822590.58929184,6559130.04537879,kda,Kadena,992979,0.0314100597395573,-4.802100332749082,-4.775415037910202,-5.4195820847755645,2024,6,2,June
2024-06-10,0.7588414033055175,210879106.4479652,3801241.7221018914,kda,Kadena,1000906,0.0180256915259637,0.8819568428857227,0.9848148386963018,0.7983048986937247,2024,6,2,June
2024-06-11,0.7296467436601353,202507432.57225776,6103070.500608905,kda,Kadena,972911,0.0301375135869703,-3.847267626438167,-3.969892521226692,-2.7969659488503384,2024,6,2,June
2024-06-12,0.6735287569568258,187260268.24788272,9718477.782380098,kda,Kadena,901977,0.0518982370008966,-7.691117268858649,-7.529187512134705,-7.290903278922734,2024,6,2,June
2024-06-13,0.7032421867426285,195368648.61730352,7555327.551593698,kda,Kadena,947684,0.0386721595561291,4.411605217876002,4.330005742962761,5.06742411391865,2024,6,2,June
2024-06-14,0.664599664939864,185138863.33178332,4951704.76049782,kda,Kadena,898237,0.0267458958718136,-5.494909510726897,-5.236144774466201,-5.217667492539713,2024,6,2,June
2024-06-15,0.6476393902067156,179899436.65230727,9020164.707195606,kda,Kadena,863764,0.050140038651866,-2.551953548559649,-2.829998297054803,-3.8378512575188974,2024,6,2,June
2024-06-16,0.6442520405462924,179211605.9198007,3670395.254415199,kda,Kadena,851879,0.0204807899330902,-0.5230302096575712,-0.3823417934520567,-1.3759545431391018,2024,6,2,June
2024-06-17,0.6469627876464563,179893149.13444963,4047199.26063796,kda,Kadena,852194,0.0224977953863776,0.4207587915228572,0.3803008243528305,0.0369770824260262,2024,6,2,June
2024-06-18,0.604624310987422,167518327.6255739,8495289.825614953,kda,Kadena,819476,0.0507125993079579,-6.544190402828997,-6.878984312863945,-3.839266645857631,2024,6,2,June
2024-06-19,0.5808644014476116,160764063.1407516,11085941.673394514,kda,Kadena,773388,0.0689578345857593,-3.9296980137976334,-4.031955536184073,-5.62408173027642,2024,6,2,June
2024-06-20,0.5925963812891716,164415648.72407487,7136079.288827699,kda,Kadena,797090,0.0434026769605342,2.0197450235066583,2.271394185979392,3.064697150718665,2024,6,2,June
2024-06-21,0.5951934576842643,165940423.31654644,7497624.898479655,kda,Kadena,805677,0.0451826309022802,0.4382538397286417,0.927390187189836,1.0772936556725066,2024,6,2,June
2024-06-22,0.5815829480011696,161988264.2942676,5779362.825306685,kda,Kadena,786054,0.0356776637522821,-2.286737111669457,-2.3816734604441447,-2.4355914342844565,2024,6,2,June
2024-06-23,0.5756292545375619,160161376.51827446,3937250.429782507,kda,Kadena,771957,0.0245830206718613,-1.023704956286953,-1.127790203785639,-1.793388240502558,2024,6,2,June
2024-06-24,0.56439497708415,157156913.9543047,4650079.9182869,kda,Kadena,756490,0.0295887708741784,-1.9516515821345948,-1.8758970666232664,-2.0036090093101038,2024,6,2,June
2024-06-25,0.575781090339996,160544154.18301007,6785136.825838494,kda,Kadena,763726,0.0422633689801241,2.017401592528412,2.1553237102188483,0.95652288860395,2024,6,2,June
2024-06-26,0.5868809628915335,163660925.4144317,3020055.948340372,kda,Kadena,782854,0.018453127652143,1.927793867801908,1.941379458680692,2.504563154848727,2024,6,2,June
2024-06-27,0.5583101749740307,155750716.33430508,3618316.0014887694,kda,Kadena,745295,0.0232314565650046,-4.868242407580558,-4.833291184255451,-4.797701742598237,2024,6,2,June
2024-06-28,0.5696504761992469,158888862.05137104,3761083.002548156,kda,Kadena,760547,0.0236711557625237,2.0311829756181066,2.0148515467050654,2.04643798764248,2024,6,2,June
2024-06-29,0.5623691176135444,156686754.88425404,3748435.554709456,kda,Kadena,753656,0.0239231169059469,-1.278215131897087,-1.3859418078059016,-0.90605840270227,2024,6,2,June
2024-06-30,0.5653807221340019,157935316.82021973,5373396.303349174,kda,Kadena,750594,0.0340227658482858,0.5355209641022762,0.7968522526923261,-0.4062861570796272,2024,6,2,June
2024-07-01,0.585580639801338,163076258.26121134,3916812.876697912,kda,Kadena,773163,0.0240182900837966,3.57279915577815,3.25509299914446,3.00681859966907,2024,7,3,July
2024-07-02,0.5990365749903451,168649584.22906423,5944866.657673599,kda,Kadena,793796,0.0352498150816614,2.297879109113321,3.4176194789346197,2.668648137585472,2024,7,3,July
2024-07-03,0.5825627908943242,163675986.2130533,3432214.620210314,kda,Kadena,772696,0.0209695673728379,-2.7500464552246195,-2.9490722071722764,-2.658113671522655,2024,7,3,July
2024-07-04,0.5439491520673323,152730229.35158843,4544138.777603095,kda,Kadena,723991,0.0297527136369473,-6.628236377354957,-6.687454350949817,-6.303255096441552,2024,7,3,July
2024-07-05,0.4699512569764751,132324083.66808784,8569651.584478399,kda,Kadena,648040,0.0647625991197029,-13.60382580055891,-13.36090816476494,-10.490600021270978,2024,7,3,July
2024-07-06,0.4732438010067813,133038757.72096388,13419047.567917032,kda,Kadena,639487,0.1008657010768411,0.700613942707462,0.5400937101281311,-1.3198259366705711,2024,7,3,July
2024-07-07,0.5096262760012168,143274614.60881707,3636041.807501828,kda,Kadena,682257,0.0253781300855655,7.687892565530752,7.6938909105885855,6.688173489062321,2024,7,3,July
2024-07-08,0.4795285378724711,134907566.7809578,4102146.7481595473,kda,Kadena,644917,0.0304070916557259,-5.905845037054924,-5.839867621144091,-5.47301090351583,2024,7,3,July
2024-07-09,0.5004038207310554,140843807.65501666,5097324.926730008,kda,Kadena,666622,0.0361913314585715,4.35329312228252,4.400228256801353,3.365549365267162,2024,7,3,July
2024-07-10,0.5074544440392627,142888583.195568,4975060.502911278,kda,Kadena,670402,0.0348177607451117,1.4089867055584904,1.4518036501539378,0.5670379915454271,2024,7,3,July
2024-07-11,0.512497756322771,144652666.27552012,2865665.5703633083,kda,Kadena,678656,0.0198106653969659,0.993845327940046,1.2345864452569133,1.2312015775609364,2024,7,3,July
2024-07-12,0.5154016243488533,145181653.32527712,3446810.709878977,kda,Kadena,681859,0.0237413655991122,0.5666108759027288,0.3656946417769147,0.4719622312334914,2024,7,3,July
2024-07-13,0.5318895868885439,149606153.04421654,3335378.761505919,kda,Kadena,697912,0.0222943956089836,3.1990513340972138,3.0475611880699693,2.3542990559631827,2024,7,3,July
2024-07-14,0.5227511429425021,147245648.7350225,2773433.580734583,kda,Kadena,702566,0.0188354196172244,-1.7181092037353074,-1.5778123166474312,0.6668462499570094,2024,7,3,July
2024-07-15,0.589945182381529,166673501.98884442,23865890.115675088,kda,Kadena,762653,0.1431894682171641,12.85392492129236,13.194178178252011,8.552506099071122,2024,7,3,July
2024-07-16,0.626040935658995,176138119.6396626,6909263.724002733,kda,Kadena,817020,0.0392263965241452,6.1184927609294615,5.678537702682718,7.1286679525288665,2024,7,3,July
2024-07-17,0.6099320155606116,171872185.4665049,5393947.298097698,kda,Kadena,800303,0.0313834800171834,-2.5731416558929188,-2.421925578565731,-2.046094342855742,2024,7,3,July
2024-07-18,0.6081708948110599,171240281.5474336,5796934.486398601,kda,Kadena,805307,0.0338526334692625,-0.2887404996986364,-0.3676592098693199,0.6252631815699905,2024,7,3,July
2024-07-19,0.6003738894577891,169270538.5491138,5041980.274460677,kda,Kadena,783587,0.0297865199560273,-1.282041843796733,-1.1502801680305486,-2.69710805941088,2024,7,3,July
2024-07-20,0.6173094287089554,174235513.77817005,8944856.632563123,kda,Kadena,794003,0.0513377349921404,2.8208320762352246,2.9331597049392366,1.329271669897536,2024,7,3,July
2024-07-21,0.6566273609576853,185225771.51151732,35577529.1934971,kda,Kadena,831467,0.1920765609621709,6.369242136955466,6.307702428185613,4.718370081725132,2024,7,3,July
2024-07-22,0.6674186486077222,188359156.73887885,18540793.405749056,kda,Kadena,847614,0.0984331939405104,1.6434416674775632,1.6916572687438736,1.941989279189671,2024,7,3,July
2024-07-23,0.6216102307534185,175460904.919125,35011536.393671475,kda,Kadena,791834,0.1995403842799585,-6.8635208125908616,-6.847690360832647,-6.5808257060407165,2024,7,3,July
2024-07-24,0.5968979162217705,168123162.38601184,3890543.8132844735,kda,Kadena,749324,0.0231410339781246,-3.975532143622485,-4.181981471311413,-5.368549468701778,2024,7,3,July
2024-07-25,0.5812678429589708,164113878.11497858,2675334.4347637245,kda,Kadena,736372,0.0163016952953203,-2.618550482088211,-2.3847304643413225,-1.7284912801404984,2024,7,3,July
2024-07-26,0.57918339528775,163599575.12754145,4417309.374990762,kda,Kadena,729712,0.0270007386727444,-0.3586036448549934,-0.3133817769371161,-0.9044341718587924,2024,7,3,July
2024-07-27,0.6098591709612186,172262242.41477352,3047412.50887614,kda,Kadena,765124,0.0176905424320355,5.296383826443818,5.295042655507332,4.852873462407081,2024,7,3,July
2024-07-28,0.5984410955006397,169085151.28522623,2560457.363457333,kda,Kadena,753070,0.015143005426527,-1.8722478900468853,-1.844334013658944,-1.575430910545217,2024,7,3,July
2024-07-29,0.5797996914012254,163855419.41472575,2545486.798464178,kda,Kadena,709853,0.0155349564119172,-3.114993980120861,-3.0929575014417177,-5.738775943803365,2024,7,3,July
2024-07-30,0.5820361214614582,164444718.843315,3240351.237430957,kda,Kadena,716993,0.0197048057257369,0.3857246034105088,0.3596459797876594,1.0058420546225744,2024,7,3,July
2024-07-31,0.5592740385054437,158117621.1767417,4188696.8350903126,kda,Kadena,676630,0.0264910185463026,-3.910768097839068,-3.847552971647483,-5.62948313302919,2024,7,3,July
2024-08-01,0.5216257789167705,147509423.37856558,7955823.982642309,kda,Kadena,492257,0.0539343439925503,-6.731630112722764,-6.709054765198131,-27.24871791082275,2024,8,3,August
2024-08-02,0.5176482098578182,147340839.3002429,13074344.533037012,kda,Kadena,469040,0.088735374354661,-0.7625330686708565,-0.1142869888997033,-4.716438770804676,2024,8,3,August
2024-08-03,0.4715910242419343,134457893.76967382,9071958.153964195,kda,Kadena,458789,0.0674706251869782,-8.897391073473315,-8.743635228191504,-2.185527886747396,2024,8,3,August
2024-08-04,0.4526058127670712,128967398.9092042,6221547.321547692,kda,Kadena,427551,0.0482412406094023,-4.025778799624346,-4.083430661107068,-6.808794456711043,2024,8,3,August
2024-08-05,0.4355029564996524,124451326.4238264,6544844.280463691,kda,Kadena,420078,0.0525895903927518,-3.778753119156375,-3.501716343490191,-1.747861658609151,2024,8,3,August
2024-08-06,0.4190327872243106,119498789.4079662,21755695.112726204,kda,Kadena,403788,0.1820578703810357,-3.781873126125379,-3.979497172247115,-3.877851256195275,2024,8,3,August
2024-08-07,0.4356280717045334,124203169.0915948,6804841.064965284,kda,Kadena,414190,0.0547879825831737,3.960378515998864,3.936759281776436,2.576104292351422,2024,8,3,August
2024-08-08,0.4168313969914575,118883448.99267204,8174050.504470616,kda,Kadena,329290,0.0687568418794315,-4.31484468838933,-4.2830791982446765,-20.49783915594292,2024,8,3,August
2024-08-09,0.4657458356712767,133027044.7780423,4514581.142133839,kda,Kadena,343617,0.0339373181571197,11.734825887125222,11.897026798273714,4.350876127425662,2024,8,3,August
2024-08-10,0.4649196289807629,132364574.28761186,6016736.255553489,kda,Kadena,351309,0.0454557897227083,-0.1773943269558153,-0.4979968483369568,2.2385388382996085,2024,8,3,August
2024-08-11,0.4789568150328713,136694178.98774534,5120020.157754494,kda,Kadena,370678,0.0374560218706423,3.0192715422409533,3.270969383942401,5.513379958953513,2024,8,3,August
2024-08-12,0.4479725450359892,127760601.56793351,5020772.677619292,kda,Kadena,344824,0.0392982861383101,-6.469115591299324,-6.535448316795344,-6.974786742131989,2024,8,3,August
2024-08-13,0.4728825529432459,134928946.9645404,5975742.153567039,kda,Kadena,355611,0.0442880663341831,5.560610395276666,5.61076365376636,3.1282625339303483,2024,8,3,August
2024-08-14,0.4727843208748642,134737198.58220303,4632429.765934523,kda,Kadena,358331,0.0343812237057035,-0.0207730371463821,-0.1421106342642364,0.7648807264117208,2024,8,3,August
2024-08-15,0.4787360809430089,136812873.04531124,6579418.270117134,kda,Kadena,361483,0.0480906374061605,1.2588742488607083,1.5405355647511332,0.8796336348236622,2024,8,3,August
2024-08-16,0.4416310479239062,126065399.93048435,5876645.953199695,kda,Kadena,333423,0.0466158514266422,-7.7506238815368995,-7.855600774692761,-7.762467391274274,2024,8,3,August
2024-08-17,0.4442993922125478,126925076.71686488,5560728.343539764,kda,Kadena,316054,0.0438111087846275,0.6042021504568895,0.6819292104372598,-5.209298698650066,2024,8,3,August
2024-08-18,0.4479111060053439,128001868.67554551,3125811.8325340794,kda,Kadena,311946,0.024420048432709,0.81290090783388,0.848368176355474,-1.2997778860574405,2024,8,3,August
2024-08-19,0.4598127903327603,131408614.85719632,5543692.282923282,kda,Kadena,323428,0.0421866731412373,2.6571532091625105,2.661481599371096,3.680765260654084,2024,8,3,August
2024-08-20,0.4866116828711626,139006313.8650055,12093594.541260527,kda,Kadena,298581,0.0870003254169094,5.828218157874288,5.78173585960533,-7.682389898215369,2024,8,3,August
2024-08-21,0.4961909549402505,141859734.17266056,18985231.20162324,kda,Kadena,292370,0.1338310078779359,1.9685659852157975,2.052727123191067,-2.080172549492432,2024,8,3,August
2024-08-22,0.5177549704614655,148044188.5372899,7346599.978097221,kda,Kadena,299165,0.0496243726328151,4.345910643173978,4.359555867419074,2.324109860792833,2024,8,3,August
2024-08-23,0.518676174067046,148415109.45600775,5089749.2456028685,kda,Kadena,304433,0.0342940099849573,0.1779226966685643,0.2505474361288007,1.760901174936902,2024,8,3,August
2024-08-24,0.5512293091437953,157922381.18548125,9572670.92348507,kda,Kadena,322554,0.0606163030953914,6.2761963445310265,6.405865120014331,5.952377041910695,2024,8,3,August
2024-08-25,0.5423151908405125,155052564.2825384,6931252.592967823,kda,Kadena,304543,0.0447025989221153,-1.6171343133275728,-1.8172325425945823,-5.583871227763416,2024,8,3,August
2024-08-26,0.5987167621683189,171247672.2403273,10892603.033942642,kda,Kadena,334418,0.0636073056727805,10.400145944721162,10.44491462152022,9.809780556440304,2024,8,3,August
2024-08-27,0.5541083572239939,158537099.45341483,19798656.07490958,kda,Kadena,315105,0.1248834256660996,-7.450669124874809,-7.422333174301244,-5.775107799221335,2024,8,3,August
2024-08-28,0.5353472763598255,153432443.94014126,12554471.987966564,kda,Kadena,296694,0.0818241022926315,-3.38581445660896,-3.219849190424695,-5.842814299995236,2024,8,3,August
2024-08-29,0.5174052645582312,148169348.27526438,6189565.458028926,kda,Kadena,287455,0.0417735890052654,-3.35147157628104,-3.4302364804474905,-3.113982756644895,2024,8,3,August
2024-08-30,0.5307327135380834,152004083.97885063,6681149.7313699545,kda,Kadena,298911,0.0439537514814374,2.575823999632343,2.5880762439895344,3.9853194413038473,2024,8,3,August
2024-08-31,0.5362820434965285,153624837.44264123,6109980.035324272,kda,Kadena,293322,0.0397720846253493,1.045597871940296,1.0662565250655345,-1.8697873280006383,2024,8,3,August
2024-09-01,0.5224414788909121,149687593.7755555,3410942.551781601,kda,Kadena,284637,0.0227870758407409,-2.580836851328594,-2.562895253546338,-2.960909853335248,2024,9,3,September
2024-09-02,0.5061961226871707,146073706.01432654,6019343.244457109,kda,Kadena,278065,0.0412075753309548,-3.109507353479768,-2.4142867622334085,-2.3089057290513915,2024,9,3,September
2024-09-03,0.5395670765059852,155761508.65817067,7321953.009184896,kda,Kadena,294323,0.0470074607793728,6.592494948729133,6.632133125241557,5.8468343732580585,2024,9,3,September
2024-09-04,0.509320890638106,147615077.82997406,10598309.19281504,kda,Kadena,284809,0.0717969285293632,-5.605639629411985,-5.230066720831861,-3.2325030663590715,2024,9,3,September
2024-09-05,0.519201162432772,149934454.01656905,5935666.733913383,kda,Kadena,286787,0.039588410634806,1.939891329076926,1.5712325737256227,0.6945005249131775,2024,9,3,September
2024-09-06,0.5059061738065237,146297254.57381222,5392811.235775513,kda,Kadena,276760,0.0368620125612449,-2.560662338264663,-2.425859664220265,-3.496323055089668,2024,9,3,September
2024-09-07,0.4844605476813916,140004879.70611736,6161752.093136803,kda,Kadena,265814,0.0440109809463132,-4.239052068444149,-4.3010888249581765,-3.955051307992485,2024,9,3,September
2024-09-08,0.4824388430148978,139329256.42379612,2976877.7297833017,kda,Kadena,266427,0.0213657763357938,-0.417310486100364,-0.4825712387592773,0.2306123830949413,2024,9,3,September
2024-09-09,0.502963201147993,145777300.13987347,4615047.997471537,kda,Kadena,278602,0.0316582073686602,4.254292213461208,4.627917984765828,4.569732046676944,2024,9,3,September
2024-09-10,0.5301697232201842,153217928.4104676,5547894.88640247,kda,Kadena,290156,0.0362091756751845,5.4092470403587,5.104106238388839,4.147134622149151,2024,9,3,September
2024-09-11,0.5368873365291793,155131755.82937413,4494785.151931472,kda,Kadena,291625,0.0289739849065795,1.2670684527575693,1.2490884315962347,0.506279380746899,2024,9,3,September
2024-09-12,0.5288056759476476,152817073.36175296,3996734.049155849,kda,Kadena,291320,0.0261537141186748,-1.5052805368398705,-1.4920752074559451,-0.104586369481352,2024,9,3,September
2024-09-13,0.5316580102442654,153785213.50229627,3628628.198063258,kda,Kadena,531532,0.0235954297258174,0.5393917702388951,0.6335287800280698,82.45640532747494,2024,9,3,September
2024-09-14,0.5382033289562751,155695166.75170565,3556849.792077793,kda,Kadena,544684,0.0228449595853548,1.2311144731934842,1.2419615682887963,2.474357141244554,2024,9,3,September
2024-09-15,0.5363125501697191,155030654.06616598,3300738.0621460257,kda,Kadena,535026,0.0212908736148226,-0.3513130976396383,-0.4268036698913069,-1.7731381865448537,2024,9,3,September
2024-09-16,0.5172959198568403,149700616.89676195,3110766.5285149543,kda,Kadena,510786,0.0207799178988035,-3.5458111705312323,-3.438053720091516,-4.530620941786012,2024,9,3,September
2024-09-17,0.5048912218142455,146332871.70504773,5653128.971967434,kda,Kadena,496138,0.0386319827260823,-2.39798876550733,-2.249653516148653,-2.8677371736891777,2024,9,3,September
2024-09-18,0.520026047360291,150531581.67871237,4918977.9714122005,kda,Kadena,515801,0.0326773818261674,2.9976408565118184,2.8692869378847963,3.963211848316406,2024,9,3,September
2024-09-19,0.6832867325248502,198048201.38824683,98223375.111034,kda,Kadena,666829,0.4959569156524693,31.39471301356696,31.565880846819063,29.28028445078625,2024,9,3,September
2024-09-20,0.6447301364979184,186200228.4384493,79234193.66862077,kda,Kadena,633168,0.425532204407647,-5.642813505899513,-5.9823683662600935,-5.047920831277586,2024,9,3,September
2024-09-21,0.6186420042080344,179040203.40292215,30550392.54518616,kda,Kadena,608753,0.170634259593829,-4.046364643599731,-3.845336332599581,-3.856006620675712,2024,9,3,September
2024-09-22,0.6550227135682789,190021413.208762,22999770.18298588,kda,Kadena,635817,0.1210377809248149,5.880737019597948,6.133376525007117,4.445809712642079,2024,9,3,September
2024-09-23,0.6286415584308233,181955100.5254031,30071643.964946944,kda,Kadena,615924,0.1652695850685899,-4.027517609846321,-4.244949317631386,-3.12873043658789,2024,9,3,September
2024-09-24,0.6416774161017859,185929304.75248903,17505335.856080282,kda,Kadena,631322,0.0941504938093732,2.0736550894761008,2.1841675312262554,2.499983764230662,2024,9,3,September
2024-09-25,0.6464367982178783,187348775.467513,19898629.78003905,kda,Kadena,641061,0.1062116884958746,0.7417094628334953,0.7634464706429922,1.542635929050462,2024,9,3,September
2024-09-26,0.6351025625680693,183874358.82359257,24075763.90022892,kda,Kadena,574772,0.1309359502557232,-1.7533401070384036,-1.854517935999478,-10.340513617268876,2024,9,3,September
2024-09-27,0.6390973214725046,185365219.6130126,23024279.801734168,kda,Kadena,567950,0.1242103553719625,0.6289942979103014,0.8108040723885601,-1.1869054164085902,2024,9,3,September
2024-09-28,0.6441285285250155,186539608.32433325,18300198.07020916,kda,Kadena,554870,0.0981035514902064,0.7872364479511118,0.6335539718683059,-2.3030196320098617,2024,9,3,September
2024-09-29,0.622001321387436,180101557.42666152,9447507.326347534,kda,Kadena,533265,0.0524565554087149,-3.435216134309149,-3.4513050367716014,-3.89370483176239,2024,9,3,September
2024-09-30,0.6289349002488503,182540186.73745883,11612652.405785875,kda,Kadena,543771,0.0636169635483497,1.114720921484258,1.3540301070357863,1.9701274225760068,2024,9,3,September
2024-10-01,0.5993456187848386,173914565.71482372,10937673.631041052,kda,Kadena,527192,0.0628910729017148,-4.704665212934467,-4.725327160446624,-3.048893743873804,2024,10,4,October
2024-10-02,0.5632068058842024,164684442.43867078,20639711.8803926,kda,Kadena,488744,0.1253288505869576,-6.029711700221818,-5.307274429956621,-7.292978649144899,2024,10,4,October
2024-10-03,0.5442142857687687,159079210.8569706,9002423.601435708,kda,Kadena,469539,0.0565908238602582,-3.3722106901063587,-3.403619369684896,-3.929460003601071,2024,10,4,October
2024-10-04,0.5248496433344696,153727298.80113274,13284446.655616255,kda,Kadena,441193,0.0864156643564101,-3.558275286166779,-3.364306389883853,-6.036985213155887,2024,10,4,October
2024-10-05,0.5373779473959142,157121049.88946873,7357221.098674693,kda,Kadena,452804,0.0468251778094045,2.387027260197772,2.2076437397929416,2.631728064588512,2024,10,4,October
2024-10-06,0.5290500032801365,154634425.88455865,7638819.330914972,kda,Kadena,447012,0.0493992155189148,-1.5497368576686377,-1.5826167191852147,-1.2791406436338917,2024,10,4,October
2024-10-07,0.5391973707256364,157785233.1585279,7328787.666267655,kda,Kadena,453821,0.0464478678996809,1.9180356077092453,2.037584616714949,1.5232253272842833,2024,10,4,October
2024-10-08,0.5324223338808538,155841059.81749234,10988749.91204461,kda,Kadena,454822,0.0705125460832574,-1.2565040581828169,-1.2321643173555108,0.2205715469314917,2024,10,4,October
2024-10-09,0.5241956973711244,153528532.21028236,7436498.429807894,kda,Kadena,442476,0.0484372404448079,-1.5451336253618495,-1.4839013607313878,-2.7144685173540406,2024,10,4,October
2024-10-10,0.5029502465378286,147214255.35421506,7521333.061394256,kda,Kadena,424428,0.0510910648109249,-4.052961697290359,-4.112770939162546,-4.078865294388844,2024,10,4,October
2024-10-11,0.5036143237059948,147079648.78754675,6885931.035571327,kda,Kadena,422743,0.0468177011050515,0.1320363540404878,-0.0914358234835543,-0.397004910137877,2024,10,4,October
2024-10-12,0.5304964409398901,154863706.51874903,7032240.820640724,kda,Kadena,450646,0.0454092245285976,5.337838097231895,5.292409789777364,6.600464111765314,2024,10,4,October
2024-10-13,0.5621691513551031,164539508.10587135,17867782.34185715,kda,Kadena,467115,0.108592656849079,5.970390745524679,6.247946536105209,3.654531494787472,2024,10,4,October
2024-10-14,0.556511194254021,163594601.65938672,9209330.541051129,kda,Kadena,471248,0.056293609004443,-1.0064510098862112,-0.5742732899606251,0.8847928240369063,2024,10,4,October
2024-10-15,0.5975649859843851,175145084.00801387,21957305.449504565,kda,Kadena,502011,0.1253663816707518,7.376992979520391,7.060430008977869,6.527985264658942,2024,10,4,October
2024-10-16,0.5971374506405115,174999572.55667573,13899064.751004914,kda,Kadena,502026,0.0794234211429489,-0.071546250851584,-0.0830805227347908,0.0029879823350453,2024,10,4,October
2024-10-17,0.581441141186717,170365975.99734682,8476970.628512645,kda,Kadena,493310,0.0497574153459177,-2.628592367964544,-2.6477759297544923,-1.7361650591802058,2024,10,4,October
2024-10-18,0.5676652718509001,166410567.23665166,8870708.05179003,kda,Kadena,478587,0.0533061583713914,-2.369262915881809,-2.32171285231082,-2.984533052238958,2024,10,4,October
2024-10-19,0.5973623166486558,175145024.2622459,7483250.51653918,kda,Kadena,500445,0.0427260240367117,5.231435895475345,5.248739410384329,4.567194679337305,2024,10,4,October
2024-10-20,0.590403928494179,173136964.0911964,4005432.76170795,kda,Kadena,496364,0.0231344749674492,-1.164852211219991,-1.146512828159374,-0.8154742279371407,2024,10,4,October
2024-10-21,0.6055787660360542,177624240.6398646,10198532.371687302,kda,Kadena,515797,0.0574163319992171,2.570246708990997,2.591749585203895,3.91507039188983,2024,10,4,October
2024-10-22,0.598931641199016,175703545.42469287,10608146.045807982,kda,Kadena,637378,0.0603752532151075,-1.0976482680442046,-1.0813249409273862,23.57148257938686,2024,10,4,October
2024-10-23,0.5736416410788547,168320777.18153688,9717632.091816297,kda,Kadena,616172,0.0577328138244969,-4.222518628258243,-4.201832254045357,-3.3270680820486453,2024,10,4,October
2024-10-24,0.5597985321676301,164144996.27170888,8648217.339388525,kda,Kadena,598932,0.052686451221901,-2.413198052566368,-2.48084697548916,-2.797920061281589,2024,10,4,October
2024-10-25,0.569432131878644,166860406.28196368,8185782.387779666,kda,Kadena,614527,0.0490576678445046,1.720904782245691,1.6542752273483785,2.603801433217789,2024,10,4,October
2024-10-26,0.5235187149721542,153231329.3054139,11699386.585733326,kda,Kadena,591928,0.0763511394097131,-8.063018283674028,-8.167951451298228,-3.6774625036816944,2024,10,4,October
2024-10-27,0.5316305825409523,155996390.42340165,8587873.45656172,kda,Kadena,571242,0.0550517446798142,1.5494895095067518,1.804501162080596,-3.4946817856225776,2024,10,4,October
2024-10-28,0.539657931664993,158502848.58083665,8015683.454126595,kda,Kadena,587582,0.0505712264851731,1.5099487101877471,1.606741124350397,2.8604339316786964,2024,10,4,October
2024-10-29,0.5422184778038629,159109387.70102707,9492715.151741264,kda,Kadena,711752,0.0596615654732985,0.4744757722674242,0.382667646431023,21.13236960968852,2024,10,4,October
2024-10-30,0.5640212316607225,165456544.1871012,9656584.793027451,kda,Kadena,733851,0.0583632689808123,4.021027454683379,3.989177871767491,3.104873607661096,2024,10,4,October
2024-10-31,0.5626380998468322,165360184.86173075,7328062.210029062,kda,Kadena,728896,0.0443157596621978,-0.2452269056995804,-0.0582384491612852,-0.6752051847037088,2024,10,4,October
2024-11-01,0.532309780821353,156543077.64917383,7066111.211392751,kda,Kadena,689130,0.0451384457077591,-5.390377763918853,-5.332061777706365,-5.455647993678115,2024,11,4,November
2024-11-02,0.5128465279912636,151683048.18770814,9034737.468024308,kda,Kadena,675378,0.0595632641614888,-3.6563770817920505,-3.1045955748726373,-1.9955596186496003,2024,11,4,November
2024-11-03,0.50706918453283,150004989.2996872,4489322.951297385,kda,Kadena,664529,0.0299278242160892,-1.1265248262599226,-1.106292962905342,-1.6063596978284744,2024,11,4,November
2024-11-04,0.4936327830882849,146146131.3780094,11570959.388423922,kda,Kadena,643760,0.0791739013501181,-2.64981620938457,-2.572486381748529,-3.125371503726704,2024,11,4,November
2024-11-05,0.4699694972638625,139134182.75656012,11149153.33478166,kda,Kadena,615157,0.0801323809425687,-4.793702248942855,-4.7979023155342855,-4.443115446750346,2024,11,4,November
2024-11-06,0.4927338114108953,146518429.91691095,10373665.80854321,kda,Kadena,647404,0.0708010986360282,4.84378545406996,5.307284675880752,5.242076413013264,2024,11,4,November
2024-11-07,0.5490994009210441,162778485.0092981,13466572.438036682,kda,Kadena,725473,0.0827294371075357,11.439358981424784,11.097617618212286,12.058776281888894,2024,11,4,November
2024-11-08,0.5442013898936088,161266510.45034608,11228542.745212236,kda,Kadena,710022,0.069627244453023,-0.892008080726292,-0.9288540551692924,-2.1297829140436653,2024,11,4,November
2024-11-09,0.54476982223629,161463664.87368506,20270065.794920903,kda,Kadena,712601,0.1255394878518236,0.1044525709117172,0.1222537914340682,0.3632281816619676,2024,11,4,November
2024-11-10,0.5799520983085812,173663371.35440788,13544985.58855938,kda,Kadena,756562,0.0779956388207914,6.458191081118869,7.555697741821232,6.16909041665672,2024,11,4,November
2024-11-11,0.6081495675593191,180181228.55344135,24616636.13330113,kda,Kadena,794101,0.1366215356112964,4.862034180577202,3.7531559753795296,4.961787665782835,2024,11,4,November
2024-11-12,0.637476133979837,188920754.9960114,25918101.23352288,kda,Kadena,813959,0.1371903327089185,4.822262151433221,4.850408953659624,2.5006894588975426,2024,11,4,November
2024-11-13,0.6267333400485341,185774573.71444985,35795908.58238183,kda,Kadena,819090,0.192684649285768,-1.685207235011987,-1.6653444358868952,0.6303757314557679,2024,11,4,November
2024-11-14,0.6181768202584514,183429032.04939413,29562226.29419568,kda,Kadena,800839,0.1611643803813733,-1.3652568394430742,-1.2625741069716925,-2.228204470815176,2024,11,4,November
2024-11-15,0.5890102032718737,174113014.84393823,28295163.467725087,kda,Kadena,771046,0.1625103298170256,-4.718167364215242,-5.078812825522228,-3.720223415692792,2024,11,4,November
2024-11-16,0.6503856526127219,193047183.0437332,40842074.1000645,kda,Kadena,848802,0.2115652425283619,10.420099516089133,10.874642666297008,10.084482637871162,2024,11,4,November
2024-11-17,0.6659464756539031,197332707.2987764,34590985.6467279,kda,Kadena,851755,0.1752927131048507,2.3925532457043763,2.219936176987569,0.3479021020214468,2024,11,4,November
2024-11-18,0.6376778225802185,189364062.95964947,43483441.57461224,kda,Kadena,837891,0.2296287948990505,-4.244883651636888,-4.038177172049751,-1.6276981056759232,2024,11,4,November
2024-11-19,0.72439598844094,214944227.53181085,46757058.92093764,kda,Kadena,944712,0.2175311217139701,13.599056261645748,13.508457820538045,12.748794294245911,2024,11,4,November
2024-11-20,0.6953324492399116,206536394.0803279,33601018.35264921,kda,Kadena,901978,0.1626881233318173,-4.012106591531461,-3.911634914800688,-4.523494991066057,2024,11,4,November
2024-11-21,0.6597583442933543,196082867.0208809,21246711.319328684,kda,Kadena,869017,0.1083557765251673,-5.1161289805249694,-5.061348681908973,-3.65430198962724,2024,11,4,November
2024-11-22,0.695175851385029,206355108.22307464,25292137.18265028,kda,Kadena,1063616,0.1225660823249836,5.3682545128867165,5.238724503706815,22.393002668532368,2024,11,4,November
2024-11-23,0.7346386859744325,217893135.07194555,34487580.98879205,kda,Kadena,1116458,0.1582775013880299,5.676669365136888,5.591345398824843,4.9681463987002905,2024,11,4,November
2024-11-24,0.8267680282855921,245357679.5470622,49777805.718695626,kda,Kadena,1276618,0.2028785314997557,12.540769233920535,12.604593745483616,14.345367223845408,2024,11,4,November
2024-11-25,0.8716505237181253,259503446.08309853,44284666.09912512,kda,Kadena,1282655,0.1706515530623983,5.428668489467681,5.76536530755829,0.4728900892827736,2024,11,4,November
2024-11-26,0.9302225553250858,276600705.0071764,128219944.21533316,kda,Kadena,1366803,0.4635561005240622,6.719669180844945,6.588451591738376,6.560454681890304,2024,11,4,November
2024-11-27,0.9469501591370628,281510735.4233942,97554195.78203423,kda,Kadena,1373925,0.3465381014166724,1.798236746273174,1.7751330084608383,0.5210699713126266,2024,11,4,November
2024-11-28,1.2046688512468702,358447871.58719003,77298631.77462521,kda,Kadena,1743994,0.2156481817909828,27.21565539887141,27.33008957831815,26.93516749458669,2024,11,4,November
2024-11-29,1.153128394026879,342815578.1562769,110768484.44642524,kda,Kadena,1636528,0.3231139175242788,-4.278392121340657,-4.361106501119427,-6.162062484159925,2024,11,4,November
2024-11-30,1.2305353647981143,365615356.5547426,67949835.76542507,kda,Kadena,1750810,0.1858506065109743,6.712779875354524,6.650741638138791,6.983198576498539,2024,11,4,November
2024-12-01,1.184684711866261,352499779.7868676,47504838.64686696,kda,Kadena,1671356,0.1347655838979243,-3.7260735646858953,-3.587260910336332,-4.538128066437819,2024,12,4,December
2024-12-02,1.1738117514911095,349481325.1989679,38097202.292738415,kda,Kadena,1673801,0.109010695409973,-0.9177935923578184,-0.8562997088181867,0.1462884029494571,2024,12,4,December
2024-12-03,1.1704561649528409,348627026.1946344,59102614.74049809,kda,Kadena,1652326,0.1695296414211495,-0.2858709272595017,-0.2444476836772624,-1.2830079561429342,2024,12,4,December
2024-12-04,1.689487977185588,502800491.7977936,263608279.89341044,kda,Kadena,2301575,0.5242800756834248,44.34440415405556,44.223038955415326,39.29303297291214,2024,12,4,December
2024-12-05,1.6238940487968294,483264391.5096465,139171215.947548,kda,Kadena,2219634,0.287981523970342,-3.882473818963028,-3.885457672941928,-3.5602142011448734,2024,12,4,December
2024-12-06,1.709764893187497,509720369.06033325,84676054.61556919,kda,Kadena,2371372,0.1661225639690818,5.287958561969641,5.474431391073997,6.836172089632786,2024,12,4,December
2024-12-07,1.773063545574438,528754715.7638378,86404418.37285982,kda,Kadena,2383382,0.1634111541644412,3.7021845891884064,3.734272330257138,0.5064578648984686,2024,12,4,December
2024-12-08,1.8531507836804744,552642862.711243,72443580.5360503,kda,Kadena,2470978,0.1310857072877863,4.516884818140543,4.517812557547862,3.6752815956485385,2024,12,4,December
2024-12-09,1.7674757749199903,526955364.8978244,43919272.80356171,kda,Kadena,2361792,0.0833453376304036,-4.623207648021377,-4.648118983641059,-4.418736225089825,2024,12,4,December
2024-12-10,1.4569533821509308,435562409.9612544,135078192.9478988,kda,Kadena,1982472,0.3101236237532865,-17.568693001357616,-17.343585628792468,-16.060686123079428,2024,12,4,December
2024-12-11,1.3380864315868168,398971153.6738371,90110840.56923482,kda,Kadena,1849686,0.2258580344455211,-8.15859670050858,-8.400921532845828,-6.698001283246368,2024,12,4,December
2024-12-12,1.4829139373749818,441887769.8306396,65613536.61652762,kda,Kadena,2016885,0.1484846178061797,10.823479139267269,10.756821830755015,9.03931802478908,2024,12,4,December
2024-12-13,1.3689693381819386,408181251.7689268,61862364.77077829,kda,Kadena,1872112,0.151556115090261,-7.683830890061305,-7.627845883725491,-7.1780493186274885,2024,12,4,December
2024-12-14,1.402427341093626,418379711.8444473,40683211.47608528,kda,Kadena,1908577,0.0972399242227386,2.444028655610464,2.498512616962101,1.947800131616062,2024,12,4,December
2024-12-15,1.289681151612761,385119428.62785584,28766031.028902408,kda,Kadena,1772022,0.074693793380908,-8.039360484297497,-7.949783958204359,-7.154806958273097,2024,12,4,December
2024-12-16,1.4291053165621033,426412841.42794526,38211220.02539749,kda,Kadena,1930720,0.0896108566933352,10.810746886933307,10.72223568341226,8.955757885624438,2024,12,4,December
2024-12-17,1.3094398782433754,390909858.2977537,41768462.26059567,kda,Kadena,1758721,0.106849344865539,-8.373451342732285,-8.325964811777563,-8.90854189110798,2024,12,4,December
2024-12-18,1.2358240827353475,368613467.6122719,30095670.97868312,kda,Kadena,1957653,0.0816456088097666,-5.621930165040034,-5.70371665288082,11.31117442732532,2024,12,4,December
2024-12-19,1.1039670980035197,328843844.8153382,31997094.25257345,kda,Kadena,1941836,0.0973017885450809,-10.669559411722927,-10.78897715119992,-0.8079572835431037,2024,12,4,December
2024-12-20,0.9993143841034056,299387370.5479965,35782624.50213739,kda,Kadena,1757145,0.119519485530205,-9.479695009876144,-8.957587235328345,-9.511153362075886,2024,12,4,December
2024-12-21,1.0277614950839575,306845771.2203989,39992939.44306697,kda,Kadena,1834184,0.1303356382719745,2.8466628153336337,2.491220875065836,4.384327986591896,2024,12,4,December
2024-12-22,0.9747420234124706,291130653.91887087,18920963.987185203,kda,Kadena,1735661,0.0649913148357709,-5.158733025618534,-5.121503626732505,-5.37148944707837,2024,12,4,December
2024-12-23,0.962629107933926,288471324.9893385,14317083.779468298,kda,Kadena,1736709,0.0496308732938964,-1.242679107661604,-0.9134486161919032,0.0603804544781594,2024,12,4,December
2024-12-24,1.0313224940549717,308315897.35111177,16524302.210127551,kda,Kadena,1860155,0.0535953622634955,7.136017969421382,6.879218363387296,7.108041704165746,2024,12,4,December
2024-12-25,1.1062003808410783,330295455.6636967,19995398.945251543,kda,Kadena,1957528,0.0605379171962046,7.260375606828906,7.128908532262446,5.234671304273042,2024,12,4,December
2024-12-26,1.0741118027357617,321154429.5435772,14394633.726543196,kda,Kadena,1902510,0.0448215325785814,-2.9007925382306343,-2.7675300896137123,-2.810585595710513,2024,12,4,December
2024-12-27,0.971853132646151,290555392.8082048,18546294.90935504,kda,Kadena,1744733,0.0638304962441272,-9.520300384853575,-9.527826466183145,-8.293097013944738,2024,12,4,December
2024-12-28,0.992226410595262,296728913.7937743,19299416.733623568,kda,Kadena,1782008,0.0650405667815594,2.0963330018434867,2.1247311660274937,2.136430044023929,2024,12,4,December
2024-12-29,1.0342835911361226,309493175.5512683,13287253.48739999,kda,Kadena,1849612,0.0429322987937707,4.238667716537536,4.301657561542882,3.793697895856818,2024,12,4,December
2024-12-30,0.9654386795413838,288814211.1526535,9418682.133480957,kda,Kadena,1739839,0.0326115605457609,-6.656289646741387,-6.681557472723421,-5.934920404928167,2024,12,4,December
2024-12-31,0.9488190226628062,283122201.97936445,18859495.24801223,kda,Kadena,1713584,0.0666125620532819,-1.7214616765170998,-1.970820324447442,-1.5090476762505078,2024,12,4,December
2025-01-01,0.926124815012608,277111639.6665934,11633183.7120388,kda,Kadena,1681445,0.0419801338046833,-2.391837337589231,-2.12295689661568,-1.8755427221542664,2025,1,1,January
2025-01-02,0.972862217196562,293211635.318813,11959281.680856649,kda,Kadena,1771604,0.0407872002345785,5.046555434681643,5.80993121457849,5.361995188662139,2025,1,1,January
2025-01-03,0.9954070150680998,300046543.70293915,15495101.462246994,kda,Kadena,1798576,0.0516423261238693,2.3173680170768485,2.331049508555294,1.5224621303632224,2025,1,1,January
2025-01-04,1.0393791969243131,313448350.1051017,18044093.01873972,kda,Kadena,1873477,0.0575663997359992,4.41750773207128,4.466575830792108,4.164461218208193,2025,1,1,January
2025-01-05,1.0186333844822648,307875599.31630504,11943672.682897504,kda,Kadena,1835120,0.0387938268229786,-1.9959811109784065,-1.777884869047186,-2.047369676809485,2025,1,1,January
2025-01-06,1.0301864218289487,311132398.1396123,8071122.553997048,kda,Kadena,1862130,0.025941118964973,1.1341703033379336,1.0578294709095548,1.4718383538951052,2025,1,1,January
2025-01-07,1.0421585266797762,313575105.7970587,18353365.075652543,kda,Kadena,1866087,0.0585294072659281,1.1621299404793728,0.7851023140156288,0.2124985903239729,2025,1,1,January
2025-01-08,0.9136702183100806,275870531.72451425,18968530.671005998,kda,Kadena,1677014,0.0687588143337762,-12.329056000630525,-12.024096739664758,-10.132057079868195,2025,1,1,January
2025-01-09,0.8730284525118946,264052874.40918285,17886998.27376161,kda,Kadena,1598902,0.0677402142043849,-4.448187648422719,-4.283769361467204,-4.657802498965424,2025,1,1,January
2025-01-10,0.8192108840491327,247586641.1894529,15494055.141456485,kda,Kadena,1513788,0.0625803357847585,-6.164469016779117,-6.235960603183399,-5.323278099595852,2025,1,1,January
2025-01-11,0.8351412978181485,252220476.08626103,13424290.062021306,kda,Kadena,1544759,0.053224425987643,1.9446047506444408,1.871601341068474,2.045927170779538,2025,1,1,January
2025-01-12,0.8208218542305966,247953196.22883877,6325385.72565466,kda,Kadena,1533991,0.0255104020511068,-1.7146132786107215,-1.6918847841532414,-0.6970666621783694,2025,1,1,January
2025-01-13,0.7924781053057637,239240228.34599528,7086658.768160252,kda,Kadena,1466117,0.0296215181583564,-3.4530938447540627,-3.513956672210905,-4.424667419821892,2025,1,1,January
2025-01-14,0.7623854059470654,230260293.7618848,17528403.88718321,kda,Kadena,1428457,0.0761243008979636,-3.797290948131316,-3.753521991762798,-2.568689947664482,2025,1,1,January
2025-01-15,0.810817066669579,245033737.77387288,12366547.509534432,kda,Kadena,1510226,0.0504687543106687,6.352647931704558,6.415975490444525,5.724288515510101,2025,1,1,January
2025-01-16,0.8711208096441451,263246621.8285751,20357909.150736064,kda,Kadena,1601108,0.0773339806198654,7.437404249797419,7.43280669028108,6.017774823105948,2025,1,1,January
2025-01-17,0.8926958309494368,269784406.58135223,26101478.74678132,kda,Kadena,1638031,0.0967493973337207,2.4766968101824105,2.483520854841026,2.3060905323063707,2025,1,1,January
2025-01-18,1.0718946067670236,324000150.3366711,48370608.65685744,kda,Kadena,1958900,0.1492919327555717,20.073889627892385,20.09595159421136,19.588701312734624,2025,1,1,January
2025-01-19,0.976059631792843,295960644.8633159,32570978.23456924,kda,Kadena,1770024,0.1100517207266241,-8.940708757107341,-8.654164340423653,-9.641941906171835,2025,1,1,January
2025-01-20,0.8457542778333439,256457308.9378414,47871234.949801385,kda,Kadena,1543848,0.1866635626337486,-13.350142728488011,-13.347496233399005,-12.778131821941397,2025,1,1,January
2025-01-21,0.8370362831946299,253258628.93654975,59592707.09702486,kda,Kadena,1555089,0.2353037578512475,-1.0307952164365974,-1.2472563229098177,0.7281157212368106,2025,1,1,January
2025-01-22,0.9085979727752236,274138169.94546205,28618448.497463584,kda,Kadena,1676805,0.1043942494514975,8.549413092043224,8.244355225560085,7.826947525189887,2025,1,1,January
2025-01-23,0.8373702492029144,253355982.9097041,17496630.583027113,kda,Kadena,1573643,0.0690594726916826,-7.839300296340202,-7.580916966029372,-6.152295585950663,2025,1,1,January
2025-01-24,0.8264867636951785,250273326.580121,26373257.835916508,kda,Kadena,1538250,0.1053778211058122,-1.2997220187958458,-1.2167292416701003,-2.2491124098667825,2025,1,1,January
2025-01-25,0.7777971288566468,235065278.48846012,13239142.17644292,kda,Kadena,1453541,0.0563211302901668,-5.891157242596723,-6.076575678068608,-5.506842190801232,2025,1,1,January
2025-01-26,0.8112703705621271,245559163.30000356,18068051.869528204,kda,Kadena,1529134,0.0735792206925472,4.303595431714391,4.464242817579089,5.200610096309632,2025,1,1,January
2025-01-27,0.821980439236263,249317730.33828425,13596832.236623494,kda,Kadena,1560771,0.054536162422844,1.3201602157262071,1.5306156723171371,2.0689488298605507,2025,1,1,January
2025-01-28,0.7579028462171864,229482977.93516335,29139298.898099627,kda,Kadena,1397671,0.1269780406385194,-7.795513124206921,-7.955612453317407,-10.449963511623416,2025,1,1,January
2025-01-29,0.6828236682231177,206737940.84858036,14481230.01748369,kda,Kadena,1262429,0.0700463105999981,-9.906174434995307,-9.91142667366347,-9.676239973498769,2025,1,1,January
2025-01-30,0.7238656748670105,219305229.59276173,17749753.020026825,kda,Kadena,1355289,0.0809362961977112,6.010630350686963,6.0788497227927785,7.35566118965898,2025,1,1,January
2025-01-31,0.7710460576856922,234168162.16617984,18973090.814921305,kda,Kadena,1425784,0.0810233579125793,6.517836728112547,6.777281417783687,5.201473634036735,2025,1,1,January
2025-02-01,0.7607364668387444,230437225.64283645,14210504.468305545,kda,Kadena,1412412,0.0616675731477992,-1.337091441449323,-1.5932723256783632,-0.9378699718891492,2025,2,1,February
2025-02-02,0.6593356490827212,200038186.03545868,16079110.116910163,kda,Kadena,1228339,0.0803802035780307,-13.32929630380364,-13.191896197576348,-13.032528752233764,2025,2,1,February
2025-02-03,0.5769871065922407,176030071.6898873,25618205.180162665,kda,Kadena,1044492,0.1455331179168882,-12.489623851682396,-12.001765673537813,-14.96712226836403,2025,2,1,February
2025-02-04,0.6040910543688408,184464938.3429292,49332047.19615538,kda,Kadena,1111666,0.2674331915826992,4.6974962641157525,4.79171914893135,6.4312603638898125,2025,2,1,February
2025-02-05,0.5591922597095783,170341530.16330928,22983914.05579777,kda,Kadena,1033667,0.1349284231142147,-7.432454815304812,-7.656418778816299,-7.016406006840182,2025,2,1,February
2025-02-06,0.5380919103758194,164170079.587097,11575311.76571163,kda,Kadena,1000391,0.0705080474762795,-3.773362196522101,-3.6229864615491048,-3.219218568455795,2025,2,1,February
2025-02-07,0.5058379059643694,154029233.7947327,10323247.12712294,kda,Kadena,959376,0.0670213496022464,-5.99414408384672,-6.177036533008618,-4.099896940296343,2025,2,1,February
2025-02-08,0.5163477143054805,157681838.65199414,10626755.220695388,kda,Kadena,964370,0.0673936536480195,2.077702801073089,2.3713711788822422,0.5205466886809784,2025,2,1,February
2025-02-09,0.5453900296653759,166608091.7587842,6404192.995900872,kda,Kadena,1011362,0.0384386672237557,5.624565492452893,5.66092657410624,4.872818524010492,2025,2,1,February
2025-02-10,0.5363561456939809,163871916.0446197,8294181.643478928,kda,Kadena,994236,0.0506138076839264,-1.6564079796137166,-1.6422826078135166,-1.6933600431892848,2025,2,1,February
2025-02-11,0.5419333504194349,165535367.382547,8286425.051492296,kda,Kadena,1013338,0.050058336067498,1.039832352109582,1.0150923831722114,1.921274224630776,2025,2,1,February
2025-02-12,0.5444781075512432,166384477.62782496,8593170.425110513,kda,Kadena,1016341,0.0516464669518754,0.4695701288430998,0.5129479329427644,0.2963473194531385,2025,2,1,February
2025-02-13,0.575144583543834,175677571.44958115,16011029.395068023,kda,Kadena,1079850,0.0911387222794296,5.632269795109202,5.585312977658474,6.248788546363859,2025,2,1,February
2025-02-14,0.574833773461343,175717711.71518663,13496665.64743374,kda,Kadena,1074209,0.0768087947179161,-0.0540403389658883,0.0228488276985405,-0.5223873686160063,2025,2,1,February
2025-02-15,0.570034812599322,174029672.47023842,13675411.416357463,kda,Kadena,1057093,0.0785809179678606,-0.8348432335706812,-0.9606540106123608,-1.5933584619008068,2025,2,1,February
2025-02-16,0.5454412326920647,166750168.2525947,7402535.574458736,kda,Kadena,1024212,0.0443929721452832,-4.314399640806521,-4.182909795965173,-3.110511563315621,2025,2,1,February
2025-02-17,0.5379882481566824,164495128.91643217,7185015.058217451,kda,Kadena,1017354,0.0436791964938221,-1.366413847848924,-1.3523460634513929,-0.66958793687244,2025,2,1,February
2025-02-18,0.5341199502655272,163411915.01092422,11816304.226237524,kda,Kadena,997584,0.0723099305546207,-0.7190301840996116,-0.658508195740104,-1.943276381672454,2025,2,1,February
2025-02-19,0.5230126486540116,160031842.76279953,12232298.044892129,kda,Kadena,986718,0.0764366505672432,-2.0795519070189616,-2.068436838218757,-1.0892315835057451,2025,2,1,February
2025-02-20,0.5313550691927379,162632838.61960045,10481374.749831622,kda,Kadena,997665,0.0644480834178123,1.595070513150243,1.6252989479450752,1.1094355226113128,2025,2,1,February
2025-02-21,0.5579937924445268,170788209.3335093,9782036.377176918,kda,Kadena,1041354,0.0572758296099638,5.013356378110756,5.014590400764218,4.379125257476213,2025,2,1,February
2025-02-22,0.5347649798903026,163570632.6121879,15932733.687292555,kda,Kadena,999576,0.0974058327760321,-4.162915944362156,-4.226039226880807,-4.011892209565627,2025,2,1,February
2025-02-23,0.5579967971237018,170843222.7180412,6304153.290798551,kda,Kadena,1042719,0.0369002246065265,4.344304153604961,4.446146591054645,4.316130039136601,2025,2,1,February
2025-02-24,0.543327671315491,166307953.4726719,6601102.930110266,kda,Kadena,1012992,0.0396920459441224,-2.6288906824959435,-2.6546380788275648,-2.8509118947674272,2025,2,1,February
2025-02-25,0.4731619549567938,145615593.43381625,16339677.454838924,kda,Kadena,878586,0.1122110418913718,-12.914070102266962,-12.4421951005824,-13.268219294920392,2025,2,1,February
2025-02-26,0.4991010031534618,152940637.35007244,16884660.07446723,kda,Kadena,931193,0.1104000896492879,5.482065479891873,5.030398011312909,5.987689309868349,2025,2,1,February
2025-02-27,0.4961678965064011,152212213.7282918,12582592.972967524,kda,Kadena,926762,0.0826648050427032,-0.5876779706969981,-0.476278662363172,-0.4758412058509909,2025,2,1,February
2025-02-28,0.4968669061036994,152164012.0343711,7568550.323989524,kda,Kadena,919612,0.0497394240780134,0.1408816657063383,-0.0316674284803086,-0.7715033633230561,2025,2,1,February
2025-03-01,0.5018305233307603,153845047.74798948,15224961.949299848,kda,Kadena,932961,0.0989629641783436,0.9989832621343676,1.1047524911729223,1.4515904533651147,2025,3,1,March
2025-03-02,0.4953965615774794,151702314.9160011,7822056.189686282,kda,Kadena,923176,0.0515618775759448,-1.282098528120057,-1.3927863544222263,-1.0488112579196796,2025,3,1,March
2025-03-03,0.5721207965284614,176368792.29957387,18287112.549746145,kda,Kadena,1064830,0.1036867821756373,15.487437923806093,16.259789705404827,15.344203055538696,2025,3,1,March
2025-03-04,0.4918920160943678,151856047.53357464,18898953.84181244,kda,Kadena,859651,0.1244530866486167,-14.0230491394316,-13.89857267059057,-19.268709559272367,2025,3,1,March
2025-03-05,0.4800002377320357,148137817.20432582,16241074.680562628,kda,Kadena,887047,0.1096348993597049,-2.417558726964719,-2.448523051692575,3.186874673559381,2025,3,1,March
2025-03-06,0.5064513741033776,156377030.70133117,11756523.599852117,kda,Kadena,944472,0.0751806294513049,5.510650681408302,5.561856960293299,6.473726871293173,2025,3,1,March
2025-03-07,0.4905309784383779,151286128.06203747,9033427.616222516,kda,Kadena,890260,0.059710878531561,-3.143519097600478,-3.255530953914165,-5.739926646846072,2025,3,1,March
2025-03-08,0.4833338077583012,149090770.47592062,11306599.048529029,kda,Kadena,888636,0.0758370153459978,-1.4672204195928962,-1.4511294685370046,-0.1824186192797561,2025,3,1,March
2025-03-09,0.4721429658594563,145830380.33204222,4614766.445477953,kda,Kadena,915988,0.0316447535484071,-2.315344327091018,-2.186849080912745,3.077975684082124,2025,3,1,March
2025-03-10,0.4230392818261153,130421909.94922,8872261.308231337,kda,Kadena,825885,0.0680273836787528,-10.400172740889223,-10.566022215493476,-9.836700917479268,2025,3,1,March
2025-03-11,0.3959734816384458,122499590.85169244,10019218.179059597,kda,Kadena,765378,0.0817898093324217,-6.397940179653205,-6.074377457447245,-7.326322672042718,2025,3,1,March
2025-03-12,0.4159324196760086,128554228.06292748,11354889.683222149,kda,Kadena,810210,0.0883276252700448,5.040473406193091,4.942577496903855,5.857497863800631,2025,3,1,March
2025-03-13,0.4430343509182011,136797008.0418685,6563308.761214764,kda,Kadena,860860,0.04797845256386,6.515945850843652,6.411908891013818,6.251465669394363,2025,3,1,March
2025-03-14,0.4354121035312838,134332386.34778735,5275093.491550339,kda,Kadena,846916,0.0392689628686643,-1.7204641967648815,-1.8016634496324848,-1.6197755732639485,2025,3,1,March
2025-03-15,0.4409344897288509,136291039.3818795,5849996.846536384,kda,Kadena,862787,0.0429228280382031,1.2683125142318064,1.4580646464667169,1.8739756953464195,2025,3,1,March
2025-03-16,0.4706304146009119,145384978.1707324,4755772.173443605,kda,Kadena,920198,0.0327115788252805,6.734770258122058,6.672440704903737,6.654133639009396,2025,3,1,March
2025-03-17,0.443383144107827,136953949.34246483,6198483.047370499,kda,Kadena,869482,0.0452596152000748,-5.789526058614413,-5.79910588724416,-5.511422541670374,2025,3,1,March
2025-03-18,0.4684530213619804,144597996.37192374,6504332.796052932,kda,Kadena,917798,0.0449821778949342,5.654224249908912,5.581472506750673,5.556871792630558,2025,3,1,March
2025-03-19,0.4709309639895291,145314044.02611098,5018292.352932634,kda,Kadena,922203,0.0345341180652223,0.5289628873231145,0.4951988769923643,0.4799531051494998,2025,3,1,March
2025-03-20,0.4962519426810813,152922418.3344821,9583637.693819951,kda,Kadena,962829,0.0626699328862167,5.376792062480562,5.235814858338128,4.405320737408136,2025,3,1,March
2025-03-21,0.4759319402328616,147014264.85046196,5407342.30868514,kda,Kadena,917842,0.0367810723278132,-4.094694791205766,-3.863497287295992,-4.672376922589572,2025,3,1,March
2025-03-22,0.463237328316842,143272397.06734508,4861094.486674872,kda,Kadena,896265,0.0339290371779702,-2.6673166566228868,-2.545241298130474,-2.3508403407122347,2025,3,1,March
2025-03-23,0.4762038355291298,147505882.73552546,4329696.949689159,kda,Kadena,926074,0.0293527069523878,2.799106725574374,2.954850867882408,3.325913652770107,2025,3,1,March
2025-03-24,0.489044887161825,151533997.7710983,3798243.828083895,kda,Kadena,944602,0.0250652915118189,2.696545192339106,2.730816534819258,2.00070404740873,2025,3,1,March
2025-03-25,0.5062037740784031,156797574.16648826,7315926.857881585,kda,Kadena,979034,0.0466584186443695,3.5086527570423742,3.4735283651269766,3.645133082504581,2025,3,1,March
2025-03-26,0.525462619675573,162805421.3724841,7957208.126647058,kda,Kadena,1009965,0.0488755721988009,3.804563810736616,3.831594486032474,3.159338695081071,2025,3,1,March
2025-03-27,0.4916853155885541,152392268.69373843,14542781.700395074,kda,Kadena,946728,0.0954299179679619,-6.428107884795553,-6.396072434787847,-6.261306084864327,2025,3,1,March
2025-03-28,0.4809960377591876,149025161.38839817,7134327.991460898,kda,Kadena,927400,0.0478733116273364,-2.1740079458283934,-2.209500084356053,-2.0415578708985027,2025,3,1,March
2025-03-29,0.4385481308808707,135791512.34403697,9530230.739166444,kda,Kadena,844983,0.0701828161028279,-8.82500136094022,-8.88014407840223,-8.886888074185894,2025,3,1,March
2025-03-30,0.4142638581662548,128190789.38439748,5017486.906216866,kda,Kadena,808402,0.0391407754824822,-5.537424744198183,-5.597347601801895,-4.329199522357252,2025,3,1,March
2025-03-31,0.4159637365431647,128911748.354339,5104354.903035144,kda,Kadena,809083,0.0395957309414874,0.4103371180953497,0.5624108981649334,0.084240266600033,2025,3,1,March
2025-04-01,0.4087428052074005,126632128.92415228,6069335.224655179,kda,Kadena,793441,0.0479288729978667,-1.735952127888174,-1.7683566155046848,-1.933299797424981,2025,4,2,April
2025-04-02,0.408337941274215,127609247.9721433,6616814.88999696,kda,Kadena,790228,0.0518521580147654,-0.0990510237801167,0.7716201696145175,-0.4049450431727108,2025,4,2,April
2025-04-03,0.3773428166203373,117845465.30010056,12216549.301410686,kda,Kadena,734585,0.1036658412803624,-7.590557114814677,-7.651312759224282,-7.0413855241778345,2025,4,2,April
2025-04-04,0.3926383263609759,122649345.44448256,10027065.110824136,kda,Kadena,761792,0.0817539227338388,4.05347844637205,4.076423417862229,3.7037238713014897,2025,4,2,April
2025-04-05,0.3904674024119702,121969200.79751888,9992266.458673691,kda,Kadena,757689,0.0819245054762788,-0.5529067855209457,-0.5545440495412612,-0.5385984625724594,2025,4,2,April
2025-04-06,0.3949765514814413,123257537.07947874,4098882.745976095,kda,Kadena,763650,0.0332546215273882,1.1548080688983386,1.056280006375232,0.7867343989420572,2025,4,2,April
2025-04-07,0.3600901032668099,112585228.31652078,10158017.256173445,kda,Kadena,698528,0.0902251335105464,-8.83253653508862,-8.658544553000647,-8.527728671511813,2025,4,2,April
2025-04-08,0.3703700427320611,116301054.8879889,20069407.569518108,kda,Kadena,720859,0.1725642780183483,2.854824215380969,3.300456575903077,3.1968654084016723,2025,4,2,April
2025-04-09,0.3574528751696469,111606936.7056955,8074676.489417682,kda,Kadena,692634,0.072349234982682,-3.48763832709843,-4.036178508281263,-3.9154675186132137,2025,4,2,April
2025-04-10,0.3956008072748704,123763713.45042276,12782470.814422185,kda,Kadena,764511,0.1032812482597541,10.672157018493287,10.892492082982596,10.377342146068491,2025,4,2,April
2025-04-11,0.3874954545934595,121248205.61590412,7693247.839584185,kda,Kadena,749728,0.0634504057235719,-2.0488716232015203,-2.032508369689723,-1.9336543228285816,2025,4,2,April
2025-04-12,0.3963252955274589,123860764.4454315,6401766.077427654,kda,Kadena,766268,0.0516851813896888,2.278695357410898,2.154719582245668,2.206133424388579,2025,4,2,April
2025-04-13,0.4203138321101717,131527717.59178936,5284717.811988308,kda,Kadena,813230,0.0401794991105221,6.052739215342573,6.189977254448187,6.128665166756275,2025,4,2,April
2025-04-14,0.4004121976697662,125282945.43905616,7451529.51035538,kda,Kadena,776893,0.05947760474693,-4.734946347230595,-4.747875403809965,-4.468231619591013,2025,4,2,April
2025-04-15,0.3941328876730764,123407064.30033338,6314366.520284439,kda,Kadena,766028,0.0511669778070183,-1.5682114663920887,-1.497315641924546,-1.398519487239558,2025,4,2,April
2025-04-16,0.3817064060689341,119502416.60945116,4845166.723037344,kda,Kadena,742569,0.040544508307911,-3.152865947702843,-3.164039038623878,-3.0624206948048904,2025,4,2,April
2025-04-17,0.3942027119349635,123380866.29115342,12845227.423756955,kda,Kadena,769413,0.1041103682433617,3.273800404537264,3.245498954533721,3.6150175943245655,2025,4,2,April
2025-04-18,0.4025015732197466,126019997.30549692,9901291.520327752,kda,Kadena,784191,0.0785692091099248,2.1052268372400817,2.139011577464278,1.9206849897259293,2025,4,2,April
2025-04-19,0.4239310967651882,132879159.69724496,9187004.444505677,kda,Kadena,829707,0.0691380383909528,5.324084418855701,5.442915837492124,5.804198211915201,2025,4,2,April
2025-04-20,0.453980145327088,142197551.6337959,11947380.370504243,kda,Kadena,908895,0.0840195926950456,7.088191640384367,7.012681264527987,9.544092071056395,2025,4,2,April
2025-04-21,0.4629765464311052,144978223.95609576,6286662.840348103,kda,Kadena,930587,0.0433628076603553,1.981672810280144,1.95549943747344,2.3866343196959017,2025,4,2,April
2025-04-22,0.458656155842307,143556102.97040397,8598335.6346568,kda,Kadena,919927,0.0598952984703789,-0.9331769874958652,-0.980920407827901,-1.1455135307069653,2025,4,2,April
2025-04-23,0.4694471510037301,146913401.77674356,9914420.607134093,kda,Kadena,942659,0.0674847936759405,2.352741814095105,2.3386667211436896,2.4710656389039576,2025,4,2,April
2025-04-24,0.4797133035395945,150246171.9722077,11261057.953567538,kda,Kadena,960344,0.0749507145889253,2.186860121296763,2.2685270064937813,1.8760760784122252,2025,4,2,April
2025-04-25,0.5677219775608205,178150196.3639725,27612230.72297516,kda,Kadena,1137360,0.1549941077053968,18.346098257406783,18.572203221874076,18.432561665403234,2025,4,2,April
2025-04-26,0.5508357628303762,172751444.17644393,13592829.232132196,kda,Kadena,1114186,0.0786843160526567,-2.9743810170948293,-3.030449754037079,-2.0375254976436663,2025,4,2,April
2025-04-27,0.5768536937113273,180927523.27015963,12562959.420836585,kda,Kadena,1151554,0.0694364195881776,4.723355423994713,4.732857159425463,3.3538385870940823,2025,4,2,April
2025-04-28,0.5665143187386069,177673841.12332192,10505773.957830412,kda,Kadena,1129081,0.0591295482295474,-1.7923738870769037,-1.7983345419366303,-1.9515367928903071,2025,4,2,April
2025-04-29,0.6444407819191995,202313491.77381417,25743339.6749936,kda,Kadena,1291063,0.1272447993917013,13.755426933268456,13.867911277603362,14.346357790096542,2025,4,2,April
2025-04-30,0.6383944855085917,199972576.60038844,11239437.535680411,kda,Kadena,1278026,0.056204894324788,-0.9382237406828088,-1.1570731901769935,-1.0097880583674113,2025,4,2,April
2025-05-01,0.6486578714150862,203365657.9709424,12648226.69112618,kda,Kadena,1292656,0.0621945062766369,1.6076871181488928,1.6967733417439843,1.1447341446887638,2025,5,2,May
2025-05-02,0.6670033311110527,208962960.7437718,10590301.26151064,kda,Kadena,1331943,0.0506802795280851,2.828218156968432,2.7523343069207677,3.0392463269423464,2025,5,2,May
2025-05-03,0.6957020674398504,218180307.20142075,8828851.618504347,kda,Kadena,1390920,0.0404658501573823,4.302637631658168,4.410995338523738,4.427892184575466,2025,5,2,May
2025-05-04,0.713948639446544,224021496.08653563,13399949.389715524,kda,Kadena,1459100,0.0598154624614209,2.6227566167569494,2.6772301130378207,4.901791619935003,2025,5,2,May
2025-05-05,0.6322710531328855,198355991.4618812,14775158.334134042,kda,Kadena,1259094,0.0744880869251354,-11.440260797607982,-11.456715124668335,-13.707490919059694,2025,5,2,May
2025-05-06,0.6063355228495995,190191989.4220019,15500266.81166943,kda,Kadena,1249273,0.0814980003036674,-4.101963889502159,-4.115833345749087,-0.7800053054021427,2025,5,2,May
2025-05-07,0.5801357657761667,181908672.86503303,9421520.944234168,kda,Kadena,1190882,0.0517925879830064,-4.320999856696773,-4.355239451536352,-4.673998397467971,2025,5,2,May
2025-05-08,0.5902907970242611,186759387.11092213,11554572.932448149,kda,Kadena,1209683,0.0618687666049446,1.7504577113097053,2.6665656834779394,1.5787458371190333,2025,5,2,May
2025-05-09,0.6472323441453118,203181750.4584444,14796763.258028554,kda,Kadena,1329437,0.0728252573109652,9.64635522154522,8.793326858461237,9.899618329760765,2025,5,2,May
2025-05-10,0.6527708107020385,206432450.7950004,22850327.547577973,kda,Kadena,1351687,0.1106915480564133,0.855715355826403,1.5998977906339196,1.6736407968185096,2025,5,2,May
2025-05-11,0.6853117979450447,216738180.08015165,23058895.47676964,kda,Kadena,1399495,0.106390555961309,4.985055506389635,4.992300990208887,3.53691350142451,2025,5,2,May
2025-05-12,0.6264085048196741,198537523.24229637,23220889.010973137,kda,Kadena,1291595,0.1169596992636713,-8.595108577146371,-8.397531450676821,-7.70992393684865,2025,5,2,May
2025-05-13,0.5921445097287213,187679626.85514003,33382883.87943001,kda,Kadena,1211030,0.1778716445615937,-5.469912178286352,-5.468939175747279,-6.2376364107944005,2025,5,2,May
2025-05-14,0.6394820306074112,202269233.27851853,19126416.504830323,kda,Kadena,1318928,0.0945591981282384,7.994251420210996,7.773676167120391,8.909605872686877,2025,5,2,May
2024-06-01,0.6533385679736807,707909697.8040359,8111392.831977947,kava,Kava,220486239,0.0114582309821998,0.0,0.0,0.0,2024,6,2,June
2024-06-02,0.654584657463975,708947740.7960414,6660197.843757534,kava,Kava,207251699,0.0093944834865813,0.1907264550689236,0.1466349444322556,-6.00243355776956,2024,6,2,June
2024-06-03,0.6559369397805399,709871636.9793059,8866538.03758164,kava,Kava,204775940,0.0124903399089321,0.2065863141070156,0.1303193634875077,-1.194566322952073,2024,6,2,June
2024-06-04,0.65608264219042,710641888.6540701,8156310.168801918,kava,Kava,214672150,0.0114773844590693,0.0222128685005706,0.1085057684572232,4.8327015371044,2024,6,2,June
2024-06-05,0.6791293156511857,733517459.4439561,9557919.61969725,kava,Kava,219370364,0.0130302551038698,3.512769882742406,3.219001181201331,2.188553102952562,2024,6,2,June
2024-06-06,0.6945949292335778,751330405.2618207,13875647.362549888,kava,Kava,221528413,0.0184681030680697,2.2772707974714423,2.428428333712418,0.9837468291751472,2024,6,2,June
2024-06-07,0.7061166329590628,764818566.9939431,14399593.216326945,kava,Kava,209920658,0.0188274629274801,1.6587658850602427,1.7952370405430518,-5.239849300956257,2024,6,2,June
2024-06-08,0.6468690868332991,700067575.2142082,16683295.921420312,kava,Kava,199550835,0.023830979339838,-8.390617549607915,-8.466189835614657,-4.939877332129927,2024,6,2,June
2024-06-09,0.6430182737517702,695844212.341558,9941702.238423722,kava,Kava,209616189,0.0142872528966926,-0.5953002176035782,-0.6032793150515525,5.044004952422276,2024,6,2,June
2024-06-10,0.6458415986913442,698931302.23944,8784294.173645325,kava,Kava,199738331,0.012568179655854,0.439073826487224,0.4436467018233525,-4.712354540516905,2024,6,2,June
2024-06-11,0.6331056620668147,686334615.9337187,6580302.975295512,kava,Kava,191407701,0.009587601765275,-1.9719907559897052,-1.8022781731710011,-4.17077180844172,2024,6,2,June
2024-06-12,0.590469819939625,638693972.1983223,18209712.60793225,kava,Kava,184996762,0.0285108571562938,-6.73439595975216,-6.941314430219148,-3.3493631481420927,2024,6,2,June
2024-06-13,0.6024745046803909,652163958.8726981,13336500.870479405,kava,Kava,187069906,0.0204496134584503,2.033073382479289,2.108989165501818,1.1206379925720045,2024,6,2,June
2024-06-14,0.5655703549095462,612887392.2731034,9294709.02203123,kava,Kava,180546414,0.0151654433411635,-6.1254292893974105,-6.022498800376286,-3.4871947816128124,2024,6,2,June
2024-06-15,0.5514695053744374,596981629.2745516,8701670.143380266,kava,Kava,177483264,0.0145761104139075,-2.493208742768005,-2.595217849001552,-1.6965997452599637,2024,6,2,June
2024-06-16,0.5580269719810425,603613645.7909737,4679741.372410147,kava,Kava,178343275,0.0077528753782195,1.189089612879446,1.1109247238447306,0.4845589272011619,2024,6,2,June
2024-06-17,0.5593824774184419,605816715.9740887,4690681.161470115,kava,Kava,178357683,0.0077427397392427,0.2429103798670118,0.3649801820215792,0.0080788019621191,2024,6,2,June
2024-06-18,0.5009146142625592,541732705.5952333,18725411.3528439,kava,Kava,179743880,0.034565775998828,-10.452215705023992,-10.578118544618745,0.7772006098554218,2024,6,2,June
2024-06-19,0.4476946321844197,483990484.9236525,18110709.84728519,kava,Kava,163569740,0.0374195576389111,-10.624561664364563,-10.658802777679089,-8.998437109513823,2024,6,2,June
2024-06-20,0.4584586684368114,495289322.0869895,8529141.829438549,kava,Kava,172877172,0.0172205243462538,2.404325510866867,2.3345163831308247,5.69019184110704,2024,6,2,June
2024-06-21,0.4639015088951724,503070883.54118925,9529727.03597541,kava,Kava,172466004,0.01894310990311,1.1872041763152374,1.57111431787198,-0.237838226553122,2024,6,2,June
2024-06-22,0.4604746954757341,499186698.4510244,7342290.622096715,kava,Kava,172013591,0.0147085061458565,-0.7386941740283648,-0.7720949904362451,-0.2623201033868705,2024,6,2,June
2024-06-23,0.4663187618779175,504743777.2334552,4405478.401042412,kava,Kava,171380475,0.0087281480223277,1.269139533529784,1.113226534215439,-0.3680616143872051,2024,6,2,June
2024-06-24,0.4529086394073853,489813407.3605419,5251148.682462189,kava,Kava,157882145,0.0107207124254908,-2.875741567104917,-2.958009696473718,-7.876235609686577,2024,6,2,June
2024-06-25,0.4561532382195953,494226676.8274115,8421668.029105524,kava,Kava,169532939,0.0170400919739232,0.7163914595348597,0.9010103440515004,7.379424696820536,2024,6,2,June
2024-06-26,0.4647433431557219,503069430.13001424,5186441.139934422,kava,Kava,169900568,0.0103095931283163,1.88316210790358,1.7892100360439978,0.2168481253073784,2024,6,2,June
2024-06-27,0.452617691893003,489907543.4488071,4585379.797036318,kava,Kava,166418452,0.0093596840023253,-2.6091070353763013,-2.616316137079844,-2.049502271234316,2024,6,2,June
2024-06-28,0.4519800390386696,489626062.1810383,6205395.721470386,kava,Kava,165830954,0.0126737447223059,-0.1408811157306955,-0.0574559978781308,-0.3530245552338162,2024,6,2,June
2024-06-29,0.4373422480034639,472948397.4590155,4414008.38198525,kava,Kava,155536782,0.009332959802169,-3.2385923649060344,-3.4062044507459865,-6.207629969975326,2024,6,2,June
2024-06-30,0.4278143203753568,462965610.8415375,4361886.859713911,kava,Kava,152527114,0.0094216217307917,-2.178597579265118,-2.1107559875690463,-1.935020103476226,2024,6,2,June
2024-07-01,0.4416886153318763,477332928.064578,4302615.453444383,kava,Kava,154861548,0.0090138668431906,3.2430646417694664,3.1033227709775124,1.5305042748006148,2024,7,3,July
2024-07-02,0.4347024200452344,470983786.28414935,8357931.710878798,kava,Kava,159141202,0.0177456888204562,-1.5817014621019032,-1.3301285972816212,2.7635355937420947,2024,7,3,July
2024-07-03,0.4323278708814805,467859296.58841854,5881559.7142368,kava,Kava,170155524,0.0125712148013826,-0.5462470541357511,-0.6633964452113394,6.921100168641425,2024,7,3,July
2024-07-04,0.4101975258125547,444052284.7319235,4612887.05894956,kava,Kava,164052940,0.0103881619745169,-5.118880035146434,-5.088498193814528,-3.586474218727098,2024,7,3,July
2024-07-05,0.3664823514803872,398332070.7498234,11288402.80258201,kava,Kava,156374469,0.0283391763593943,-10.65710336637763,-10.296133035257691,-4.680483629247978,2024,7,3,July
2024-07-06,0.3616049336183726,391427743.34184766,13726367.761836296,kava,Kava,148554348,0.0350674370821195,-1.3308738721830804,-1.7333094458045983,-5.000893720061173,2024,7,3,July
2024-07-07,0.3917630358745198,424370380.01439583,5239726.321320181,kava,Kava,153920674,0.0123470594746561,8.34006935535212,8.416019874140135,3.6123654892955326,2024,7,3,July
2024-07-08,0.3690277831610908,398558209.599787,5403335.607986335,kava,Kava,150653612,0.0135572056423379,-5.803317472940705,-6.082462780209408,-2.122562171212949,2024,7,3,July
2024-07-09,0.3758199918684017,406605449.2902553,8285519.361033969,kava,Kava,141630062,0.020377295423602,1.8405683846156151,2.019087675687037,-5.989600833466902,2024,7,3,July
2024-07-10,0.3806942781746985,412798787.29598135,10017277.874279097,kava,Kava,142846249,0.0242667328067913,1.2969736607315818,1.5231812599995287,0.8587068188955493,2024,7,3,July
2024-07-11,0.3881637861397394,421436728.8747641,8845766.735519435,kava,Kava,158259443,0.0209895486782503,1.9620751855937035,2.092530754599631,10.790058617499998,2024,7,3,July
2024-07-12,0.3786519989690398,409678679.535191,7685121.74264294,kava,Kava,155899651,0.0187589008814474,-2.4504571292684574,-2.789991601103936,-1.491090803346251,2024,7,3,July
2024-07-13,0.3838325733464393,415577573.5457154,9280406.08809764,kava,Kava,156653800,0.0223313448050554,1.3681624265829084,1.439883085255289,0.4837400181223028,2024,7,3,July
2024-07-14,0.3945168230080169,427263998.3927196,10007981.424918393,kava,Kava,164227493,0.0234234137736069,2.783570338605501,2.8120922761291967,4.834669187724772,2024,7,3,July
2024-07-15,0.4012203449900701,435564716.8923747,10236522.836597148,kava,Kava,164462930,0.0235017264704811,1.699172656552839,1.9427610402188435,0.1433602837741743,2024,7,3,July
2024-07-16,0.4178397949242514,452076831.3113601,8114968.051554044,kava,Kava,168480549,0.0179504179146154,4.142225124349741,3.790966939837204,2.4428720806567217,2024,7,3,July
2024-07-17,0.4221234177321322,456917051.1253756,9349823.659256414,kava,Kava,159588480,0.0204628468914172,1.0251830629625314,1.0706630994504085,-5.277801534229331,2024,7,3,July
2024-07-18,0.4150285935689455,449675786.40596265,7490728.93575735,kava,Kava,157740571,0.0166580660160224,-1.6807464038133155,-1.5848094750628985,-1.1579212985799447,2024,7,3,July
2024-07-19,0.4131824625216652,446921318.687561,9225971.937310517,kava,Kava,165159141,0.0206433919160618,-0.4448202065802098,-0.6125452607570248,4.703019618205895,2024,7,3,July
2024-07-20,0.4267210380831988,462281471.0821494,8637466.521363527,kava,Kava,156100401,0.0186844315891445,3.2766578423748305,3.436880666085762,-5.4848553614116895,2024,7,3,July
2024-07-21,0.4255728581570325,460820310.30381,6366056.690945938,kava,Kava,169308333,0.0138146182982883,-0.2690703817472495,-0.3160759990918471,8.46117749562989,2024,7,3,July
2024-07-22,0.4316355793860259,467478136.10830027,7105291.89273338,kava,Kava,169761369,0.0151991961632346,1.4246024183140582,1.444776989126395,0.2675804503963874,2024,7,3,July
2024-07-23,0.4128176319038543,447021690.0487227,7150083.397457492,kava,Kava,166538803,0.0159949361666951,-4.359684043873058,-4.375915038481814,-1.8982917132342347,2024,7,3,July
2024-07-24,0.4111202489015571,445404132.370544,13517891.19993988,kava,Kava,167747515,0.0303497211128117,-0.4111701805150969,-0.3618521682924203,0.725784008427155,2024,7,3,July
2024-07-25,0.4001057916086641,432837076.41568977,5560807.367386262,kava,Kava,150276268,0.0128473452723485,-2.679132765248537,-2.8214951414953005,-10.415204660408827,2024,7,3,July
2024-07-26,0.3923090440937009,424479184.397917,7011997.019157335,kava,Kava,161924296,0.0165190597722787,-1.948671496010024,-1.9309556581853515,7.751076171255455,2024,7,3,July
2024-07-27,0.420011584609657,454069528.79808015,11582894.521516778,kava,Kava,167019389,0.0255090768855964,7.061407564526978,6.9709765490937325,3.1465895642986075,2024,7,3,July
2024-07-28,0.4279037334822029,463669111.98898697,11392238.58161706,kava,Kava,169323811,0.0245697595268922,1.879031236693307,2.114121865062568,1.3797332236678228,2024,7,3,July
2024-07-29,0.4143977294394361,448732706.35505,4831462.127712807,kava,Kava,164317664,0.0107669043492675,-3.156318345918008,-3.221350149865443,-2.9565522831281,2024,7,3,July
2024-07-30,0.4158807490029342,450338590.8814088,6229741.067491903,kava,Kava,165650940,0.0138334604087537,0.3578734771313208,0.3578710674786878,0.8114015058052537,2024,7,3,July
2024-07-31,0.4034559582699118,436884342.8448731,7871732.851416094,kava,Kava,151777494,0.0180178872974881,-2.987584965837109,-2.987584965837131,-8.375108526398945,2024,7,3,July
2024-08-01,0.4014458671383148,434094643.3965216,10670682.424874336,kava,Kava,150995850,0.024581465326047,-0.498218229374181,-0.6385441579768503,-0.5149933494092318,2024,8,3,August
2024-08-02,0.3823307491854394,413600783.5930734,16084818.191425089,kava,Kava,146651575,0.0388897188532658,-4.761568001468419,-4.721057980143772,-2.877082383390006,2024,8,3,August
2024-08-03,0.3534212565494478,382911939.3994017,12262312.817230623,kava,Kava,150750631,0.0320238455778216,-7.561383095025365,-7.419919258147567,2.79509851837596,2024,8,3,August
2024-08-04,0.3344846883015072,362158674.9037333,9652222.898358166,kava,Kava,146397557,0.0266519168729669,-5.358072808869407,-5.419853068102276,-2.887599190214996,2024,8,3,August
2024-08-05,0.3101305682371496,335699800.3743109,11039451.45047035,kava,Kava,142405883,0.0328848913170671,-7.281086673362058,-7.305878987009084,-2.726598777874412,2024,8,3,August
2024-08-06,0.2821420010605479,305518868.94058555,25307727.824426908,kava,Kava,131626873,0.0828352366980925,-9.024768933838034,-8.990452600827615,-7.569216785798094,2024,8,3,August
2024-08-07,0.3002243808613914,325099456.6262187,12588011.034461834,kava,Kava,139447659,0.0387204923843807,6.4089641857197455,6.408961827310566,5.94163321041592,2024,8,3,August
2024-08-08,0.2952531549765386,319716340.0742088,10257776.028533196,kava,Kava,139635981,0.0320839905340849,-1.6558368346333618,-1.655836834633373,0.1350485202480156,2024,8,3,August
2024-08-09,0.3279544874104884,355393747.1367023,11198018.20492252,kava,Kava,136616869,0.031508765404967,11.075692802181347,11.159081532777604,-2.1621304039107225,2024,8,3,August
2024-08-10,0.3297801572408038,357067501.8215618,13978583.338519482,kava,Kava,145365480,0.039148293438099,0.556683899870003,0.4709578315162943,6.403756039819641,2024,8,3,August
2024-08-11,0.336934123113404,364714616.3994696,7854212.894883094,kava,Kava,153874606,0.0215352293045486,2.1693136216732523,2.1416439577660817,5.85360843578544,2024,8,3,August
2024-08-12,0.3119440782803583,337444098.21410155,8273717.98977519,kava,Kava,140657851,0.0245187811360851,-7.416893427750171,-7.477221081674124,-8.589302253030628,2024,8,3,August
2024-08-13,0.3292736951540352,356670546.722089,13581260.18700301,kava,Kava,143116399,0.0380778853533574,5.555360104673013,5.697669216839785,1.7478924798872475,2024,8,3,August
2024-08-14,0.3348229174917531,362564592.9764384,10051192.514584552,kava,Kava,135805337,0.0277224878250528,1.6852917252080823,1.6525183558097067,-5.108472579721635,2024,8,3,August
2024-08-15,0.3257858321432944,352742410.72685975,9753929.898965238,kava,Kava,132972634,0.0276517073148826,-2.6990641549144434,-2.709084792021299,-2.0858554329127754,2024,8,3,August
2024-08-16,0.3210687358520434,347716856.26208586,14054287.322579348,kava,Kava,140170408,0.040418769091787,-1.447913268731782,-1.424709451414774,5.412973920633935,2024,8,3,August
2024-08-17,0.3091450462899215,334551181.8671324,11195117.672607591,kava,Kava,140974426,0.0334630940776462,-3.713749808270528,-3.786320437980151,0.5736003850399074,2024,8,3,August
2024-08-18,0.3118017319135439,337349095.3242755,5853944.479816913,kava,Kava,132246418,0.0173527795418862,0.8593654194060107,0.8363185093317904,-6.191199530048097,2024,8,3,August
2024-08-19,0.3139703496690528,339990492.5123351,6925635.051938827,kava,Kava,142279238,0.0203700844713696,0.6955117735235161,0.7829862965900602,7.5864587878667455,2024,8,3,August
2024-08-20,0.3264427217053596,353511488.36393005,9880258.95216784,kava,Kava,143292261,0.0279489048514213,3.972468116640182,3.976874691901688,0.7119963630955128,2024,8,3,August
2024-08-21,0.3346462725449909,362575297.73969966,9841561.474151814,kava,Kava,137074527,0.0271434969108603,2.513013859453017,2.563936300264924,-4.339197355536184,2024,8,3,August
2024-08-22,0.3437583520208393,372312662.8537507,12127001.48558766,kava,Kava,139098823,0.0325720897931191,2.7228988407822063,2.685611836976753,1.476784960928601,2024,8,3,August
2024-08-23,0.3464270780391213,374676102.869346,9803851.558569036,kava,Kava,138869719,0.0261662045790728,0.7763377973490471,0.6347997936679395,-0.1647059227812497,2024,8,3,August
2024-08-24,0.3658870530659299,396908763.2978909,9089018.757711193,kava,Kava,152303096,0.0228995164586215,5.617336594170919,5.933834652992975,9.67336658901139,2024,8,3,August
2024-08-25,0.3708463488079566,400933517.1911092,9004164.401324503,kava,Kava,151399864,0.0224579986836884,1.3554171158751016,1.0140249511693566,-0.5930490080122808,2024,8,3,August
2024-08-26,0.3627040410116514,392991969.562193,7372078.68880446,kava,Kava,144119067,0.0187588532585467,-2.1956014458488493,-1.9807642136166703,-4.808985165270685,2024,8,3,August
2024-08-27,0.3448349316881995,373536875.39424807,19409959.98210733,kava,Kava,142193114,0.0519626341084027,-4.926636404053141,-4.950506797789944,-1.3363623843054673,2024,8,3,August
2024-08-28,0.3171257455321244,343377453.20666426,11872157.15238215,kava,Kava,142555734,0.0345746555037695,-8.03549281403132,-8.074014688844889,0.2550193815995971,2024,8,3,August
2024-08-29,0.3127748164365485,340042957.5562092,11297055.138688672,kava,Kava,142375817,0.0332224352472327,-1.3719886060575948,-0.9710875362711092,-0.1262081818469651,2024,8,3,August
2024-08-30,0.3167185466591614,342951499.1749353,7352103.439218535,kava,Kava,135783994,0.021437735239257,1.260884833230458,0.8553453480198314,-4.629875451390742,2024,8,3,August
2024-08-31,0.315685098360325,341548931.26610297,6293697.998039181,kava,Kava,142329148,0.0184269292681104,-0.3262986363563147,-0.4089697558420258,4.82026916957532,2024,8,3,August
2024-09-01,0.3059492344898308,330668682.07694024,8108562.218708693,kava,Kava,139134941,0.0245217120889059,-3.0840429025831284,-3.185560894256134,-2.2442395285047323,2024,9,3,September
2024-09-02,0.2901699606416962,314211922.7997034,9612255.526280452,kava,Kava,137768179,0.0305916320444907,-5.157481068532976,-4.976812189733659,-0.982328371418939,2024,9,3,September
2024-09-03,0.3045997996493745,330371848.992984,8573860.294358525,kava,Kava,138310592,0.0259521515543553,4.972892085647818,5.14300222897075,0.3937142843413843,2024,9,3,September
2024-09-04,0.288523930896878,314690004.66894186,8616250.915068807,kava,Kava,130041650,0.0273801226198246,-5.277701682995661,-4.746725355638626,-5.978531275464427,2024,9,3,September
2024-09-05,0.2944666945613883,318825172.6679365,7512098.250902845,kava,Kava,130042038,0.02356181034277,2.0597125673551986,1.3140449132932996,0.0002983659465938,2024,9,3,September
2024-09-06,0.286034280225627,310185126.17582285,8760483.010177478,kava,Kava,134093773,0.0282427565698677,-2.86362243727476,-2.709963714537822,3.115711705471736,2024,9,3,September
2024-09-07,0.2782772903750874,301189803.53924394,6994884.73887019,kava,Kava,129379155,0.0232241751104259,-2.7119091615245616,-2.899985162886265,-3.515911212372258,2024,9,3,September
2024-09-08,0.2800668270779048,303150997.74472404,8470048.550439244,kava,Kava,131037008,0.027940031909681,0.6430768031431056,0.651148937458812,1.2813911174485604,2024,9,3,September
2024-09-09,0.2870608245055925,311683127.0874337,6657273.410668117,kava,Kava,125286497,0.0213591074784122,2.497260207736862,2.814481695981197,-4.38846329580419,2024,9,3,September
2024-09-10,0.3012196557903923,326177133.559893,11101474.873140844,kava,Kava,131947883,0.0340351107754841,4.932345369377944,4.650237761633291,5.316922541141844,2024,9,3,September
2024-09-11,0.3085117564552222,333907807.60816973,9723491.32829975,kava,Kava,133375441,0.0291202874169086,2.420858175969842,2.3700846113595464,1.08191049946591,2024,9,3,September
2024-09-12,0.3030227281880837,328196578.8435497,5735423.566518572,kava,Kava,133470079,0.0174755738975957,-1.7791958174323774,-1.710420851051786,0.0709560915341134,2024,9,3,September
2024-09-13,0.3149306570505059,341010632.77736443,7762924.387149058,kava,Kava,134796961,0.0227644643333371,3.929714755597824,3.9043837626117073,0.9941419155075292,2024,9,3,September
2024-09-14,0.3183669524369527,344988073.01057166,13022675.70808564,kava,Kava,143179554,0.0377481911024981,1.0911276211180931,1.166368391745709,6.218680998305293,2024,9,3,September
2024-09-15,0.3141161314801632,340044488.6086184,12427692.876227517,kava,Kava,137512272,0.0365472557049187,-1.3351954165630064,-1.4329725543299587,-3.958164306057277,2024,9,3,September
2024-09-16,0.3032888078947263,328747298.974225,5973618.944946183,kava,Kava,136201629,0.0181708533076481,-3.446917397848026,-3.3222681186861225,-0.9531098431709406,2024,9,3,September
2024-09-17,0.2956853918361534,320634896.17374474,12633152.776495827,kava,Kava,131968209,0.039400429982051,-2.5069886723983914,-2.467671316477127,-3.108200710286657,2024,9,3,September
2024-09-18,0.3055361904780782,330982253.88472974,8428022.564735657,kava,Kava,134368505,0.0254636690209707,3.3315134646162647,3.2271464629907376,1.818844112675655,2024,9,3,September
2024-09-19,0.3300990095897674,356636554.7833441,38910002.15802415,kava,Kava,135724998,0.1091026750795691,8.03925030067807,7.750959635300836,1.0095319584005225,2024,9,3,September
2024-09-20,0.3888314615770492,420253925.4531933,88637176.73675033,kava,Kava,149200463,0.2109133820491166,17.792374494025864,17.83815198318539,9.928506316868768,2024,9,3,September
2024-09-21,0.3788174753503837,409896994.5156188,45957371.1830637,kava,Kava,148162210,0.1121193172869495,-2.575405340414083,-2.4644459718979994,-0.6958778673495147,2024,9,3,September
2024-09-22,0.3913266635061566,424187704.4717549,15343831.937707566,kava,Kava,150711984,0.0361722694362756,3.3021676585016646,3.486414915782343,1.7209341032372594,2024,9,3,September
2024-09-23,0.3733446825733423,403816849.3570337,14044693.622559372,kava,Kava,147339394,0.0347798603374813,-4.595133071613811,-4.802320977240305,-2.2377716160912557,2024,9,3,September
2024-09-24,0.3769365101842336,408124401.7135349,13426557.244419852,kava,Kava,147697506,0.0328981976770995,0.962067434879188,1.066709416251399,0.2430524452951221,2024,9,3,September
2024-09-25,0.3839128723267901,415429763.72422135,16521308.503926972,kava,Kava,152468723,0.0397691979405078,1.850805627490626,1.7899841273921524,3.230397810508734,2024,9,3,September
2024-09-26,0.3787840022596661,409283251.3585732,20994919.416522104,kava,Kava,151526379,0.0512967959153756,-1.3359463661740012,-1.4795551263699136,-0.6180572523061034,2024,9,3,September
2024-09-27,0.3862873319052082,418293066.8103586,23340686.58906467,kava,Kava,148514832,0.0557998409274295,1.9808992990148375,2.201364317224863,-1.9874737454130045,2024,9,3,September
2024-09-28,0.3973189681146047,430180313.8268576,18973820.892870765,kava,Kava,151132083,0.0441066694198086,2.8558110241377443,2.8418465328970743,1.762282571211471,2024,9,3,September
2024-09-29,0.4003391903059198,433398954.2764128,13223859.324663296,kava,Kava,154661945,0.0305119779228387,0.7601505172650125,0.7482072856664024,2.335613941084902,2024,9,3,September
2024-09-30,0.3884228007539307,420558673.51940393,16850884.636857476,kava,Kava,153660271,0.0400678566342301,-2.976573325954724,-2.9626930638184223,-0.6476538233112228,2024,9,3,September
2024-10-01,0.3608748891688989,390646716.4132989,17030007.639533486,kava,Kava,149653320,0.0435943959695695,-7.092248841098192,-7.112433767157822,-2.6076688358827598,2024,10,4,October
2024-10-02,0.334299615753538,362260819.0001079,31017615.926689893,kava,Kava,139569324,0.085622331480128,-7.364123748417139,-7.26638577019526,-6.738237414311953,2024,10,4,October
2024-10-03,0.3192069654697984,345653171.86026865,21290133.4646746,kava,Kava,136789203,0.0615939189855928,-4.514707637255144,-4.584444761561224,-1.991928398248888,2024,10,4,October
2024-10-04,0.3102653631840747,335937937.6352456,14445935.459719794,kava,Kava,137822859,0.0430017983720698,-2.801192722271495,-2.8106885791722047,0.7556561317196842,2024,10,4,October
2024-10-05,0.3348345838054936,362577213.1761947,9904527.220326532,kava,Kava,141083957,0.0273170151360654,7.918776485160661,7.929820528300513,2.366151757162438,2024,10,4,October
2024-10-06,0.3303813623249494,357501865.66464734,12084873.413595423,kava,Kava,141678453,0.0338036653071107,-1.3299765603457026,-1.3997977057319977,0.42137746391675,2024,10,4,October
2024-10-07,0.3434071935013844,371922086.2950034,4768348.663024874,kava,Kava,135873133,0.0128208268310333,3.942665253502797,4.03360709839844,-4.097532036152318,2024,10,4,October
2024-10-08,0.3356844459626223,363497490.4337394,21011035.82777965,kava,Kava,136734785,0.0578024233474307,-2.2488601534582986,-2.265150732291199,0.6341592196891455,2024,10,4,October
2024-10-09,0.329999870663491,357451801.48423487,34276234.58523241,kava,Kava,137283045,0.095890507315695,-1.6934282679764825,-1.6631996392301396,0.4009660014457905,2024,10,4,October
2024-10-10,0.3281900891474543,355382190.70063263,28721826.927431315,kava,Kava,136672420,0.0808195449265662,-0.5484188561643899,-0.5789901673480591,-0.444792727317489,2024,10,4,October
2024-10-11,0.3233686788660068,349860270.7110167,22924695.478966523,kava,Kava,134546266,0.0655252893744606,-1.4690907619947402,-1.55379761116603,-1.5556569496610997,2024,10,4,October
2024-10-12,0.3442162989280797,372389227.8967118,42392816.89027546,kava,Kava,136088726,0.1138400730056396,6.447012782803085,6.439415695846162,1.1464160588447792,2024,10,4,October
2024-10-13,0.3478788026851855,376552581.6915025,26951406.78878589,kava,Kava,138618638,0.0715740857962469,1.0640122993917478,1.1180113394540614,1.85901659480594,2024,10,4,October
2024-10-14,0.3408742748132787,368818085.7603265,12140695.0696946,kava,Kava,142179791,0.0329178409043208,-2.0134966022191114,-2.054028124420804,2.569028993056466,2024,10,4,October
2024-10-15,0.359810255241408,389501057.0578384,12229658.312338565,kava,Kava,139565670,0.0313982673236302,5.555121588011236,5.607905928711054,-1.838602365085762,2024,10,4,October
2024-10-16,0.3792188757767037,410670713.8475749,56286249.34414572,kava,Kava,143557726,0.1370593213643108,5.394126557697443,5.435070433350031,2.860342375026748,2024,10,4,October
2024-10-17,0.3695265825331331,400217510.18177056,17941661.51936657,kava,Kava,149431912,0.0448297764663466,-2.555857279972995,-2.5453978852955528,4.091863366517812,2024,10,4,October
2024-10-18,0.3604479465521895,390312746.54132414,11958999.494693886,kava,Kava,148701765,0.0306395309931999,-2.456828929250199,-2.4748451500654967,-0.4886151761211432,2024,10,4,October
2024-10-19,0.3661999392291561,396541317.6438075,10460621.196913058,kava,Kava,145231297,0.0263796500679137,1.5957901083877737,1.5957898269212345,-2.3338445243067607,2024,10,4,October
2024-10-20,0.3689376653898906,399423535.0022569,10400336.556894347,kava,Kava,146388653,0.0260383669100409,0.747604209464714,0.7268391035706312,0.7969053667543857,2024,10,4,October
2024-10-21,0.3837580229770498,415417370.4881504,29579416.11766628,kava,Kava,148635323,0.0712040906785096,4.017035661430013,4.004229617016231,1.534729607765439,2024,10,4,October
2024-10-22,0.3666646402874082,396747426.967568,23919875.320885204,kava,Kava,145991613,0.0602899318181098,-4.454208554921568,-4.494261638275654,-1.778655266218243,2024,10,4,October
2024-10-23,0.3643178400264093,394263607.3773059,11519863.326436743,kava,Kava,142664226,0.029218682908799,-0.6400399719916794,-0.6260455447049784,-2.2791631187744965,2024,10,4,October
2024-10-24,0.3488507799718369,377630525.3338553,19286276.76780841,kava,Kava,140626830,0.0510718161641138,-4.2454852206664455,-4.218771840012359,-1.4281057396967944,2024,10,4,October
2024-10-25,0.3509622956115522,379673975.0834402,16073375.949033652,kava,Kava,141894831,0.0423346792349969,0.6052776031877372,0.5411240915385029,0.9016778661653736,2024,10,4,October
2024-10-26,0.320133264136852,345651316.3422075,10103484.05572326,kava,Kava,140168773,0.0292302779652094,-8.784143442240854,-8.961019446685958,-1.2164347269281397,2024,10,4,October
2024-10-27,0.3219513015223593,348557957.04466164,9348717.570545187,kava,Kava,139448666,0.0268211279691064,0.5679001806978778,0.8409170065409199,-0.5137428148850209,2024,10,4,October
2024-10-28,0.3286173293417437,355952615.10932434,10134698.134244706,kava,Kava,136838219,0.0284720429182182,2.070508113451908,2.121500288606293,-1.8719770327526808,2024,10,4,October
2024-10-29,0.3268544123077892,354069842.0815637,21318985.722978808,kava,Kava,141614597,0.0602112441930814,-0.5364650237666524,-0.5289392317520569,3.490529206610038,2024,10,4,October
2024-10-30,0.3479926172749262,376694485.6525224,18658360.070961963,kava,Kava,144958004,0.0495318110076428,6.467162189394515,6.389881566289102,2.360919757445634,2024,10,4,October
2024-10-31,0.3505271437734662,379821557.6301274,17586193.92581551,kava,Kava,145574956,0.0463012000570569,0.7283276634968416,0.8301347900509182,0.4256074055765779,2024,10,4,October
2024-11-01,0.3269241192926264,354055406.30922127,12096126.035571376,kava,Kava,141421815,0.0341645003014217,-6.733579667112366,-6.783751686363571,-2.852922723878415,2024,11,4,November
2024-11-02,0.3222004227820102,348842330.62302685,12727033.203558628,kava,Kava,136180507,0.0364836262297306,-1.4448907963220736,-1.472389799251217,-3.706152406543506,2024,11,4,November
2024-11-03,0.3179985860270541,344041372.0531869,6272834.361322888,kava,Kava,135150938,0.0182327907945708,-1.3041065305488209,-1.3762545850629635,-0.7560325796114098,2024,11,4,November
2024-11-04,0.3055246324939128,331438440.24445826,10960978.053636417,kava,Kava,132609836,0.0330709318012477,-3.922644339078929,-3.66320240310527,-1.8801956076693995,2024,11,4,November
2024-11-05,0.294240887723295,318655400.0549884,9954688.789858336,kava,Kava,132385635,0.0312396676414098,-3.6932356905273744,-3.8568369378161216,-0.169068152682128,2024,11,4,November
2024-11-06,0.311112666606666,336889675.7527627,9354291.530404983,kava,Kava,135585861,0.0277666316413624,5.734002168739116,5.722255356296402,2.417351399190704,2024,11,4,November
2024-11-07,0.3426915176793244,371099658.01873374,14997053.615501009,kava,Kava,143091306,0.0404124695117448,10.150294238126612,10.154654395249896,5.535566131043712,2024,11,4,November
2024-11-08,0.3418620240855859,369973942.515804,13447760.631524775,kava,Kava,141964424,0.0363478588250855,-0.2420525606690593,-0.3033458745124839,-0.7875265321849789,2024,11,4,November
2024-11-09,0.3438391967839795,372142621.12576574,18180664.771422774,kava,Kava,142038746,0.048854024611383,0.5783540022270994,0.586170635481742,0.0523525527775792,2024,11,4,November
2024-11-10,0.3569995876229681,387012619.4516107,23526264.86249215,kava,Kava,145545018,0.0607893998284304,3.827484173439588,3.995779435545921,2.4685320722276805,2024,11,4,November
2024-11-11,0.3740998343536732,405070426.05278784,24094923.115302444,kava,Kava,152520425,0.0594832936832629,4.789990611631989,4.665947747844679,4.792611314253303,2024,11,4,November
2024-11-12,0.4010726283535329,435063498.327369,24234683.6535032,kava,Kava,154068145,0.0557037851869326,7.2100523771843505,7.404409294168635,1.0147624490293603,2024,11,4,November
2024-11-13,0.4110664894859849,444405632.327373,67041347.26197853,kava,Kava,157557093,0.1508562051990202,2.491783389327362,2.1473035627949777,2.2645485866010784,2024,11,4,November
2024-11-14,0.3874587230363137,420043991.7802935,63957547.13234904,kava,Kava,152298001,0.1522639256456795,-5.743053022685308,-5.481847837863008,-3.3378960603189123,2024,11,4,November
2024-11-15,0.3790882777709657,408627362.3495225,47216286.38583271,kava,Kava,153095263,0.1155485186169346,-2.160345029724242,-2.7179604170466387,0.5234881579305739,2024,11,4,November
2024-11-16,0.3985598956384302,431284384.041458,17882636.35960642,kava,Kava,156116555,0.0414636769178441,5.136433651274408,5.5446658201404375,1.9734719029157688,2024,11,4,November
2024-11-17,0.4240181291196425,458506088.8876357,41945515.54680336,kava,Kava,163593403,0.0914830065802742,6.38755523568979,6.3117761396992655,4.789272989017723,2024,11,4,November
2024-11-18,0.4460245296831147,482446505.0633494,91555678.79027136,kava,Kava,166343142,0.1897737424344059,5.189966902868637,5.221395474549695,1.6808373379212591,2024,11,4,November
2024-11-19,0.4747062247431651,513070357.9732988,66383440.38072232,kava,Kava,170781441,0.1293846727823965,6.430519657837608,6.347616282540636,2.6681586909065302,2024,11,4,November
2024-11-20,0.4616093823443153,499859232.4203605,55267893.69510947,kava,Kava,170565928,0.1105669158644878,-2.7589363097009656,-2.574914989266597,-0.1261922833875162,2024,11,4,November
2024-11-21,0.4407018915578054,477163990.1049621,26445272.17930984,kava,Kava,167474162,0.0554217684647423,-4.529260363021592,-4.540326724687294,-1.812651586546643,2024,11,4,November
2024-11-22,0.4636227172816972,501960415.1551076,36676866.93839544,kava,Kava,173542075,0.0730672495899146,5.200981925189985,5.196625387571885,3.623193528802382,2024,11,4,November
2024-11-23,0.4777684400325427,516319602.7338615,28602240.86211252,kava,Kava,173548299,0.0553963876456878,3.051128045188212,2.86062150425086,0.0035864501447324,2024,11,4,November
2024-11-24,0.508412500147685,550249203.2292529,36650906.02900494,kava,Kava,180680930,0.0666078311679715,6.413998403296595,6.571433723557574,4.109882402246989,2024,11,4,November
2024-11-25,0.5285067576821444,573653523.0014955,48521381.64849268,kava,Kava,183469826,0.0845830796865274,3.952353163744471,4.253403664174238,1.5435475121807318,2024,11,4,November
2024-11-26,0.5123819195922539,554944750.0235012,37950490.01628725,kava,Kava,178860723,0.0683860690900852,-3.0510183371370125,-3.261336717694241,-2.51218584575319,2024,11,4,November
2024-11-27,0.5319498801736093,575607505.7794328,56755150.352232486,kava,Kava,176982351,0.0986004348143099,3.8190185549340505,3.723389716734249,-1.050186965866173,2024,11,4,November
2024-11-28,0.5570320348856301,602638474.6262069,30669502.270095363,kava,Kava,186628957,0.0508920415164638,4.715134949148769,4.6960765061899945,5.450603376830498,2024,11,4,November
2024-11-29,0.5526872786690503,597945020.2581813,31455773.68333182,kava,Kava,184792322,0.0526064648381047,-0.7799831866890483,-0.778817577310631,-0.9841104132623956,2024,11,4,November
2024-11-30,0.6032849731910566,654824426.3308477,30902396.54811952,kava,Kava,194532305,0.0471918812211598,9.154850577319728,9.512480938148292,5.2707725594789645,2024,11,4,November
2024-12-01,0.6142044531448534,664931125.8748919,34155770.43374083,kava,Kava,201855572,0.0513673809280621,1.8100036365962469,1.5434212802162284,3.764550571690384,2024,12,4,December
2024-12-02,0.610320677807722,661010525.8848985,27823520.209290344,kava,Kava,201526713,0.0420924011339196,-0.6323261443718975,-0.5896249757950112,-0.1629179698839356,2024,12,4,December
2024-12-03,0.6285857013046775,680616463.9608465,49616243.47965583,kava,Kava,202951198,0.0728989763058539,2.992692884429804,2.966055351342778,0.7068467394692135,2024,12,4,December
2024-12-04,0.6946627377428464,752275069.5119907,106986107.02679408,kava,Kava,215691643,0.1422167387471675,10.512017104592264,10.52848547537728,6.27759043826881,2024,12,4,December
2024-12-05,0.7045967699703348,762495830.0435543,88923946.07925142,kava,Kava,213695467,0.1166222064115052,1.430051115130615,1.3586467165785487,-0.9254767464495606,2024,12,4,December
2024-12-06,0.715469324981039,774841254.5400424,90875690.87869118,kava,Kava,213736744,0.1172829793796103,1.543088965787054,1.619080919535376,0.019315805140585,2024,12,4,December
2024-12-07,0.71576325563432,774614089.7149769,70617428.89357957,kava,Kava,217013218,0.0911646584166363,0.0410822159690349,-0.0293175955377256,1.5329484012351235,2024,12,4,December
2024-12-08,0.7108701545347049,771149263.1369439,33037389.22993599,kava,Kava,217302498,0.0428417568546247,-0.6836200463068876,-0.4472971282135973,0.1333006360930477,2024,12,4,December
2024-12-09,0.7164433543265682,774032724.5634242,32267976.060505588,kava,Kava,221789220,0.0416881289853805,0.7839968742971326,0.3739174196640826,2.064735583481414,2024,12,4,December
2024-12-10,0.5701490568553647,617173529.3678054,56533064.11230464,kava,Kava,189092008,0.0915999494829495,-20.41952048096184,-20.26518908281194,-14.742471252660517,2024,12,4,December
2024-12-11,0.5392361799725132,583709094.488494,49229469.70320985,kava,Kava,195875911,0.0843390486254968,-5.421893890932717,-5.422208388229199,3.587620160022831,2024,12,4,December
2024-12-12,0.5816385227869493,630390628.0108435,35999228.74272001,kava,Kava,205676197,0.0571062245267085,7.863408352272927,7.997396984752592,5.003313551915012,2024,12,4,December
2024-12-13,0.5915597560595826,639356459.977806,37652869.23514017,kava,Kava,207402493,0.058891825753113,1.705738682007385,1.422266063068478,0.8393270709881939,2024,12,4,December
2024-12-14,0.583761485274159,631833891.2600977,27390126.404703997,kava,Kava,199041975,0.0433502013481399,-1.3182557984282584,-1.1765844546201,-4.031059549510818,2024,12,4,December
2024-12-15,0.5549301871197834,600521669.6117041,22680308.891777266,kava,Kava,191584126,0.0377676777366623,-4.938883239416747,-4.955767976603176,-3.746872487574549,2024,12,4,December
2024-12-16,0.5701810257977284,617939276.6369908,30926453.095603783,kava,Kava,192477609,0.0500477219443223,2.7482445597527327,2.9004127422327386,0.4663658825261985,2024,12,4,December
2024-12-17,0.5635574160494847,609667613.731405,33667132.161498874,kava,Kava,206034085,0.0552221102174721,-1.1616678648639245,-1.3385883076736271,7.043144431412807,2024,12,4,December
2024-12-18,0.5262655667803888,569975482.904943,23171648.700656988,kava,Kava,193277295,0.0406537638821938,-6.617222701195258,-6.510454210209826,-6.191592036822446,2024,12,4,December
2024-12-19,0.4639939717652587,501820047.9117774,29386723.124262214,kava,Kava,185284461,0.0585602812134531,-11.83273216906402,-11.957608184443991,-4.1354231494185605,2024,12,4,December
2024-12-20,0.4234695100638201,458961972.3388727,28340107.22508674,kava,Kava,176942287,0.0617482687741326,-8.73383366324003,-8.540526778722757,-4.502360292372276,2024,12,4,December
2024-12-21,0.4383815444824486,474852656.6408042,27621195.917737857,kava,Kava,174888855,0.0581679296334474,3.52139506251139,3.4623095723927744,-1.160509471656146,2024,12,4,December
2024-12-22,0.4196485532701464,453612437.5572913,16819292.184616614,kava,Kava,174394228,0.0370785516269984,-4.273216208136288,-4.473012583265323,-0.2828236253247795,2024,12,4,December
2024-12-23,0.4256897656690487,462635742.4564629,13705214.06494682,kava,Kava,174261119,0.0296242006555223,1.4395885204001369,1.989210205029246,-0.0763264940167651,2024,12,4,December
2024-12-24,0.4531950724992819,491033803.8503433,20487212.78442036,kava,Kava,175685633,0.0417226118115982,6.461350271600641,6.138319802766379,0.8174594586414896,2024,12,4,December
2024-12-25,0.4835616587703809,522456149.12041306,14091694.91996102,kava,Kava,183270813,0.0269720146727821,6.700555260593011,6.39922242087565,4.317473131112548,2024,12,4,December
2024-12-26,0.4763518614934608,515819456.22354615,12167288.799940886,kava,Kava,182477156,0.023588270378595,-1.4909778610763702,-1.2702870677357647,-0.4330514974034583,2024,12,4,December
2024-12-27,0.4448145707021987,482255527.5845065,12043145.871527009,kava,Kava,175046447,0.0249725408682156,-6.620587288645452,-6.506914044066936,-4.072131089110131,2024,12,4,December
2024-12-28,0.4544915025084953,491701616.4109657,13934997.70680278,kava,Kava,178604474,0.0283403536651298,2.1754979363693527,1.958731063959429,2.032618805453379,2024,12,4,December
2024-12-29,0.482786283076123,522864541.2187133,11765292.690911874,kava,Kava,178389733,0.0225016075167171,6.225590668133307,6.337771479217902,-0.1202327104079192,2024,12,4,December
2024-12-30,0.4686546449489321,507390136.4343211,11006542.243231395,kava,Kava,174069473,0.0216924639500873,-2.927100173010233,-2.9595437373366007,-2.4218097798262894,2024,12,4,December
2024-12-31,0.4583595807727041,496580042.9115175,16246443.064910658,kava,Kava,172021407,0.0327166653127167,-2.196727224873618,-2.1305289059758703,-1.1765796521943872,2024,12,4,December
2025-01-01,0.4452864022163247,482287348.3683077,14152843.846049828,kava,Kava,169174615,0.0293452521488118,-2.852166531425082,-2.8782257255869026,-1.6549056595031808,2025,1,1,January
2025-01-02,0.462024352509673,500223535.4121479,9735860.60848352,kava,Kava,174967124,0.019463019868631,3.758917903182857,3.718983528081865,3.423982374660639,2025,1,1,January
2025-01-03,0.4740561346086611,513394152.3613129,13401588.800287368,kava,Kava,184940461,0.0261038984153751,2.604144572387268,2.6329462763708955,5.700120555219268,2025,1,1,January
2025-01-04,0.5222998217507284,565600938.7043699,25344024.441498894,kava,Kava,198921239,0.044809021179411,10.17678785696825,10.168948380681051,7.559610225044255,2025,1,1,January
2025-01-05,0.553228439733545,599132707.770756,58803542.70006009,kava,Kava,205725219,0.0981477758389379,5.921621393464194,5.928520759388722,3.420439181961865,2025,1,1,January
2025-01-06,0.5575309637905846,602916188.2208128,26441663.44564709,kava,Kava,206021229,0.0438562837791362,0.7777120169584872,0.6314928898030425,0.1438861027533988,2025,1,1,January
2025-01-07,0.5516304472950222,597036493.7324414,23924115.71220852,kava,Kava,209272333,0.0400714461567402,-1.0583298289740806,-0.9752092584745742,1.578043202528412,2025,1,1,January
2025-01-08,0.4978161504430923,539318373.7040868,15213034.381112557,kava,Kava,198507248,0.0282078918925533,-9.755497927247117,-9.667435849276696,-5.144055521185398,2025,1,1,January
2025-01-09,0.5039979852122936,546509515.74125,16459056.24514698,kava,Kava,197392701,0.0301166873971498,1.241790722076619,1.333376051658286,-0.5614641335413562,2025,1,1,January
2025-01-10,0.5045386475105331,544851192.4147123,24716717.861814,kava,Kava,193590528,0.0453641621894458,0.1072746943644675,-0.3034390580168522,-1.9261973622824116,2025,1,1,January
2025-01-11,0.5011677499407625,542691423.5098499,15750711.371685771,kava,Kava,186266011,0.0290233283397372,-0.6681148384574898,-0.3963961050154951,-3.783510007266466,2025,1,1,January
2025-01-12,0.4958191963679244,537447174.0080833,7790233.069840528,kava,Kava,187453783,0.0144948814443358,-1.0672182265260122,-0.9663409581543548,0.6376751150804383,2025,1,1,January
2025-01-13,0.4821083729134766,521816074.6805104,7787007.4896310335,kava,Kava,184432329,0.014922896912286,-2.765286934206068,-2.9083973427568632,-1.6118394367106492,2025,1,1,January
2025-01-14,0.456888743394734,494664694.50917375,23226912.45066812,kava,Kava,180703340,0.0469548619670841,-5.231112118284809,-5.203247176308334,-2.0218738331933106,2025,1,1,January
2025-01-15,0.4739109478665403,513180866.29643,8759036.423778076,kava,Kava,186234993,0.0170681274362216,3.7256782352153017,3.743176335968101,3.0611791680220213,2025,1,1,January
2025-01-16,0.4998132906073203,541206461.2102846,11478428.15693077,kava,Kava,204772749,0.0212089636388706,5.465656123241613,5.461153514181505,9.953959619178557,2025,1,1,January
2025-01-17,0.494527270063411,535501158.64708567,11302783.89854792,kava,Kava,206201897,0.0211069270645534,-1.0575990361293308,-1.0541822709286053,0.6979190380454359,2025,1,1,January
2025-01-18,0.5176800500018074,561321259.6580417,10998982.67601309,kava,Kava,208363011,0.0195948086532722,4.68180044660178,4.82167042853634,1.0480572833915236,2025,1,1,January
2025-01-19,0.4895156641125356,529741662.4557445,19341862.403991133,kava,Kava,197898194,0.0365118769672132,-5.440500534871573,-5.625939986940032,-5.022396705526589,2025,1,1,January
2025-01-20,0.4431086630335805,481837604.0073606,17949825.39991449,kava,Kava,198513529,0.0372528529334964,-9.480187148472227,-9.04290937328076,0.3109351265732085,2025,1,1,January
2025-01-21,0.4429530501172832,479603860.5502791,29083276.52770524,kava,Kava,196717027,0.0606402052192328,-0.0351184549703842,-0.4635884452570349,-0.9049771111569904,2025,1,1,January
2025-01-22,0.4778589072750186,517646066.4552217,37719368.95492689,kava,Kava,203165529,0.0728671024455466,7.880261158263435,7.932005772700501,3.2780599108993336,2025,1,1,January
2025-01-23,0.4827742831830676,523060799.2759005,24465747.47374947,kava,Kava,195894987,0.0467741943338492,1.0286249420522031,1.0460299365854908,-3.578629719217774,2025,1,1,January
2025-01-24,0.4636415246553316,502266568.045802,30145624.412698623,kava,Kava,189757544,0.0600191737427158,-3.963085689152335,-3.975490279310756,-3.133027084557294,2025,1,1,January
2025-01-25,0.4433835230482577,479797141.46915513,30566096.43355249,kava,Kava,194727006,0.0637062912462505,-4.369324258031815,-4.473605851185747,2.6188481866101787,2025,1,1,January
2025-01-26,0.4503476707469413,487809928.5077484,16431127.347559042,kava,Kava,198919270,0.0336834623227601,1.570682566371695,1.6700364270737067,2.1528929582576684,2025,1,1,January
2025-01-27,0.4387373300074568,475753688.6095861,15478174.41175667,kava,Kava,196751267,0.0325340082112498,-2.578083887994298,-2.471503590556956,-1.0898908889018122,2025,1,1,January
2025-01-28,0.4359429315260385,471982412.7463591,39677417.79249293,kava,Kava,193139165,0.0840654582055695,-0.6369183313785443,-0.7926950339048,-1.8358722945352124,2025,1,1,January
2025-01-29,0.4162021433564609,450662250.92716986,26890894.90089648,kava,Kava,187605407,0.0596697301484038,-4.528296421844491,-4.517151750450188,-2.8651661614049084,2025,1,1,January
2025-01-30,0.413844153079445,448216702.8911034,28796949.122681104,kava,Kava,170840432,0.0642478268590483,-0.5665492873246358,-0.5426565085127733,-8.936296276364786,2025,1,1,January
2025-01-31,0.4312647829807925,467727409.0577592,19425980.82428564,kava,Kava,173726716,0.0415326971395998,4.2094662378867165,4.352962761273105,1.6894618950624052,2025,1,1,January
2025-02-01,0.4522084013677905,489202342.6613228,33422700.191751394,kava,Kava,170189449,0.0683208097694865,4.8563247483926375,4.591335292243182,-2.0361099786172177,2025,2,1,February
2025-02-02,0.4538751455418324,491480434.699154,54556006.52722286,kava,Kava,167871742,0.1110034147353552,0.3685787723095357,0.4656748014406853,-1.3618394169664372,2025,2,1,February
2025-02-03,0.4312855141074109,467620860.9457981,58517164.60315821,kava,Kava,157914293,0.1251380541167536,-4.977058483221031,-4.854633484639315,-5.9315813855079895,2025,2,1,February
2025-02-04,0.536759850604253,580123205.7934529,121638825.65368104,kava,Kava,183008994,0.2096775726930485,24.45580318530567,24.05845295697681,15.8913424005261,2025,2,1,February
2025-02-05,0.482816483066539,522370057.9175097,57605291.85391169,kava,Kava,171155963,0.1102767874628228,-10.04981417238784,-9.955324541267462,-6.476747803990445,2025,2,1,February
2025-02-06,0.4613917591929119,499699872.2666804,41315367.94090634,kava,Kava,166705496,0.0826803652230215,-4.437446654172006,-4.339870807528024,-2.600240693921952,2025,2,1,February
2025-02-07,0.453823590979122,490638864.4747389,30291452.32927947,kava,Kava,164921812,0.0617387951150352,-1.640291154533935,-1.8132899956207813,-1.0699611247370069,2025,2,1,February
2025-02-08,0.4833112292944864,523355405.0906957,22452376.196028177,kava,Kava,169848513,0.042900820317576,6.497599265773046,6.668151054642202,2.9872949734508047,2025,2,1,February
2025-02-09,0.4705524386337644,509370644.4952845,19928350.656956505,kava,Kava,170335985,0.0391234769265173,-2.639870519736653,-2.6721345493676107,0.2870039845447536,2025,2,1,February
2025-02-10,0.4792219922120488,518600161.4768682,14213042.977040598,kava,Kava,167142264,0.0274065533195453,1.842420284433377,1.8119452075470388,-1.874953786189104,2025,2,1,February
2025-02-11,0.4630033527489575,501364265.672549,20131884.31306159,kava,Kava,165231338,0.0401542066147373,-3.384368774109769,-3.323542313452976,-1.1432931170538674,2025,2,1,February
2025-02-12,0.4739060353358952,513262184.0547574,21064462.39788165,kava,Kava,170552217,0.041040355304326,2.354774003731497,2.373108575308636,3.2202601905941157,2025,2,1,February
2025-02-13,0.4992149317801946,540290464.5069923,46821172.7386426,kava,Kava,176681254,0.0866592616646793,5.340488315655456,5.265979316596492,3.593642526499674,2025,2,1,February
2025-02-14,0.4779455621790048,517734865.5685152,21614233.485974945,kava,Kava,174180369,0.041747687713171,-4.260563586378218,-4.174717197546462,-1.41547840723385,2025,2,1,February
2025-02-15,0.4830410449847298,522816355.5212354,13291294.111056777,kava,Kava,171744860,0.0254224910347452,1.066122004040393,0.9814849821134342,-1.3982683662818518,2025,2,1,February
2025-02-16,0.4756276060446594,515196304.43635184,9804693.71549938,kava,Kava,170693754,0.0190309861135866,-1.534743065220201,-1.457500517038446,-0.6120159869704378,2025,2,1,February
2025-02-17,0.4599586262089329,497966815.4453765,11311446.81210279,kava,Kava,167867574,0.0227152622649883,-3.294379812397852,-3.3442571001795485,-1.6557020592563698,2025,2,1,February
2025-02-18,0.4581191899505935,496045043.3222847,10364400.800415983,kava,Kava,166260062,0.0208940718991967,-0.3999134168871654,-0.3859237329646214,-0.9576072148394732,2025,2,1,February
2025-02-19,0.4572360324187229,490533182.5497148,10917811.227865,kava,Kava,164593840,0.0222570289151814,-0.1927789866139173,-1.1111613444726665,-1.0021781418558584,2025,2,1,February
2025-02-20,0.4540995990119209,491817546.8741604,8147698.681186335,kava,Kava,172298398,0.0165665066912935,-0.6859549957624056,0.2618302635042369,4.680951607909512,2025,2,1,February
2025-02-21,0.4592717596828536,497312281.9424244,11587174.283713715,kava,Kava,171448612,0.0232995940467346,1.1389925651083876,1.1172303841509468,-0.4932059786185605,2025,2,1,February
2025-02-22,0.4233437919147838,458396751.4163985,15988646.799840502,kava,Kava,163557604,0.0348794941291299,-7.822812313319605,-7.825169805585297,-4.602549946569412,2025,2,1,February
2025-02-23,0.4374357212284265,474075632.411973,8523638.44269374,kava,Kava,166308221,0.0179794907393313,3.328719963012805,3.420373496785989,1.6817420485078838,2025,2,1,February
2025-02-24,0.4377193524019952,473505316.8723508,6030977.431756084,kava,Kava,166711328,0.0127368737305687,0.0648395089390962,-0.1203005386968714,0.2423854921759893,2025,2,1,February
2025-02-25,0.3968333389784535,428971865.99476427,16522756.274097389,kava,Kava,161668004,0.0385171093581672,-9.340691289790758,-9.405058251878518,-3.025183747561533,2025,2,1,February
2025-02-26,0.4074920031077363,441315024.7849405,27342722.436861213,kava,Kava,161012492,0.0619573794256964,2.685929603777959,2.877381891130115,-0.4054679861081212,2025,2,1,February
2025-02-27,0.4133683694098166,447562846.2229207,17009014.944412053,kava,Kava,157624006,0.0380036347698536,1.4420813800673615,1.4157282410733218,-2.104486402210337,2025,2,1,February
2025-02-28,0.4342972445242405,470246286.4946915,13584443.16007169,kava,Kava,159692950,0.0288879328773286,5.063008363292298,5.06821342817021,1.3125817903651082,2025,2,1,February
2025-03-01,0.4364442166692215,472585482.5128006,35984480.83467433,kava,Kava,159543929,0.0761438558022138,0.4943554609315725,0.4974406146927679,-0.0933172065517018,2025,3,1,March
2025-03-02,0.4231558609284226,457809622.1193386,11062182.67721716,kava,Kava,158969168,0.024163281291483,-3.0446859491484624,-3.126600570736271,-0.3602525044998694,2025,3,1,March
2025-03-03,0.4552267474245529,492436821.1461413,17701417.925876893,kava,Kava,172445043,0.0359465766281998,7.578977265200892,7.563667811633801,8.47703688051007,2025,3,1,March
2025-03-04,0.4052175034206998,439391256.2097366,17613123.00249719,kava,Kava,156644032,0.040085283340481,-10.98556802445828,-10.772054943605102,-9.162925605231807,2025,3,1,March
2025-03-05,0.4168672413312035,451392858.1380279,28997875.25527228,kava,Kava,158546092,0.0642408818227364,2.8749345258190617,2.731415739088461,1.2142562826779058,2025,3,1,March
2025-03-06,0.449837136757392,487970012.9909094,17977522.38138809,kava,Kava,165681810,0.0368414490701972,7.90896768978635,8.103175358990033,4.500721468429503,2025,3,1,March
2025-03-07,0.4385676943551263,474710605.5546398,17762220.29985272,kava,Kava,160002484,0.0374169443277969,-2.5052272214562854,-2.717258660014543,-3.4278512529528737,2025,3,1,March
2025-03-08,0.4236505136734161,458610389.4916589,10377537.20194555,kava,Kava,159308404,0.022628220903256,-3.40134051680312,-3.391585499584493,-0.43379326535955,2025,3,1,March
2025-03-09,0.419174743387159,453746948.5362907,5833582.882558796,kava,Kava,155210259,0.0128564674679949,-1.0564770115462196,-1.0604733487959206,-2.572460019121148,2025,3,1,March
2025-03-10,0.4160844415791113,450873750.88543457,14801279.572930044,kava,Kava,155710678,0.0328279913032484,-0.7372347348689079,-0.6332158618641004,0.3224136105590913,2025,3,1,March
2025-03-11,0.4014933047181621,432411670.507474,17736033.638393287,kava,Kava,148947708,0.0410165470732518,-3.506773001550667,-4.094733912032888,-4.343292372023456,2025,3,1,March
2025-03-12,0.4336392849687036,469026690.46926665,19489680.734755546,kava,Kava,158436662,0.0415534576833055,8.006604312644061,8.467629913600994,6.370661306181358,2025,3,1,March
2025-03-13,0.4366943849744701,472918799.7366429,12800134.981672982,kava,Kava,157999132,0.0270662426378504,0.7045256533865452,0.8298268193398739,-0.2761545178223912,2025,3,1,March
2025-03-14,0.4339713572127641,470073206.1172252,12269773.822671968,kava,Kava,156906969,0.0261018361884939,-0.6235545625037586,-0.601708712151483,-0.6912462025424282,2025,3,1,March
2025-03-15,0.4702276471980593,508997401.2011232,27380571.80579176,kava,Kava,165620094,0.0537931465684884,8.354535243559823,8.280453890450246,5.553051630230654,2025,3,1,March
2025-03-16,0.4665995303046415,505273733.8801031,8270371.606243112,kava,Kava,165168928,0.0163681011928587,-0.7715660521104284,-0.7315690241704753,-0.272410182305538,2025,3,1,March
2025-03-17,0.4803233405400932,519377111.4718225,22922423.29240942,kava,Kava,166613482,0.0441344502599495,2.94123961644186,2.7912350565735045,0.8745918602801606,2025,3,1,March
2025-03-18,0.5039812887488692,545992510.3772131,19623673.13498753,kava,Kava,168996795,0.0359412863034146,4.925421317684475,5.124484371282234,1.430444266208908,2025,3,1,March
2025-03-19,0.4910782810867068,531498805.2089126,11612205.033166587,kava,Kava,162674476,0.0218480360056543,-2.5602156171698254,-2.654561169399039,-3.741088107617663,2025,3,1,March
2025-03-20,0.5052495511799967,545637354.6100472,20997701.417555463,kava,Kava,173233848,0.0384828883875847,2.885745641597137,2.6601281625792783,6.491105586840806,2025,3,1,March
2025-03-21,0.543439099754019,589221041.656918,27222029.80070845,kava,Kava,175247817,0.0462000299991982,7.558551706742089,7.987665558201917,1.1625724552398076,2025,3,1,March
2025-03-22,0.5392555786222462,583336807.5604252,31786284.725096315,kava,Kava,174017643,0.0544904492792591,-0.7698233589865988,-0.9986462940878904,-0.7019625243035121,2025,3,1,March
2025-03-23,0.5268103242829676,570643050.3291901,14286819.778097663,kava,Kava,172718177,0.0250363511302835,-2.307858246191008,-2.176059707996425,-0.7467438229812107,2025,3,1,March
2025-03-24,0.5136064693640939,554207187.7851547,19149591.15129335,kava,Kava,172073167,0.0345531266525488,-2.506377401932125,-2.880235294998157,-0.3734465076018045,2025,3,1,March
2025-03-25,0.4952250278051406,537156582.5805268,22821362.927654117,kava,Kava,172163095,0.0424854943004126,-3.5788960333213216,-3.0765759774371126,0.0522614894395534,2025,3,1,March
2025-03-26,0.4841630943444556,524364007.90312153,11655953.39478456,kava,Kava,168846982,0.0222287441912642,-2.233718580361743,-2.381535494910836,-1.9261462510301697,2025,3,1,March
2025-03-27,0.4703659535593107,509404597.3322423,11648341.78856166,kava,Kava,165238237,0.0228665815926361,-2.8496886578738168,-2.8528675396124914,-2.137287239164276,2025,3,1,March
2025-03-28,0.4700489569105008,509018785.0992594,12402909.72164959,kava,Kava,159135068,0.0243663104088211,-0.0673936211605386,-0.0757378781038542,-3.6935573211181127,2025,3,1,March
2025-03-29,0.4378591702402296,474078567.9314212,12044869.625356676,kava,Kava,135619168,0.0254069060280722,-6.84817744982259,-6.864229413660016,-14.777321111899733,2025,3,1,March
2025-03-30,0.4247782994684917,459716962.44404405,7780242.725750778,kava,Kava,131742593,0.0169239844542342,-2.987460731851544,-3.029372441374445,-2.85842706246362,2025,3,1,March
2025-03-31,0.4200560852297341,454423295.1143308,5311514.397514463,kava,Kava,133073100,0.0116884729603884,-1.111689143411143,-1.1515057659760686,1.0099292641067017,2025,3,1,March
2025-04-01,0.4320947894364842,467699632.7926823,13650979.356869236,kava,Kava,135890738,0.0291874921418215,2.8659754328201226,2.9215794659054994,2.1173610594477754,2025,4,2,April
2025-04-02,0.3866984557719422,418953719.3208531,43854739.54994501,kava,Kava,130184220,0.1046768116082987,-10.506105320951807,-10.42248273336508,-4.199342857347643,2025,4,2,April
2025-04-03,0.3926396176042624,425059512.4108734,61825969.11872531,kava,Kava,128841875,0.1454525009170074,1.5363810596192409,1.4573908306430905,-1.031111912027438,2025,4,2,April
2025-04-04,0.4072499164059716,441512989.9357948,22968836.41005587,kava,Kava,126598781,0.0520230138945538,3.72104549481167,3.870864442392974,-1.7409665918009964,2025,4,2,April
2025-04-05,0.3977724557653916,430801575.64329976,19014753.17678921,kava,Kava,127273136,0.0441380771377058,-2.327185410919108,-2.4260700220966824,0.5326710057342421,2025,4,2,April
2025-04-06,0.3998560519551193,431879115.3778059,10252859.590291036,kava,Kava,140790430,0.023740114363534,0.5238161063008784,0.2501243717358825,10.620696892390558,2025,4,2,April
2025-04-07,0.4028346132751841,435171158.4804278,18574241.169063795,kava,Kava,136099148,0.0426826107546352,0.744908400285782,0.7622603143803364,-3.332102899323486,2025,4,2,April
2025-04-08,0.4230964634526195,456786773.0402036,35450711.6137418,kava,Kava,139275841,0.0776088838514193,5.02981856814626,4.967152380974715,2.334102047427944,2025,4,2,April
2025-04-09,0.4066410206637098,439808978.38336265,18177340.34575557,kava,Kava,133082987,0.0413300801920218,-3.8892886635419783,-3.716787713410141,-4.446466778111214,2025,4,2,April
2025-04-10,0.4343569969175803,470473771.7332528,23848980.45050564,kava,Kava,142323641,0.0506914133866476,6.8158338302007015,6.972298169675151,6.943527650157111,2025,4,2,April
2025-04-11,0.4113435031045207,445319278.1056816,17822227.37378538,kava,Kava,136794076,0.0400212347635124,-5.298290110755688,-5.346630383857665,-3.885204848012569,2025,4,2,April
2025-04-12,0.424854171224391,460017126.57366014,16975711.22979623,kava,Kava,139853490,0.0369023461283631,3.2845220643821227,3.300519243294575,2.2365105927540263,2025,4,2,April
2025-04-13,0.4298338295976072,465611462.1593151,9662315.32948758,kava,Kava,138783208,0.0207518845963922,1.172086497083269,1.2161146319318972,-0.7652880167666853,2025,4,2,April
2025-04-14,0.4197801290880868,454519476.8846535,12876053.178278238,kava,Kava,136954263,0.0283289360150915,-2.3389737654972875,-2.382240596745944,-1.317843150015674,2025,4,2,April
2025-04-15,0.4195681630535265,454282522.4731579,9236843.992210342,kava,Kava,138720275,0.020332818312983,-0.0504945374667276,-0.0521329499716283,1.2894903461311058,2025,4,2,April
2025-04-16,0.4244505384304238,459608150.80696297,11785008.82098985,kava,Kava,140060085,0.0256414269422728,1.1636667904839193,1.1723163604912212,0.9658357439098264,2025,4,2,April
2025-04-17,0.4237855436422509,459124589.9738301,17635872.329602957,kava,Kava,140223853,0.0384119533449693,-0.1566719153265894,-0.1052115442869983,0.1169269603113587,2025,4,2,April
2025-04-18,0.4326197739270568,468301327.3602746,14986637.330861438,kava,Kava,141713603,0.0320021243914431,2.084599254821096,1.9987466554487243,1.0624084049380755,2025,4,2,April
2025-04-19,0.4205956682403935,455252398.5106637,9342456.36096853,kava,Kava,137598501,0.0205214874024429,-2.779370341192644,-2.786438578588968,-2.9038158037658524,2025,4,2,April
2025-04-20,0.4182444989721933,452953083.5782066,7857757.658531542,kava,Kava,133129606,0.0173478400819294,-0.559009387337861,-0.5050637712133321,-3.2477788402651253,2025,4,2,April
2025-04-21,0.4138745345761921,447949766.9982795,10362056.38329546,kava,Kava,134052956,0.0231321838891262,-1.0448348769057536,-1.1045992976584371,0.6935722471829386,2025,4,2,April
2025-04-22,0.4119552411110641,445866957.1518908,13233507.50879202,kava,Kava,137105281,0.0296803952311806,-0.4637379941951236,-0.4649650473859346,2.276954638732476,2025,4,2,April
2025-04-23,0.4393732315151112,475853861.5230631,17998770.228752255,kava,Kava,144049660,0.0378241550276458,6.655575088715815,6.725527400084252,5.064997459871723,2025,4,2,April
2025-04-24,0.4410858952321818,477723185.8060374,16362604.416090008,kava,Kava,144940021,0.0342512251911789,0.3897970095184666,0.3928357914321001,0.6180930937289331,2025,4,2,April
2025-04-25,0.4525801346908066,490064439.5466119,15365798.008730682,kava,Kava,149338038,0.0313546480192411,2.6058959451819463,2.5833482877226643,3.0343703344709816,2025,4,2,April
2025-04-26,0.4661656140507059,504999675.1267099,16637870.583672602,kava,Kava,152031197,0.0329462995783076,3.001784284937869,3.047606472715203,1.803397872416146,2025,4,2,April
2025-04-27,0.4635704612363854,501842814.5695391,11282163.586297097,kava,Kava,151480281,0.0224814688160365,-0.5567018965148773,-0.6251213045590065,-0.3623703627091745,2025,4,2,April
2025-04-28,0.4548513954427615,492583714.5586697,13681604.015104432,kava,Kava,144834735,0.0277751854369819,-1.880850166848269,-1.8450199429101088,-4.387070023985496,2025,4,2,April
2025-04-29,0.4597536538814354,498189041.7476716,25311290.088666625,kava,Kava,146647197,0.0508065974311144,1.077771440912456,1.137944073937569,1.2514000871407085,2025,4,2,April
2025-04-30,0.4379130473787485,474017472.02579606,14044977.253536023,kava,Kava,142787432,0.0296296615260031,-4.750501995644685,-4.851887074248062,-2.6320073475390005,2025,4,2,April
2025-05-01,0.4333074400845736,469225643.8454056,13491178.20331257,kava,Kava,142864553,0.028752005309747,-1.0517173036389216,-1.0108969527877765,0.0540110560991013,2025,5,2,May
2025-05-02,0.4339133507672905,469670121.4061352,11873055.483506996,kava,Kava,143521944,0.0252795631281813,0.1398338977513624,0.0947257607420759,0.4601498315680796,2025,5,2,May
2025-05-03,0.4324200685512803,468041327.7578771,7011334.934978601,kava,Kava,143698050,0.0149801620480096,-0.3441429523589612,-0.346795245007625,0.1227031874651896,2025,5,2,May
2025-05-04,0.4217499147828106,456596186.89719415,4979427.816406335,kava,Kava,141436658,0.0109055396415903,-2.4675436096704417,-2.445326979032003,-1.5737109863355858,2025,5,2,May
2025-05-05,0.4431839565690127,479828565.02175015,8856509.467419311,kava,Kava,143294679,0.0184576536559841,5.082168611045246,5.088167354710516,1.3136771090844102,2025,5,2,May
2025-05-06,0.4309864656210396,466667981.97045714,17463881.862287864,kava,Kava,140988064,0.0374224985150008,-2.7522410879676773,-2.7427677321996136,-1.609700385315771,2025,5,2,May
2025-05-07,0.440039085418498,476329486.1816983,26589039.42927318,kava,Kava,139939815,0.055820687571566,2.10044178171902,2.070316495776381,-0.7435019463775339,2025,5,2,May
2025-05-08,0.4354196864519228,471553852.2399208,11145260.873033913,kava,Kava,139552307,0.0236351814752291,-1.0497701498906389,-1.0025904505848393,-0.2769104704047231,2025,5,2,May
2025-05-09,0.4699337745558182,508928519.514267,16010247.46175168,kava,Kava,156571228,0.0314587350636828,7.926625547213573,7.925853451692411,12.195370586026932,2025,5,2,May
2025-05-10,0.4918478469302583,532405288.4564759,23742541.8307083,kava,Kava,163486777,0.0445948647496375,4.663225663052906,4.612979631130831,4.416870895334624,2025,5,2,May
2025-05-11,0.5028093560670245,544468852.9577153,23174204.3209818,kava,Kava,163691118,0.042562956898439,2.228638227285052,2.265861133012681,0.1249893133558943,2025,5,2,May
2025-05-12,0.4870323732055489,527707051.0795432,16434052.037928237,kava,Kava,161244475,0.0311423772039973,-3.137766366338768,-3.0785602862527406,-1.494670590495939,2025,5,2,May
2025-05-13,0.4741494826686249,513360946.6949773,36700814.81610717,kava,Kava,154120002,0.0714912481215943,-2.645181561983512,-2.718573563725879,-4.418429220598097,2025,5,2,May
2025-05-14,0.4747871964417189,514301263.8712398,22135137.07999761,kava,Kava,155406604,0.0430392430175698,0.134496355348701,0.1831688176352708,0.8348053356500795,2025,5,2,May
2024-06-01,0.0363688584926833,9321253.94445662,348495.6314948388,nls,Nolus,1199424,0.0373872049373883,0.0,0.0,0.0,2024,6,2,June
2024-06-02,0.0361421933426594,9303040.727024302,352443.0797672921,nls,Nolus,1197315,0.0378847185677134,-0.6232396600226897,-0.1953944988608458,-0.1758344005122425,2024,6,2,June
2024-06-03,0.0360635499974206,9285630.192324962,325034.42292382143,nls,Nolus,1204675,0.0350040240879373,-0.2175942796088681,-0.1871488603587878,0.6147087441483734,2024,6,2,June
2024-06-04,0.0361151970915048,9356637.27998892,363964.2262233204,nls,Nolus,1239653,0.0388990419668968,0.1432113424439496,0.7646986385765109,2.903521696723188,2024,6,2,June
2024-06-05,0.0362948206150909,9423448.452683738,396798.70247572754,nls,Nolus,1275889,0.0421075898561021,0.4973627116887424,0.7140511136164873,2.923076054347473,2024,6,2,June
2024-06-06,0.0363484126392954,9471852.14821488,443383.0403612178,nls,Nolus,1300234,0.0468105955860787,0.1476574984978773,0.5136516188758655,1.9080813456342935,2024,6,2,June
2024-06-07,0.0364089554571929,9519073.4404658,387704.6078620321,nls,Nolus,1293871,0.0407292380174199,0.1665624810038624,0.4985433842505493,-0.4893734512403158,2024,6,2,June
2024-06-08,0.036002581614999,9446676.158189977,344043.6647699664,nls,Nolus,1283859,0.0364195468341201,-1.116137052247379,-0.7605496766949993,-0.7738020250859678,2024,6,2,June
2024-06-09,0.0358538997877334,9427726.472453458,329981.06836897304,nls,Nolus,1283150,0.0350011287804258,-0.4129754606365554,-0.2005963305949598,-0.0552241328681701,2024,6,2,June
2024-06-10,0.03547196260188,9361613.91602624,354859.49942013976,nls,Nolus,1264300,0.0379058037004337,-1.0652598130596824,-0.701256624493618,-1.469041031835716,2024,6,2,June
2024-06-11,0.0350221893144505,9267082.190181687,352369.3714579979,nls,Nolus,1290333,0.0380237667290063,-1.26796843038407,-1.0097802226464725,2.059084078146012,2024,6,2,June
2024-06-12,0.0342928942575935,9118582.487630948,334738.8325448107,nls,Nolus,1323992,0.036709525082311,-2.0823799743326155,-1.6024429211178637,2.6085514359471595,2024,6,2,June
2024-06-13,0.0340682624713022,9078404.446601983,330712.93065459665,nls,Nolus,1320090,0.0364285302114273,-0.655038867830593,-0.44061718017534,-0.294714771690463,2024,6,2,June
2024-06-14,0.0336182859175832,8978093.913042946,342916.6211805972,nls,Nolus,1346931,0.0381948133425541,-1.3208086385328777,-1.1049357202474577,2.033270458832348,2024,6,2,June
2024-06-15,0.032531007929359,8716618.194065506,335691.0147027577,nls,Nolus,1340448,0.0385116116398564,-3.234186272583184,-2.912374514122429,-0.481316414872035,2024,6,2,June
2024-06-16,0.0325261744509436,8745602.05499046,290994.8384813212,nls,Nolus,1354520,0.0332732768597986,-0.0148580653445917,0.3325126818642498,1.0497982763971514,2024,6,2,June
2024-06-17,0.0323624183269331,8734766.026285239,338987.2024465202,nls,Nolus,1364653,0.0388089619603338,-0.5034595269032383,-0.1239026042699653,0.7480878835306903,2024,6,2,June
2024-06-18,0.0320222199583848,8663151.872704009,323850.1498210403,nls,Nolus,1362118,0.0373824855641088,-1.0512142977435746,-0.8198748926499411,-0.1857615086032882,2024,6,2,June
2024-06-19,0.0308786802953118,8413343.32487548,358778.18606551667,nls,Nolus,1422009,0.0426439492852654,-3.571081781835084,-2.8835757643315696,4.396902471004704,2024,6,2,June
2024-06-20,0.0305650360499387,8308430.513008357,344065.93961688405,nls,Nolus,1401462,0.041411664823842,-1.015730731927389,-1.246981227509525,-1.4449275637495984,2024,6,2,June
2024-06-21,0.0303297439613528,8278519.445483009,326442.6349345224,nls,Nolus,1391681,0.0394324899620352,-0.7698079864897345,-0.3600086379553446,-0.6979140354858027,2024,6,2,June
2024-06-22,0.0301101458667114,8249478.234300991,326950.55350251094,nls,Nolus,1402043,0.0396328766761349,-0.7240354383510783,-0.3508019927145778,0.7445671817032817,2024,6,2,June
2024-06-23,0.0299716120898679,8224546.373496686,337168.3518163696,nls,Nolus,1394625,0.0409953736661857,-0.4600900223358684,-0.3022234873066298,-0.5290850565924154,2024,6,2,June
2024-06-24,0.0297586113027546,8204723.709123765,324050.89887087443,nls,Nolus,1401146,0.0394956503545055,-0.7106751097494035,-0.2410183306498114,0.4675808909204937,2024,6,2,June
2024-06-25,0.0292077231434414,8067699.903559041,399111.2083604745,nls,Nolus,1401812,0.0494702595698196,-1.8511890682955776,-1.6700599608534206,0.0475325198087794,2024,6,2,June
2024-06-26,0.0291113600445798,8068702.616458796,349136.0081659224,nls,Nolus,1385699,0.0432704022891788,-0.3299233507125021,0.0124287332416983,-1.1494408665356004,2024,6,2,June
2024-06-27,0.0287373237972707,7982145.645276041,392241.9160893035,nls,Nolus,1342961,0.0491399096834869,-1.2848463511711317,-1.0727495521546837,-3.084219588814019,2024,6,2,June
2024-06-28,0.028576160728288,7972927.309846883,565077.3111013639,nls,Nolus,1336300,0.0708745093415652,-0.5608144659524306,-0.1154869359545451,-0.4959935545410521,2024,6,2,June
2024-06-29,0.028306909128347,7924220.876766877,523522.8711584017,nls,Nolus,1321184,0.0660661633869047,-0.9422245433917896,-0.6108977441679597,-1.1311831175634168,2024,6,2,June
2024-06-30,0.0277798061777394,7791778.495479442,576716.4710564573,nls,Nolus,1322909,0.0740160248897027,-1.8620999849105035,-1.67136155525075,0.1305647055974024,2024,6,2,June
2024-07-01,0.0277944533236017,7813519.203215981,567828.3219542435,nls,Nolus,1319184,0.0726725444944871,0.0527258749342562,0.2790211214185767,-0.2815764349626493,2024,7,3,July
2024-07-02,0.0273860013327075,7712225.298387006,741839.5747862263,nls,Nolus,1309570,0.0961900808241922,-1.4695449704971053,-1.2963928569764471,-0.7287838542614167,2024,7,3,July
2024-07-03,0.0273101170447369,7734823.823072256,717643.6484905435,nls,Nolus,1312456,0.0927808654606818,-0.2770915222295889,0.2930221020640777,0.2203776812236046,2024,7,3,July
2024-07-04,0.0268588033292915,7630512.75553604,724823.9958386484,nls,Nolus,1319898,0.0949902082678229,-1.6525513775940135,-1.3485900897324377,0.5670285327660451,2024,7,3,July
2024-07-05,0.0268716462228568,7640658.764343954,734152.2735779007,nls,Nolus,1368004,0.0960849445343521,0.0478163282547461,0.1329662780597873,3.6446755734155234,2024,7,3,July
2024-07-06,0.0259703151997847,7408184.575879873,739832.286141888,nls,Nolus,1418576,0.0998668808213404,-3.354208430689232,-3.0425935201942256,3.6967728164537528,2024,7,3,July
2024-07-07,0.0258212183844782,7394159.569637504,711857.6762810287,nls,Nolus,1395614,0.096272966464521,-0.5741047582964454,-0.1893177214837726,-1.6186654786208177,2024,7,3,July
2024-07-08,0.0258240715260478,7389400.790949522,753787.7535919808,nls,Nolus,1390446,0.1020093205006844,0.0110496008637328,-0.0643586149739583,-0.3703029634268495,2024,7,3,July
2024-07-09,0.0256684779519431,7392089.789970783,670900.9210933375,nls,Nolus,1386465,0.0907593035468241,-0.602513720378306,0.0363899468621919,-0.2863110109993516,2024,7,3,July
2024-07-10,0.0254869499920128,7363965.024387828,706469.3102387307,nls,Nolus,1379931,0.095935994793438,-0.7072018850128647,-0.3804711033287611,-0.4712704612089058,2024,7,3,July
2024-07-11,0.0254481039417591,7382036.377383766,767163.9081524654,nls,Nolus,1377378,0.1039230733815961,-0.1524154528725896,0.2454024827126311,-0.18500925046252,2024,7,3,July
2024-07-12,0.0254850480285429,7406144.361895248,711132.9945359235,nls,Nolus,1391807,0.0960193266275926,0.1451742214996221,0.3265763439657565,1.0475700933222365,2024,7,3,July
2024-07-13,0.0254715711750825,7418555.769257015,670760.4837646774,nls,Nolus,1386632,0.0904165857382043,-0.0528814128399446,0.1675825740802938,-0.371818793841383,2024,7,3,July
2024-07-14,0.0254517366330529,7427985.344149885,666426.7881086424,nls,Nolus,1356185,0.0897183768184875,-0.07786933084446,0.127107959907069,-2.195752009184848,2024,7,3,July
2024-07-15,0.0253424842285565,7430503.484361905,685358.4389716233,nls,Nolus,1358843,0.0922358007655895,-0.4292532414254202,0.0339007159458448,0.1959909599354103,2024,7,3,July
2024-07-16,0.0254246612442077,7472395.21177914,710402.8216231755,nls,Nolus,1343910,0.0950702955999074,0.3242658253629571,0.5637804693235049,-1.098949621111489,2024,7,3,July
2024-07-17,0.0253808248836692,7477097.6205937,745448.6113960766,nls,Nolus,1330374,0.0996975897897781,-0.1724166946312721,0.0629304082732096,-1.007210304261441,2024,7,3,July
2024-07-18,0.025403376411124,7502819.325455544,381851.5313015601,nls,Nolus,1313594,0.0508944057877037,0.0888526182980964,0.3440065405994064,-1.2612994541384648,2024,7,3,July
2024-07-19,0.0243728409496786,7219269.26858781,186920.5409256305,nls,Nolus,1298834,0.0258918920975771,-4.056686972500579,-3.779246768021016,-1.123634852168931,2024,7,3,July
2024-07-20,0.0243051324993281,7221797.022771257,363457.43111987296,nls,Nolus,1288716,0.0503278380677059,-0.2778028646326147,0.0350139894967682,-0.7790064011259368,2024,7,3,July
2024-07-21,0.0245917448823803,7323553.40815571,397521.97026927234,nls,Nolus,1286669,0.0542799305357124,1.1792257584282595,1.409017521035305,-0.1588402720226978,2024,7,3,July
2024-07-22,0.0244140226883769,7292568.543329419,248906.36238949272,nls,Nolus,1286332,0.0341315081113868,-0.7226904591495109,-0.4230851213809172,-0.0261916623467306,2024,7,3,July
2024-07-23,0.023981219521809,7207362.691441345,329501.139599312,nls,Nolus,1286096,0.0457172968401591,-1.7727646610812386,-1.1683928835473534,-0.01834674096578,2024,7,3,July
2024-07-24,0.0240542058367948,7228756.379898923,263810.5192771599,nls,Nolus,1331247,0.0364945926260207,0.3043478039946645,0.2968310236833638,3.510702155982126,2024,7,3,July
2024-07-25,0.0240247436048474,7237894.889030178,377504.27045104216,nls,Nolus,1345318,0.052156638945281,-0.1224826633118736,0.1264188285092338,1.056978907745898,2024,7,3,July
2024-07-26,0.0234578292014519,7101004.558226964,280308.7393407108,nls,Nolus,1341818,0.0394745189982951,-2.3597105247817884,-1.891300342184932,-0.2601615380155464,2024,7,3,July
2024-07-27,0.0231502265412916,7021143.707082213,212984.29716725723,nls,Nolus,1344594,0.0303347013040653,-1.3113006217187917,-1.1246415980993518,0.2068834968676824,2024,7,3,July
2024-07-28,0.0229445123810284,6962782.812570814,188803.45235840773,nls,Nolus,1340674,0.0271160909999284,-0.8886053874948119,-0.8312163508707338,-0.2915378173634519,2024,7,3,July
2024-07-29,0.0229743191785435,6997457.092634734,204640.8070278632,nls,Nolus,1342105,0.0292450249167316,0.1299081759511766,0.497994566214488,0.1067373574783925,2024,7,3,July
2024-07-30,0.022776120089819,6950573.553162325,368640.0976472969,nls,Nolus,1346029,0.0530373637265626,-0.8626984207201427,-0.6700082451631784,0.2923765279169599,2024,7,3,July
2024-07-31,0.0226457298688545,6934630.887798729,205017.64165849172,nls,Nolus,1339573,0.0295643192803836,-0.5724865361188658,-0.2293719394760196,-0.4796330539683757,2024,7,3,July
2024-08-01,0.0224424977768522,6892054.572316689,220000.46158789788,nls,Nolus,1347060,0.0319208821229555,-0.8974411210382449,-0.6139665711256792,0.55890944353163,2024,8,3,August
2024-08-02,0.0206707682473761,6363935.645892673,322694.6437259722,nls,Nolus,1346873,0.0507067735567441,-7.894529152203011,-7.66272119413145,-0.013882083945782,2024,8,3,August
2024-08-03,0.0203353664094614,6264642.088791284,394821.0823363746,nls,Nolus,1338240,0.063023725336646,-1.6225900938983684,-1.560253947028423,-0.6409661489984564,2024,8,3,August
2024-08-04,0.0201735848992109,6252353.745557055,365241.5704657933,nls,Nolus,1357367,0.0584166516050591,-0.7955672250650747,-0.1961539551671332,1.4292653036824587,2024,8,3,August
2024-08-05,0.0200248238090042,6215342.182639319,370163.77405522566,nls,Nolus,1420989,0.0595564593513718,-0.7374053295430616,-0.5919620741874354,4.687162720178106,2024,8,3,August
2024-08-06,0.0181380188965554,5666265.708834637,360527.9706900019,nls,Nolus,1530767,0.0636270851414326,-9.422329656655249,-8.83421149906053,7.725464447648789,2024,8,3,August
2024-08-07,0.0178854923339842,5584405.78070513,365860.7379165517,nls,Nolus,1552176,0.0655147122690563,-1.3922499695882662,-1.444689189246351,1.3985799275787911,2024,8,3,August
2024-08-08,0.0179399009471465,5617400.570884474,411133.0812938506,nls,Nolus,1542045,0.073189204883268,0.3042052863084565,0.5908379776653261,-0.652696601416336,2024,8,3,August
2024-08-09,0.0180078599019587,5645204.095816545,422617.1752059907,nls,Nolus,1533520,0.0748630462305476,0.3788145487115812,0.4949535747224454,-0.5528373037103296,2024,8,3,August
2024-08-10,0.0174475335347823,5479275.354608881,421316.3742818404,nls,Nolus,1529334,0.0768927179261854,-3.111565562077112,-2.9392868422707275,-0.2729667692628723,2024,8,3,August
2024-08-11,0.0173411839447795,5469215.9496184485,445120.477880537,nls,Nolus,1528687,0.0813865245002055,-0.6095393930083737,-0.1835900614480246,-0.0423059972510908,2024,8,3,August
2024-08-12,0.0173331500555386,5479798.280910102,434294.0382209591,nls,Nolus,1529589,0.0792536542328397,-0.0463283779608358,0.1934890007843082,0.0590048845839685,2024,8,3,August
2024-08-13,0.0173495438782382,5498084.536818153,374628.5347299426,nls,Nolus,1553535,0.0681380091959712,0.0945807464138859,0.3337030848700184,1.5655185804814176,2024,8,3,August
2024-08-14,0.016920313518306,5375086.612764544,398620.9710949475,nls,Nolus,1537104,0.0741608461058689,-2.4740152418106787,-2.237104999567552,-1.05765238633182,2024,8,3,August
2024-08-15,0.0168188083300758,5357088.825537497,339229.4964045042,nls,Nolus,1497173,0.0633234780030865,-0.5999013441469137,-0.3348371574944719,-2.5978073051660777,2024,8,3,August
2024-08-16,0.0168845225225179,5387844.811242575,357054.12108754035,nls,Nolus,1490959,0.0662703053997567,0.3907184810744368,0.5741175236531948,-0.4150488954850262,2024,8,3,August
2024-08-17,0.0168791816030326,5403904.821761718,369389.4657406693,nls,Nolus,1369727,0.06835602734029,-0.0316320433590977,0.2980785653965201,-8.131142439195171,2024,8,3,August
2024-08-18,0.0164455578752764,5280626.68902391,410398.7658533723,nls,Nolus,1319173,0.0777178145742455,-2.5689854991442607,-2.281278756823446,-3.6908084603720304,2024,8,3,August
2024-08-19,0.0164312722346689,5282091.834728043,446856.4290399258,nls,Nolus,1215972,0.0845983831825848,-0.0868662572342526,0.0277456785039875,-7.823158903343231,2024,8,3,August
2024-08-20,0.0164452538882995,5316931.937184935,437153.9745459197,nls,Nolus,1210881,0.082219215839233,0.0850917289358488,0.6595891087661565,-0.418677403756007,2024,8,3,August
2024-08-21,0.016518943835952,5345241.0116454,259316.73258926749,nls,Nolus,1198000,0.0485135716096444,0.4480924901068883,0.5324325154978826,-1.0637709238149773,2024,8,3,August
2024-08-22,0.0162975877005175,5283269.244978116,440439.4562390124,nls,Nolus,1183589,0.0833649461756395,-1.3400138509623405,-1.1593820845920533,-1.202921535893153,2024,8,3,August
2024-08-23,0.0162317674401193,5280116.065738621,435849.1576872467,nls,Nolus,1156721,0.0825453744313245,-0.403865048053309,-0.0596823499482201,-2.2700447537109536,2024,8,3,August
2024-08-24,0.0154440456840643,5023672.738664412,426493.9166988696,nls,Nolus,1125471,0.0848968352210492,-4.852963541777178,-4.856774432255517,-2.701602201395148,2024,8,3,August
2024-08-25,0.0154514622779304,5058990.999791984,451663.4790605566,nls,Nolus,1098047,0.0892793600698495,0.0480223512530963,0.7030366619176442,-2.4366687369110407,2024,8,3,August
2024-08-26,0.0154382785062562,5070948.364782936,462203.43654914055,nls,Nolus,1079404,0.0911473364152319,-0.0853237799571249,0.2363586927006444,-1.6978326064367,2024,8,3,August
2024-08-27,0.0154053901245732,5082125.422178694,383020.00319007447,nls,Nolus,1086996,0.0753661059836407,-0.2130314054749504,0.2204135517013261,0.7033511085747346,2024,8,3,August
2024-08-28,0.0156919767878389,5185354.07908131,393203.9951917261,nls,Nolus,1080679,0.0758297291168571,1.8603012383865856,2.031210336764211,-0.5811428928901297,2024,8,3,August
2024-08-29,0.0154797764908892,5127849.653201768,493871.3149109848,nls,Nolus,1075990,0.0963115824978639,-1.3522853099945165,-1.108977805614575,-0.4338938759798183,2024,8,3,August
2024-08-30,0.0153758845624084,5111221.830980932,381371.64960850833,nls,Nolus,1053675,0.0746145759702463,-0.6711461792870299,-0.3242650105869105,-2.0739040325653546,2024,8,3,August
2024-08-31,0.0151793993046902,5061385.722500636,384117.57959402347,nls,Nolus,1046897,0.075891781550339,-1.27787937611491,-0.9750331746163244,-0.6432723562768361,2024,8,3,August
2024-09-01,0.0151264700548333,5066003.534416736,413761.1821997817,nls,Nolus,1045911,0.081674080838836,-0.3486913335269404,0.0912361193017075,-0.0941830953761435,2024,9,3,September
2024-09-02,0.0151584947784147,5076969.219909674,431342.6655052103,nls,Nolus,1044770,0.0849606619267399,0.2117131324449683,0.2164563332504698,-0.1090915001372039,2024,9,3,September
2024-09-03,0.0150943849453908,5074622.18636702,429066.2150354895,nls,Nolus,1041548,0.0845513615157748,-0.422930072946015,-0.0462290284024113,-0.3083932348746598,2024,9,3,September
2024-09-04,0.0150198145825574,5067987.263328924,435830.858187833,nls,Nolus,1041255,0.0859968337610928,-0.4940271703895438,-0.1307471333712451,-0.0281312047068382,2024,9,3,September
2024-09-05,0.0150355980599064,5087529.640725208,410717.5597144973,nls,Nolus,1064188,0.0807302539186682,0.1050843687997682,0.385604311551635,2.2024384036571254,2024,9,3,September
2024-09-06,0.0150077239195408,5103676.994548487,406569.2779697214,nls,Nolus,1050064,0.079662031590949,-0.1853876397501008,0.3173908549646498,-1.327209102151128,2024,9,3,September
2024-09-07,0.0147508685721653,5021880.676543898,381168.36456575606,nls,Nolus,1048732,0.0759015176019832,-1.7114876896226483,-1.602693863501936,-0.1268494110835183,2024,9,3,September
2024-09-08,0.0147634298652336,5043456.72629257,393053.1005278941,nls,Nolus,1033723,0.0779332751045187,0.0851562944030659,0.429640828573441,-1.431156863717331,2024,9,3,September
2024-09-09,0.0146901714755126,5022061.952649157,400770.4701054424,nls,Nolus,1030581,0.0798019765355611,-0.4962152453040103,-0.4242085300718123,-0.3039498976031285,2024,9,3,September
2024-09-10,0.0145917677670522,5008597.042568311,358474.9246624707,nls,Nolus,1032002,0.0715719235577897,-0.6698608564538633,-0.26811517276768,0.1378833881082508,2024,9,3,September
2024-09-11,0.014615105409054,5036742.56552199,424090.6311372376,nls,Nolus,1026537,0.0841993859365108,0.1599370437794123,0.5619442473504765,-0.529553237299929,2024,9,3,September
2024-09-12,0.0145851168018416,5041232.876880061,432986.4939954136,nls,Nolus,1025800,0.0858890086155635,-0.2051891270914985,0.0891510991411159,-0.0717947818734243,2024,9,3,September
2024-09-13,0.0143668010071592,4973626.210066317,364426.28925267793,nls,Nolus,1022737,0.0732717485916214,-1.4968395361415587,-1.3410740678892252,-0.2985962175862777,2024,9,3,September
2024-09-14,0.0145559149445156,4996896.747368552,205284.10981871124,nls,Nolus,1021750,0.041082319727102,1.316326002303203,0.4678786929170009,-0.0965057487897658,2024,9,3,September
2024-09-15,0.0143815054709036,5010673.410188901,363801.9756172167,nls,Nolus,1037528,0.0726054056681178,-1.198203440160528,0.2757043724708641,1.544213359432356,2024,9,3,September
2024-09-16,0.013990824171088,4886668.242869668,408006.0815915605,nls,Nolus,1037477,0.0834937141859176,-2.716553566704294,-2.4748203917476785,-0.0049155299905123,2024,9,3,September
2024-09-17,0.0139634862419183,4889326.434130541,368371.54253897554,nls,Nolus,1036337,0.0753419816618323,-0.1953989903336839,0.0543968022538088,-0.109881954009583,2024,9,3,September
2024-09-18,0.0139621728701037,4900584.119931974,401595.5770100487,nls,Nolus,1038100,0.0819485120919877,-0.0094057586466744,0.2302502390277627,0.1701184074292427,2024,9,3,September
2024-09-19,0.0132116764534541,4649526.162483548,441223.2136462966,nls,Nolus,1039392,0.0948963826048495,-5.375212179592747,-5.123021078799717,0.1244581446874004,2024,9,3,September
2024-09-20,0.0135478889353427,4788085.478198121,426023.9354065214,nls,Nolus,1037865,0.0889758416691518,2.5448131663913465,2.980073901564229,-0.1469128105661798,2024,9,3,September
2024-09-21,0.0136064404379011,4818264.786004509,483423.8070184412,nls,Nolus,1037543,0.1003315152838071,0.4321817431328645,0.630300105204995,-0.0310252296782387,2024,9,3,September
2024-09-22,0.0136187975224785,4841124.307066777,455788.3457604256,nls,Nolus,1027061,0.0941492754265974,0.090817908135321,0.4744347203305965,-1.0102713815234643,2024,9,3,September
2024-09-23,0.0130573700009469,4653244.36418538,420517.9951207346,nls,Nolus,1032491,0.0903709245010502,-4.122445616838711,-3.880915485007097,0.5286930377066179,2024,9,3,September
2024-09-24,0.0130397103072809,4660606.601944885,403707.8009757268,nls,Nolus,1011988,0.0866212996409648,-0.1352469422613467,0.1582173035263423,-1.985780021327066,2024,9,3,September
2024-09-25,0.0130809790030911,4689752.340893311,322134.1308935541,nls,Nolus,1002301,0.0686889429287418,0.3164847595360953,0.6253636369193405,-0.9572247892267516,2024,9,3,September
2024-09-26,0.0130954605631947,4700360.744649659,339110.40947865136,nls,Nolus,1012566,0.0721456134754454,0.1107070051879155,0.2262039226218037,1.024143445930914,2024,9,3,September
2024-09-27,0.013020275637932,4691057.070974043,346967.9268921999,nls,Nolus,1002386,0.0739636976576275,-0.5741296756981984,-0.1979353113738424,-1.0053665637597908,2024,9,3,September
2024-09-28,0.0142980456584418,5161088.302773064,408837.4151930674,nls,Nolus,773979,0.0792153497884153,9.81369408791295,10.01972955535637,-22.786331812295856,2024,9,3,September
2024-09-29,0.0143689572192431,5181200.190534904,205578.59785331212,nls,Nolus,768026,0.0396777947759799,0.4959528210729313,0.3896830781026095,-0.7691423152307753,2024,9,3,September
2024-09-30,0.0146528034269109,5274936.949304798,76406.37893655566,nls,Nolus,762057,0.0144847947323096,1.9754127132321384,1.8091707581794123,-0.7771872306406302,2024,9,3,September
2024-10-01,0.0144959603391636,5282455.700489706,286858.6696851667,nls,Nolus,752959,0.0543040369763202,-1.0703964502741805,0.1425372711971295,-1.1938739490615524,2024,10,4,October
2024-10-02,0.0140551401753271,5135853.071410263,422768.4460338026,nls,Nolus,747632,0.0823170834826304,-3.0409862715028435,-2.775274179125675,-0.70747544022981,2024,10,4,October
2024-10-03,0.0137734862201752,5048376.821130958,5200.52393754003,nls,Nolus,758075,0.001030137828811,-2.0039213528895927,-1.7032467452439026,1.3968101953902412,2024,10,4,October
2024-10-04,0.0135415901522482,4963478.674564497,4435.378807152121,nls,Nolus,761471,0.0008936028737025,-1.6836410493324627,-1.6816919492044335,0.4479767832997972,2024,10,4,October
2024-10-05,0.0138597218233672,5078285.802661295,10669.88008671846,nls,Nolus,752392,0.0021010790848216,2.34929330708038,2.313037601735468,-1.1922975398931834,2024,10,4,October
2024-10-06,0.0146533204682352,5368440.393273104,41077.708710913495,nls,Nolus,749609,0.007651702487446,5.725934870713023,5.71363255017574,-0.3698869738115284,2024,10,4,October
2024-10-07,0.0157825455026305,5782820.014521215,47637.657491935344,nls,Nolus,749038,0.0082377901045359,7.706274061521912,7.718808273765076,-0.076173044880734,2024,10,4,October
2024-10-08,0.0152316051607254,5586663.647170155,8484.64523107473,nls,Nolus,700174,0.0015187320674607,-3.490820551179896,-3.392053822503427,-6.523567562660371,2024,10,4,October
2024-10-09,0.0156126292041367,5721641.922700346,11812.60369958796,nls,Nolus,690500,0.002064547879643,2.501535717284842,2.416080223454342,-1.3816565596551755,2024,10,4,October
2024-10-10,0.0157795826459569,5781695.786903401,14430.925640539494,nls,Nolus,690317,0.0024959676490119,1.0693486640674266,1.0495914462034683,-0.0265025343953673,2024,10,4,October
2024-10-11,0.0155493320473634,5697185.873009671,16307.752000584676,nls,Nolus,677914,0.0028624223193844,-1.4591678611509562,-1.461680396349474,-1.7967107864937382,2024,10,4,October
2024-10-12,0.0157182202306539,5757427.242574157,1691.1588464532967,nls,Nolus,638386,0.0002937351659344,1.0861442972349034,1.0573881721128275,-5.830828099139418,2024,10,4,October
2024-10-13,0.0133209821187392,4880831.62844625,38620.32734981557,nls,Nolus,634993,0.0079126530660738,-15.251333018222743,-15.22547445577409,-0.5314966180336,2024,10,4,October
2024-10-14,0.0134758922152566,4937648.315534902,4106.4950384723,nls,Nolus,635161,0.0008316702154652,1.1629029686889505,1.1640779976411109,0.0264569845651818,2024,10,4,October
2024-10-15,0.0138221141161094,5064376.7038594615,9166.175866533207,nls,Nolus,630748,0.0018099316860745,2.569194642718031,2.566573806519279,-0.6947844719685237,2024,10,4,October
2024-10-16,0.0136567278279827,5183205.240251925,3987.17848886026,nls,Nolus,636545,0.0007692495867029,-1.1965339508661188,2.346360536369785,0.919067519833594,2024,10,4,October
2024-10-17,0.0133196799006086,5064303.757432845,4507.586515723447,nls,Nolus,653500,0.0008900703298272,-2.4679991548448243,-2.293975972545137,2.663598017422175,2024,10,4,October
2024-10-18,0.013327942155551,5082175.322024325,1011.4847287523688,nls,Nolus,656388,0.0001990259415823,0.0620304316919284,0.3528928249070695,0.4419280795715297,2024,10,4,October
2024-10-19,0.0134057309237256,5125376.585607971,2114.4591968306268,nls,Nolus,653329,0.0004125470902505,0.5836517540873221,0.8500545700662387,-0.466035332760506,2024,10,4,October
2024-10-20,0.0133432295594592,5117335.903202529,1060.7851279247725,nls,Nolus,655938,0.0002072924560728,-0.4662286944437821,-0.1568798364596335,0.3993393833734648,2024,10,4,October
2024-10-21,0.01362380493617,5236571.41298587,8362.742863406193,nls,Nolus,631698,0.0015969882207025,2.102754625186032,2.330030938729677,-3.6954712183163703,2024,10,4,October
2024-10-22,0.0133570722898494,5147539.190429507,2379.6561114206834,nls,Nolus,606146,0.0004622900425595,-1.957842523218034,-1.7002006758769062,-4.044970856326913,2024,10,4,October
2024-10-23,0.0133494772838654,5154603.369072097,1169.4283562934693,nls,Nolus,615846,0.0002268706770554,-0.0568613077710944,0.1372340914999714,1.6002745213199443,2024,10,4,October
2024-10-24,0.0130031114267486,5036734.096095353,6659.04953660374,nls,Nolus,617694,0.001322096701862,-2.594602393424328,-2.286679779941292,0.3000750187546863,2024,10,4,October
2024-10-25,0.0130531480635224,5068843.422972389,2289.452318050689,nls,Nolus,601065,0.0004516715406269,0.3848051064980762,0.6375029188443238,-2.6921096853781967,2024,10,4,October
2024-10-26,0.0129878444306168,5056115.274605138,13867.195256331172,nls,Nolus,615854,0.0027426580493487,-0.5002902946308674,-0.2511055738980916,2.4604660061723798,2024,10,4,October
2024-10-27,0.0130923204670704,5110798.483221786,2818.532163861033,nls,Nolus,620556,0.000551485677456,0.8044139811788753,1.081526145009004,0.7634926459842761,2024,10,4,October
2024-10-28,0.0146540841552993,5734863.949714166,66292.71994826003,nls,Nolus,601644,0.0115595976695426,11.928853194183889,12.210723403419664,-3.047589580956433,2024,10,4,October
2024-10-29,0.0156690189074395,6170756.463710074,43445.08970162836,nls,Nolus,632694,0.0070404803620312,6.9259514370479724,7.600747250815498,5.160859245666871,2024,10,4,October
2024-10-30,0.015369840887842,6045617.449225887,36902.042453358845,nls,Nolus,632090,0.0061039327683699,-1.909360256470305,-2.027936367609451,-0.095464790246158,2024,10,4,October
2024-10-31,0.0154447840315396,6090904.45991483,8405.389679681897,nls,Nolus,628866,0.0013799903996194,0.4875986956820899,0.7490882621880468,-0.5100539480137334,2024,10,4,October
2024-11-01,0.014762272971028,5837527.348710421,10818.747799115024,nls,Nolus,613960,0.0018533099980259,-4.419039198720953,-4.159925884110027,-2.3702982829410413,2024,11,4,November
2024-11-02,0.0148398795544199,5882155.501024274,5599.695232122607,nls,Nolus,608823,0.0009519801425085,0.5257089036638352,0.7645043808439222,-0.836699459248158,2024,11,4,November
2024-11-03,0.0147983400909503,5879837.170111908,3069.8390408274736,nls,Nolus,600456,0.0005220959274913,-0.2799177939233788,-0.0394129483989758,-1.3742910501081562,2024,11,4,November
2024-11-04,0.0136595231379779,5443648.26367845,11543.527011004153,nls,Nolus,585767,0.0021205497585187,-7.695572246435745,-7.418384111904852,-2.446307472987197,2024,11,4,November
2024-11-05,0.0137835360988648,5503415.863137943,3473.941151074716,nls,Nolus,611041,0.0006312336260727,0.9078864586574475,1.097932793679535,4.314684849095296,2024,11,4,November
2024-11-06,0.0138297229508881,5532118.354660367,2763.0706126282703,nls,Nolus,597488,0.0004994597793267,0.3350871045864734,0.5215395717171667,-2.218018103531516,2024,11,4,November
2024-11-07,0.0138980251167206,5578880.282003229,13995.513854369883,nls,Nolus,601093,0.0025086600082668,0.4938794947307423,0.8452806745081531,0.6033593980130147,2024,11,4,November
2024-11-08,0.0141604948465448,5696926.750504875,16952.137424069326,nls,Nolus,443917,0.0029756635755527,1.8885397574102791,2.115952709765967,-26.1483663925549,2024,11,4,November
2024-11-09,0.0140608651023029,5668096.902442233,6826.813205608036,nls,Nolus,488074,0.0012044277511675,-0.7035753010154355,-0.5060596585709454,9.947129756238215,2024,11,4,November
2024-11-10,0.0139038511306772,5621478.225997663,14594.681954070686,nls,Nolus,494144,0.0025962356105151,-1.1166736220233453,-0.8224749373018425,1.243663870642564,2024,11,4,November
2024-11-11,0.0126640350530761,5133608.419559547,48452.38842747852,nls,Nolus,473430,0.0094382711861836,-8.917069565464475,-8.678674662153163,-4.191895479860119,2024,11,4,November
2024-11-12,0.0123516836682179,5024310.394369312,32086.82619051544,nls,Nolus,540206,0.00638631447342,-2.466444411667612,-2.1290682159122,14.104725091354586,2024,11,4,November
2024-11-13,0.0124701360289332,5059581.512843682,22921.52567044024,nls,Nolus,467341,0.0045303204646973,0.9589976872550254,0.7020091456510835,-13.488372954021244,2024,11,4,November
2024-11-14,0.0123003880855386,5004543.031933209,11301.211838331556,nls,Nolus,436053,0.0022581905613,-1.361235699440222,-1.0878069810864588,-6.694897301970082,2024,11,4,November
2024-11-15,0.0119102501128579,4853382.198000428,7740.222669156868,nls,Nolus,419600,0.0015948100424371,-3.1717533623135785,-3.0204722582710786,-3.77316518863533,2024,11,4,November
2024-11-16,0.0117210165088374,4789083.587000423,7787.822331651221,nls,Nolus,400649,0.0016261612874727,-1.588829808168546,-1.3248206792058514,-4.516444232602479,2024,11,4,November
2024-11-17,0.0121324632921525,4966739.781591076,13116.088008467605,nls,Nolus,413088,0.0026407842136368,3.5103336217034986,3.70960730509875,3.1047126038003414,2024,11,4,November
2024-11-18,0.0121685184095275,4993041.79188205,12741.599370203876,nls,Nolus,386719,0.0025518711641708,0.2971788704967393,0.5295628812377107,-6.383385622433957,2024,11,4,November
2024-11-19,0.0120907900404179,4970335.77646259,12578.505553606956,nls,Nolus,417969,0.0025307154524998,-0.6387660888016233,-0.4547531618176448,8.08080285685473,2024,11,4,November
2024-11-20,0.0123315409912433,5080023.590974063,10415.405214604229,nls,Nolus,422854,0.002050267095828,1.991192883348436,2.2068491837293536,1.168746964487788,2024,11,4,November
2024-11-21,0.0120073164304697,4960328.207229611,7354.767513704532,nls,Nolus,428485,0.0014827179183395,-2.629229882979489,-2.356197399498694,1.331665302917795,2024,11,4,November
2024-11-22,0.0123739412675298,5122758.761946027,11774.543071325894,nls,Nolus,424675,0.0022984769766618,3.053345343092162,3.2745928884237108,-0.8891793178290919,2024,11,4,November
2024-11-23,0.0124819590145318,5180492.098545523,13720.249469516715,nls,Nolus,427870,0.0026484452072359,0.8729453669339193,1.126996981164985,0.7523400247247958,2024,11,4,November
2024-11-24,0.0130859123998915,5444060.565136342,22584.045173146347,nls,Nolus,426775,0.0041483824257529,4.838610547083211,5.087711004613227,-0.2559188538574841,2024,11,4,November
2024-11-25,0.0137990783793798,5753165.836519199,46408.34023503032,nls,Nolus,414626,0.0080665743963863,5.449875848887342,5.677844096047746,-2.846699080311643,2024,11,4,November
2024-11-26,0.0138454628781825,5785713.782055898,10528.922476214935,nls,Nolus,463479,0.0018198139197396,0.3361420054838193,0.5657397415887999,11.782425607656055,2024,11,4,November
2024-11-27,0.0136466407815948,5720864.666985128,8851.92145649524,nls,Nolus,431782,0.0015473048169762,-1.436009025750662,-1.1208490000299665,-6.838929056116894,2024,11,4,November
2024-11-28,0.0149583965408938,6276183.782807689,46544.264550681255,nls,Nolus,434718,0.0074160136416303,9.612297856247,9.70690880047005,0.6799727640337094,2024,11,4,November
2024-11-29,0.0137134161338222,5767995.47997244,18039.238568382272,nls,Nolus,444327,0.0031274709959496,-8.322953624527795,-8.097090850451616,2.210398465211938,2024,11,4,November
2024-11-30,0.0133176553392733,5614143.673366043,28184.88680581989,nls,Nolus,339487,0.0050203358598625,-2.885938782043107,-2.667335769256396,-23.595235040859556,2024,11,4,November
2024-12-01,0.0134833549101337,5696973.790035664,22908.26910581207,nls,Nolus,314184,0.0040211294540059,1.2442097849741265,1.475382916589285,-7.453304544798478,2024,12,4,December
2024-12-02,0.0133556030822029,5656408.957308751,11465.351110892629,nls,Nolus,355078,0.0020269664370851,-0.9474780481727452,-0.7120417650132715,13.015939704122426,2024,12,4,December
2024-12-03,0.0134033758926931,5689278.142467072,7980.044308524826,nls,Nolus,416718,0.0014026461896736,0.3576986392612946,0.581096335261444,17.359566067173972,2024,12,4,December
2024-12-04,0.0131486085751087,5600699.912933666,9903.622581563872,nls,Nolus,477681,0.0017682830245365,-1.9007697734065632,-1.55693266026532,14.6293176680633,2024,12,4,December
2024-12-05,0.0130879502050654,5581186.181447825,41964.43498623922,nls,Nolus,554481,0.007518909712371,-0.4613291946201636,-0.3484159442425749,16.077675268641634,2024,12,4,December
2024-12-06,0.0130546735246002,5577587.412333276,19570.618922677226,nls,Nolus,530001,0.0035087964519215,-0.2542543327552993,-0.0644803630904133,-4.414939375740556,2024,12,4,December
2024-12-07,0.0139005320758705,5950629.941258512,37708.03028759381,nls,Nolus,510231,0.0063368131878183,6.479354306917839,6.688241731547873,-3.730181641166719,2024,12,4,December
2024-12-08,0.0147390789133424,6319214.644064511,29947.70663429623,nls,Nolus,506666,0.0047391500876498,6.032480144609398,6.194045108576307,-0.6987031364225182,2024,12,4,December
2024-12-09,0.0146892547064408,6311183.767853429,10551.882018209162,nls,Nolus,522392,0.0016719338885291,-0.3380415234528477,-0.1270866185662078,3.103819873447211,2024,12,4,December
2024-12-10,0.0142283083973764,6127089.828891808,43445.46455901783,nls,Nolus,474794,0.0070907177424026,-3.1379829560878703,-2.916947845811735,-9.111548415749091,2024,12,4,December
2024-12-11,0.0136760897763349,5905731.5177058885,46801.68585576708,nls,Nolus,313345,0.0079247906403214,-3.881126312551131,-3.612780575569863,-34.00401016019578,2024,12,4,December
2024-12-12,0.0133853025386966,5796241.764158402,32929.29075792439,nls,Nolus,231109,0.0056811451450396,-2.1262454575391665,-1.8539575193898927,-26.24455472402624,2024,12,4,December
2024-12-13,0.0128678318351658,5583232.199659009,57269.01445459857,nls,Nolus,276087,0.010257322713194,-3.865961953678632,-3.67495996831182,19.46181239155551,2024,12,4,December
2024-12-14,0.012501968316645,5431994.925403332,54227.03753933445,nls,Nolus,285077,0.0099828954710056,-2.843241372807604,-2.708776365505872,3.256219959650397,2024,12,4,December
2024-12-15,0.0124726477801984,5434839.161901862,19048.394932872907,nls,Nolus,291711,0.0035048681967263,-0.2345273616443211,0.0523608091979044,2.327090575528712,2024,12,4,December
2024-12-16,0.0125243305391615,5479471.753660123,20533.146489398405,nls,Nolus,318010,0.0037472857626618,0.4143687841898558,0.8212311427932217,9.015429654692486,2024,12,4,December
2024-12-17,0.0124935846117719,5470719.977518065,17875.262034495103,nls,Nolus,317809,0.0032674423307998,-0.2454895875950269,-0.1597193403946706,-0.063205559573598,2024,12,4,December
2024-12-18,0.0125760886055061,5516909.898510526,28739.137185261967,nls,Nolus,329415,0.0052092815931289,0.6603708727156432,0.8443115564729764,3.651878958745658,2024,12,4,December
2024-12-19,0.0128002141712035,5637548.134716244,39645.82103108359,nls,Nolus,289372,0.0070324580976866,1.782156382067046,2.186699410086224,-12.15579132704947,2024,12,4,December
2024-12-20,0.0118881363525888,5236642.082727114,46455.76604561359,nls,Nolus,470301,0.0088712891413461,-7.125488733357077,-7.111354837404127,62.52470867948523,2024,12,4,December
2024-12-21,0.0120864378860207,5341238.828921788,58163.17133176136,nls,Nolus,341752,0.0108894534011134,1.6680624073482253,1.997401092957718,-27.33334609112037,2024,12,4,December
2024-12-22,0.0121391707239028,5368738.97653232,18125.357695896677,nls,Nolus,316357,0.0033760921838677,0.4362975955312764,0.5148645939893726,-7.43082703246799,2024,12,4,December
2024-12-23,0.0121258496036274,5376326.69234269,19327.33984401549,nls,Nolus,299556,0.0035948968412843,-0.1097366581156888,0.1413314345051652,-5.310772323672309,2024,12,4,December
2024-12-24,0.0120165218111831,5323235.630650752,10914.494331285625,nls,Nolus,300635,0.0020503496535905,-0.90160933887522,-0.9874969422441148,0.3601997623148945,2024,12,4,December
2024-12-25,0.0117855722260825,5247018.570494331,10762.057231667708,nls,Nolus,295684,0.0020510804539908,-1.9219337236646816,-1.4317806958904722,-1.646847506112059,2024,12,4,December
2024-12-26,0.011755115364417,5241301.282049093,3454.9080669084656,nls,Nolus,296108,0.0006591699047603,-0.2584249714924991,-0.108962611212926,0.1433963285128792,2024,12,4,December
2024-12-27,0.0115011445105446,5139753.378729474,5841.23160110166,nls,Nolus,272693,0.0011364809107914,-2.1605134956064864,-1.9374559456715512,-7.907587772029123,2024,12,4,December
2024-12-28,0.0114860491256088,5145707.1415703455,3492.234735948602,nls,Nolus,298358,0.0006786695472301,-0.1312511543702266,0.1158375198605954,9.411682734797,2024,12,4,December
2024-12-29,0.0112301578468717,5044355.635452965,16573.161692804377,nls,Nolus,303343,0.0032854863714057,-2.227844195499573,-1.96963222602774,1.6708115753557795,2024,12,4,December
2024-12-30,0.0112195167502177,5053708.017835095,12510.420896971456,nls,Nolus,306153,0.0024754934105454,-0.0947546490358997,0.1854029148222302,0.926344105517507,2024,12,4,December
2024-12-31,0.0112390476873268,5066147.240796998,9726.775535652538,nls,Nolus,330908,0.0019199551598745,0.1740800209485193,0.2461405153998619,8.085826367861815,2024,12,4,December
2025-01-01,0.0113125165195147,5113982.669887992,9931.72671946167,nls,Nolus,329078,0.0019420728149787,0.6536926813716093,0.94421711050523,-0.5530238011773658,2025,1,1,January
2025-01-02,0.0114303039636544,5175914.676598465,1743.9465899372435,nls,Nolus,326075,0.0003369349571819,1.0412134553480223,1.2110327841965418,-0.912549608299551,2025,1,1,January
2025-01-03,0.0109821131782641,4983695.131825779,50967.87242266172,nls,Nolus,280887,0.0102269242147622,-3.921074949672365,-3.713730939997073,-13.858161465920416,2025,1,1,January
2025-01-04,0.0110103974858524,5006674.247376733,12668.605824220778,nls,Nolus,281643,0.0025303435371012,0.2575488626751054,0.4610858999823275,0.2691473795512156,2025,1,1,January
2025-01-05,0.011335662162388,5166642.522118985,3755.0836450399847,nls,Nolus,281424,0.0007267937793187,2.954159256771072,3.195100516596772,-0.0777580128034416,2025,1,1,January
2025-01-06,0.0110279927006109,5034803.719522544,15426.012244993415,nls,Nolus,298642,0.0030638755956222,-2.714172823516159,-2.5517306845214027,6.118170447438742,2025,1,1,January
2025-01-07,0.0115241079965872,5272077.639197432,18995.4246788625,nls,Nolus,384268,0.0036030244580681,4.498690826562024,4.712674672000694,28.67178762531728,2025,1,1,January
2025-01-08,0.0113916200240025,5222624.263186495,23529.41484029965,nls,Nolus,350689,0.0045052857825049,-1.1496592415130014,-0.9380244259541092,-8.738432552281218,2025,1,1,January
2025-01-09,0.0112495205696468,5166498.005813764,5759.859234924948,nls,Nolus,270013,0.0011148478579578,-1.2474033900032544,-1.0746753843342003,-23.004998731069403,2025,1,1,January
2025-01-10,0.011466166023437,5283993.682545464,14981.176701015824,nls,Nolus,198958,0.002835199585969,1.9258194378060531,2.274184110774513,-26.315399628906757,2025,1,1,January
2025-01-11,0.0114935691547705,5303005.016954909,18494.12678761389,nls,Nolus,311728,0.0034874805376355,0.2389912310487352,0.3597910132301152,56.68030438585028,2025,1,1,January
2025-01-12,0.0117325269609021,5286208.678808122,2574.4085509581632,nls,Nolus,312277,0.0004870047149819,2.079056582979355,-0.3167324581644815,0.176115074680494,2025,1,1,January
2025-01-13,0.0114610760742879,5306658.98294334,19703.924481842663,nls,Nolus,307144,0.0037130564720994,-2.3136608807184933,0.3868614611678422,-1.6437329678458568,2025,1,1,January
2025-01-14,0.0111112896005741,5156330.48578435,25675.359156398485,nls,Nolus,398535,0.0049793858689204,-3.051951417533272,-2.8328275406838133,29.755098585679683,2025,1,1,January
2025-01-15,0.0109777018450457,5101870.428039424,16982.095988793608,nls,Nolus,407306,0.0033286019761422,-1.2022704864207756,-1.056178573019484,2.2008104683402863,2025,1,1,January
2025-01-16,0.0109546564056389,5103560.762206059,23084.22667213877,nls,Nolus,493031,0.0045231609356132,-0.2099295438345971,0.0331316561342776,21.046829656327183,2025,1,1,January
2025-01-17,0.0109359507755696,5105940.670296813,16495.055665851163,nls,Nolus,489932,0.0032305615617136,-0.1707550595529072,0.0466323063767371,-0.6285608815672861,2025,1,1,January
2025-01-18,0.0112701281605016,5273032.194607256,55737.74019048827,nls,Nolus,178694,0.0105703394429283,3.0557689202349136,3.2724924769000463,-63.52677514430574,2025,1,1,January
2025-01-19,0.0112199809443919,5260254.365655415,35890.56075855668,nls,Nolus,166877,0.0068229705758886,-0.4449569285776666,-0.2423241216867433,-6.612980849944594,2025,1,1,January
2025-01-20,0.0109362612195331,5134213.76389079,33679.95593802242,nls,Nolus,135818,0.0065599052721363,-2.5287005946357133,-2.3960932875709107,-18.61191176734961,2025,1,1,January
2025-01-21,0.0109726296809656,5164446.0919012735,53284.28189818032,nls,Nolus,169686,0.010317521172646,0.3325493118946143,0.5888404612817144,24.93631182906537,2025,1,1,January
2025-01-22,0.0109480864204329,5153453.765666399,51053.22416340012,nls,Nolus,185337,0.0099066037040109,-0.2236771060933229,-0.2128461801956249,9.223506948127724,2025,1,1,January
2025-01-23,0.0108320262036167,5118643.609517601,27270.976628358792,nls,Nolus,137933,0.0053277740567151,-1.060095914109871,-0.6754723673027208,-25.577191818147483,2025,1,1,January
2025-01-24,0.0107226380668466,5077553.720998987,41313.57231345762,nls,Nolus,75662,0.0081365111200299,-1.0098584947435096,-0.8027495495527837,-45.14583167189868,2025,1,1,January
2025-01-25,0.0106206698097241,5038793.382876674,33024.30342815815,nls,Nolus,72464,0.0065540102399087,-0.9509624076352918,-0.763366381767927,-4.226692395125687,2025,1,1,January
2025-01-26,0.0106238549473478,5053281.959510993,18628.12895106798,nls,Nolus,80107,0.0036863426779515,0.0299899882094889,0.2875405981828116,10.547306248620014,2025,1,1,January
2025-01-27,0.0104612924839189,4978010.135802771,16263.133615698169,nls,Nolus,79678,0.0032669948778791,-1.5301645611181525,-1.489563105944447,-0.5355337236446212,2025,1,1,January
2025-01-28,0.0102931237372446,4912677.271783024,9151.53099515804,nls,Nolus,90348,0.0018628398506292,-1.6075331698526152,-1.3124293088489505,13.391400386555883,2025,1,1,January
2025-01-29,0.0102461900873708,4899767.045549239,3815.92598813743,nls,Nolus,118205,0.0007787974311153,-0.4559709090449004,-0.2627941043051529,30.83300128392439,2025,1,1,January
2025-01-30,0.0102287297484023,4901060.764175238,17781.76066390447,nls,Nolus,109109,0.0036281453178221,-0.1704081109127342,0.0264036762150698,-7.6951059599847715,2025,1,1,January
2025-01-31,0.0099926581916032,4797368.646074406,48037.38093590035,nls,Nolus,129400,0.0100132769607373,-2.3079264249409537,-2.1157076618755544,18.596999330944275,2025,1,1,January
2025-02-01,0.0097293086444026,4669300.449696742,54340.939378413765,nls,Nolus,101679,0.0116379187768786,-2.6354303544761204,-2.669550868942694,-21.422720247295214,2025,2,1,February
2025-02-02,0.0097208305496229,4675104.566883837,20500.62334978626,nls,Nolus,84308,0.004385061993052,-0.0871397453776068,0.1243037848950523,-17.084157003904444,2025,2,1,February
2025-02-03,0.0096157802393314,4614785.605011143,23007.81293929909,nls,Nolus,254218,0.0049856732053413,-1.0806721684454956,-1.2902163151593316,201.534848412962,2025,2,1,February
2025-02-04,0.0097634473863841,4686638.100700295,115378.51532519236,nls,Nolus,821932,0.024618609938743,1.5356751441630845,1.5570061502126586,223.31778237575625,2025,2,1,February
2025-02-05,0.0095711259507764,4601276.108042324,26531.173011941344,nls,Nolus,729227,0.0057660467202932,-1.9698107440602295,-1.8213907458571543,-11.278913584092107,2025,2,1,February
2025-02-06,0.0095635288097979,4590590.141292204,18486.79664108112,nls,Nolus,755248,0.004027106771043,-0.0793756243266163,-0.2322391984137306,3.5682990344570342,2025,2,1,February
2025-02-07,0.0094266660425336,4523375.028117348,19155.11118302592,nls,Nolus,732924,0.0042346944624218,-1.431090656872236,-1.464193297725691,-2.9558502637544226,2025,2,1,February
2025-02-08,0.0092289894501141,4430106.933944235,38988.60347867387,nls,Nolus,701421,0.0088008267204424,-2.096993693503424,-2.0619138053634134,-4.29826284853545,2025,2,1,February
2025-02-09,0.0092261600859066,4429859.430436432,29470.300448695376,nls,Nolus,715813,0.0066526491215979,-0.030657356612318,-0.0055868517733981,2.0518347754059363,2025,2,1,February
2025-02-10,0.0088480846375946,4248756.444753342,42544.67233386646,nls,Nolus,713567,0.0100134410826027,-4.097863518427369,-4.088233239158279,-0.3137690989127084,2025,2,1,February
2025-02-11,0.0085331280277483,4097341.930130916,86616.06897506272,nls,Nolus,704296,0.0211395754740672,-3.5596021370324804,-3.563737215612905,-1.2992473026359086,2025,2,1,February
2025-02-12,0.0083688436439527,4017792.596481948,157145.6391684088,nls,Nolus,683338,0.0391124318627119,-1.92525394276698,-1.9414863344447757,-2.9757374740166043,2025,2,1,February
2025-02-13,0.0084159327124812,4040399.556171731,144025.0892969083,nls,Nolus,678423,0.0356462491628851,0.5626711470765766,0.5626711470765766,-0.7192633806403226,2025,2,1,February
2025-02-14,0.0083544084997616,4010862.437677749,143232.73569114014,nls,Nolus,680964,0.0357112062347544,-0.7310444940739513,-0.7310444940739624,0.3745450847037812,2025,2,1,February
2025-02-15,0.0083656820053866,4015913.902862356,139502.04572530868,nls,Nolus,763933,0.0347373098875148,0.134940799522143,0.1259446132371389,12.184050845565997,2025,2,1,February
2025-02-16,0.0084584463704049,4060634.04944618,112541.7755787212,nls,Nolus,763933,0.0277153208608075,1.108867931611668,1.1135733401044678,0.0,2025,2,1,February
2025-02-17,0.0083675431340887,4016270.007772293,64733.07764035087,nls,Nolus,763933,0.0161177105909411,-1.074703702494384,-1.092539764324163,0.0,2025,2,1,February
2025-02-18,0.008186411925259,3930209.073606507,76585.99134866001,nls,Nolus,763933,0.0194864929357007,-2.1646880802053348,-2.1428074805538766,0.0,2025,2,1,February
2025-02-19,0.0074917641200083,3596976.8411869,105598.6637003757,nls,Nolus,763933,0.029357615676372,-8.485375663876882,-8.478740600784906,0.0,2025,2,1,February
2025-02-20,0.0076594710364157,3676968.263291814,107713.34380641876,nls,Nolus,763933,0.0292940640477511,2.238550409768103,2.2238514629557398,0.0,2025,2,1,February
2025-02-21,0.0076088766495164,3653662.707139231,110720.29278362352,nls,Nolus,763933,0.0303039173723608,-0.6605467487075023,-0.6338253279270512,0.0,2025,2,1,February
2025-02-22,0.0072767179843944,3493666.448536256,98851.6034908284,nls,Nolus,749827,0.0282945166480458,-4.365410039116934,-4.379064829666501,-1.846497009554504,2025,2,1,February
2025-02-23,0.0073067704994193,3507923.609712782,45161.05024985076,nls,Nolus,756056,0.0128740118869203,0.4129954615436748,0.4080859288241312,0.8307249538893613,2025,2,1,February
2025-02-24,0.0074670050742259,3584310.8654899034,115485.15928325376,nls,Nolus,753012,0.032219627040488,2.1929602800495607,2.1775632618002083,-0.4026156792618529,2025,2,1,February
2025-02-25,0.0073519149269699,3530106.088921103,114415.87025093992,nls,Nolus,697537,0.0324114537548951,-1.5413160445442498,-1.5122788899447626,-7.367080471493148,2025,2,1,February
2025-02-26,0.0069011304780264,3314196.588954085,237931.74667567556,nls,Nolus,691872,0.0717916817211991,-6.1315242820604965,-6.116232615349116,-0.8121432984916965,2025,2,1,February
2025-02-27,0.0068788760464182,3301099.748610741,155936.3566547774,nls,Nolus,727804,0.0472376991093355,-0.3224751608301712,-0.395173912947544,5.193446186577866,2025,2,1,February
2025-02-28,0.0068825541857978,3301970.075457216,156904.70366347567,nls,Nolus,727804,0.047518511699943,0.0534700633464391,0.0263647545591494,0.0,2025,2,1,February
2025-03-01,0.006402922828762,3073974.97572256,152494.12712475896,nls,Nolus,727804,0.0496081224893231,-6.968798851238301,-6.9048202898412185,0.0,2025,3,1,March
2025-03-02,0.0067530182801958,3241215.9376123925,109548.72768129676,nls,Nolus,727804,0.0337986514289432,5.467744353581039,5.4405440255908655,0.0,2025,3,1,March
2025-03-03,0.0068802694681294,3303144.007335598,161475.16028503235,nls,Nolus,727804,0.0488852922931696,1.8843601876025629,1.9106431325530249,0.0,2025,3,1,March
2025-03-04,0.0064154249305943,3075844.269859676,162427.97598193813,nls,Nolus,727804,0.0528076071905123,-6.756196682241821,-6.88131480102403,0.0,2025,3,1,March
2025-03-05,0.0065064692133163,3124316.56242923,161143.60954375536,nls,Nolus,734568,0.0515772349964634,1.4191465679504578,1.5759020391421297,0.929371094415532,2025,3,1,March
2025-03-06,0.0065154727909159,3128217.182228263,106669.4960501359,nls,Nolus,230733,0.0340991337353866,0.1383788550194387,0.124847137640871,-68.58929329891853,2025,3,1,March
2025-03-07,0.0066919644162378,3201845.6165891387,151396.74675882168,nls,Nolus,230733,0.0472842119477645,2.708807648893985,2.353686782975517,0.0,2025,3,1,March
2025-03-08,0.0066245390961812,3184580.0146367946,141725.97611937937,nls,Nolus,230733,0.0445038201169341,-1.0075564641824353,-0.5392390520919887,0.0,2025,3,1,March
2025-03-09,0.0063620942739718,3054161.9728808566,131564.276521583,nls,Nolus,230733,0.043077046237166,-3.96170689611699,-4.095298003395032,0.0,2025,3,1,March
2025-03-10,0.0064173061399685,3080880.250063552,65288.36169123045,nls,Nolus,230733,0.0211914636052094,0.8678253357953913,0.8748153313392404,0.0,2025,3,1,March
2025-03-11,0.0064147475284381,3079651.8879502625,131319.25468298772,nls,Nolus,230733,0.0426409410741518,-0.0398704919888914,-0.0398704919888914,0.0,2025,3,1,March
2025-03-12,0.0060758759150348,2917366.582722322,178174.65105963935,nls,Nolus,230733,0.0610737958386349,-5.282696035985445,-5.269599004449599,0.0,2025,3,1,March
2025-03-13,0.0064162282658569,3098389.458495716,180108.6422597261,nls,Nolus,230733,0.0581297621465475,5.6017001594757865,6.205009574232978,0.0,2025,3,1,March
2025-03-14,0.006326730616195,3036909.074734705,139869.92431931605,nls,Nolus,233176,0.0460566717268394,-1.3948638663326296,-1.984269072192724,1.0587995648650097,2025,3,1,March
2025-03-15,0.0064801334476054,3111042.970532401,117220.01325191963,nls,Nolus,242005,0.0376786866533892,2.424677779351692,2.441096982930624,3.786410265207407,2025,3,1,March
2025-03-16,0.0065063801088893,3123643.7127466886,106001.02773396832,nls,Nolus,289988,0.0339350570941905,0.4050327280478161,0.4050327280478383,19.82727629594429,2025,3,1,March
2025-03-17,0.0064238444001908,3084019.199078792,106174.3690645136,nls,Nolus,309612,0.0344272724035661,-1.2685349966835455,-1.2685349966835455,6.767176572823708,2025,3,1,March
2025-03-18,0.0064604022703299,3101570.242715982,78489.4427480141,nls,Nolus,311976,0.0253063566534873,0.5690964453928471,0.5690964453928249,0.763536297042755,2025,3,1,March
2025-03-19,0.0063724055651742,3061564.0550247496,48288.17974027013,nls,Nolus,317811,0.015772389168542,-1.3620932795443297,-1.2898688264496472,1.8703361797061333,2025,3,1,March
2025-03-20,0.0064338301471454,3091128.765466648,61531.72296019942,nls,Nolus,320049,0.0199059073978467,0.9639151391569678,0.965673424123703,0.7041921141810681,2025,3,1,March
2025-03-21,0.0064051081793535,3074731.619052398,42290.94713748384,nls,Nolus,326454,0.0137543539980629,-0.4464209830695731,-0.5304582131108404,2.0012560576661675,2025,3,1,March
2025-03-22,0.0063670427988517,3056749.3559513725,56010.46611201824,nls,Nolus,320760,0.0183235390245418,-0.5942972302080407,-0.5848400878177284,-1.7441967321582874,2025,3,1,March
2025-03-23,0.0063425666887596,3046597.7393810344,91608.9069211833,nls,Nolus,340700,0.0300692492930803,-0.3844188089413114,-0.3321049712686874,6.216485846115472,2025,3,1,March
2025-03-24,0.006451218093718,3097161.017455487,101498.76836991037,nls,Nolus,350953,0.0327715503965944,1.71305104526418,1.6596637429634908,3.00939242735545,2025,3,1,March
2025-03-25,0.0064509768918481,3091190.997059301,83573.53048633627,nls,Nolus,322934,0.0270360293381551,-0.0037388577840413,-0.1927578308825173,-7.983690123748765,2025,3,1,March
2025-03-26,0.0064117019847727,3078703.374088545,99683.73750513518,nls,Nolus,332766,0.0323784806110613,-0.6088210783236847,-0.4039744869416273,3.0445849616330234,2025,3,1,March
2025-03-27,0.0064049219865661,3074985.608204072,102199.16035305406,nls,Nolus,367751,0.0332356548532735,-0.1057441257062086,-0.1207575213566514,10.51339379624121,2025,3,1,March
2025-03-28,0.006417450142982,3083803.6597525817,102285.89015109504,nls,Nolus,367751,0.033168742707602,0.1956020142352077,0.2867672461615234,0.0,2025,3,1,March
2025-03-29,0.006403209354595,3072993.696861125,105805.31008217444,nls,Nolus,367751,0.0344306954453723,-0.2219072695491153,-0.350539920311399,0.0,2025,3,1,March
2025-03-30,0.0064120710852718,3077493.3439138364,103063.6530362673,nls,Nolus,367751,0.0334894804045928,0.1383951419675178,0.1464255217089372,0.0,2025,3,1,March
2025-03-31,0.0064301861608029,3083278.6209550397,97799.78155294983,nls,Nolus,367751,0.0317194109180624,0.2825152012548182,0.1879866629977966,0.0,2025,3,1,March
2025-04-01,0.0061557739794102,2956409.7355915126,105679.21173475444,nls,Nolus,367751,0.0357457934407763,-4.267562004122438,-4.114739566553649,0.0,2025,4,2,April
2025-04-02,0.0061574843679394,2957291.7344195587,97773.92004667406,nls,Nolus,367751,0.0330619799557464,0.0277851093134717,0.0298334434982949,0.0,2025,4,2,April
2025-04-03,0.0061718919076701,2962954.642583617,104964.00540707324,nls,Nolus,367751,0.0354254513040899,0.2339841868813641,0.1914896693535173,0.0,2025,4,2,April
2025-04-04,0.0061799193939936,2966913.404575853,102336.47018028308,nls,Nolus,367751,0.0344925706366927,0.1300652448808614,0.1336085924279917,0.0,2025,4,2,April
2025-04-05,0.0061485916199897,2951896.9583793185,105105.52745925174,nls,Nolus,367751,0.035606096331004,-0.5069285213380792,-0.5061302488092445,0.0,2025,4,2,April
2025-04-06,0.0061804277265085,2962793.091927592,100049.56079381294,nls,Nolus,367751,0.0337686627751385,0.517778842479566,0.3691230995493733,0.0,2025,4,2,April
2025-04-07,0.0058693391498349,2816844.7048522527,99931.66756379492,nls,Nolus,367751,0.0354764561183135,-5.0334473670700985,-4.926040480956607,0.0,2025,4,2,April
2025-04-08,0.0056522206051196,2712074.515751099,109430.02315490812,nls,Nolus,367751,0.0403491948762336,-3.6991991631868726,-3.719416584119029,0.0,2025,4,2,April
2025-04-09,0.0056183009586694,2697525.0203257003,107232.92871082624,nls,Nolus,367751,0.0397523388672327,-0.600111864344377,-0.536471079275247,0.0,2025,4,2,April
2025-04-10,0.0056375173319168,2706598.4414563184,107243.3524237137,nls,Nolus,367751,0.0396229269850647,0.3420317528166183,0.3363609628177721,0.0,2025,4,2,April
2025-04-11,0.005610377018212,2694066.339680828,95368.97067686912,nls,Nolus,367751,0.0353996370735873,-0.4814231532587643,-0.4630203573437241,0.0,2025,4,2,April
2025-04-12,0.005671355603361,2722097.559717297,103708.52962047346,nls,Nolus,367751,0.0380987555902456,1.0868892580853995,1.040479947490458,0.0,2025,4,2,April
2025-04-13,0.005719507277298,2746161.0133048645,105733.05143909728,nls,Nolus,367751,0.0385021311302693,0.8490328821644022,0.8840040836033181,0.0,2025,4,2,April
2025-04-14,0.0057233355786546,2745236.8013476105,97621.60167907164,nls,Nolus,367751,0.0355603573546552,0.0669341111204646,-0.0336546893199729,0.0,2025,4,2,April
2025-04-15,0.005700467600461,2736290.0923167397,97777.98358183436,nls,Nolus,367751,0.0357337783213798,-0.3995568297422536,-0.3258993550749212,0.0,2025,4,2,April
2025-04-16,0.005753249514881,2760668.34534348,99056.13131029432,nls,Nolus,367751,0.0358812138652496,0.92592254038526,0.8909235572351237,0.0,2025,4,2,April
2025-04-17,0.0057253982327442,2748695.203500933,97392.92848232837,nls,Nolus,367751,0.0354324220300169,-0.4840965451741619,-0.4337044637303888,0.0,2025,4,2,April
2025-04-18,0.0057883480374764,2778907.3299163394,99336.47831441204,nls,Nolus,367751,0.0357465962412653,1.0994834275824594,1.0991442913323324,0.0,2025,4,2,April
2025-04-19,0.0057616371773779,2766100.5725219217,107184.1705219302,nls,Nolus,367751,0.0387491950172324,-0.4614591231476561,-0.4608558643372729,0.0,2025,4,2,April
2025-04-20,0.0058050225860248,2786929.608754771,102224.35306512123,nls,Nolus,367751,0.0366799192717307,0.7530048719016635,0.7530108066120977,0.0,2025,4,2,April
2025-04-21,0.0058220750803548,2794754.8545646365,102269.5334913042,nls,Nolus,367751,0.0365933825373873,0.2937541426795587,0.2807837623628462,0.0,2025,4,2,April
2025-04-22,0.0059122085172535,2839599.974405783,103272.6320873758,nls,Nolus,367751,0.0363687255311328,1.548132506962796,1.604617298290112,0.0,2025,4,2,April
2025-04-23,0.0060856463038844,2921653.899248372,107400.69462409138,nls,Nolus,367751,0.0367602386619857,2.9335532758140825,2.8896297218681037,0.0,2025,4,2,April
2025-04-24,0.0061583812331022,2956591.1575820185,103385.10766820952,nls,Nolus,367751,0.034967671266649,1.1951882443673512,1.1958041417100995,0.0,2025,4,2,April
2025-04-25,0.0062199040926398,2986109.5937878746,104110.93007452771,nls,Nolus,367751,0.034865073368745,0.9990102465069484,0.9983942531302414,0.0,2025,4,2,April
2025-04-26,0.0062600620564731,3005575.376838418,107312.46724301648,nls,Nolus,367751,0.0357044671279876,0.6456363833772683,0.6518777171152346,0.0,2025,4,2,April
2025-04-27,0.0062837308859247,3016826.575640968,104203.29430233483,nls,Nolus,367751,0.0345406975474536,0.3780925690215042,0.3743442566522814,0.0,2025,4,2,April
2025-04-28,0.0062665170481352,3008488.0149384704,105748.67379203891,nls,Nolus,367751,0.0351501063879763,-0.2739429504858837,-0.276401725237585,0.0,2025,4,2,April
2025-04-29,0.00631460383879,3031570.691252586,92331.497582651,nls,Nolus,367751,0.030456653327949,0.767360725031474,0.7672517290911562,0.0,2025,4,2,April
2025-04-30,0.0063743987612225,3061486.2348666918,106585.01262149212,nls,Nolus,367751,0.0348147940067851,0.946930701577542,0.9868001330275656,0.0,2025,4,2,April
2025-05-01,0.0066649157496831,3199786.8672788963,121065.48907323484,nls,Nolus,367751,0.0378354853291179,4.5575590631050655,4.517434402844112,0.0,2025,5,2,May
2025-05-02,0.0067066707321674,3219772.218894295,101418.33220831752,nls,Nolus,367751,0.0314986046569299,0.6264892768712338,0.6245838377477275,0.0,2025,5,2,May
2025-05-03,0.0067568908206534,3243924.357925619,99510.15355658894,nls,Nolus,367751,0.0306758550992299,0.7488080225143356,0.7501194926024413,0.0,2025,5,2,May
2025-05-04,0.0067823285316874,3256106.200584401,100614.98223280416,nls,Nolus,367751,0.0309003994448172,0.3764706535762885,0.3755279505522013,0.0,2025,5,2,May
2025-05-05,0.006776527813218,3253318.9751965567,99813.16719357998,nls,Nolus,367751,0.0306804122050619,-0.0855269461260133,-0.0855999533229012,0.0,2025,5,2,May
2025-05-06,0.0068559429115452,3291465.1515765805,107677.44660268223,nls,Nolus,365595,0.0327141384289321,1.1719142976475585,1.1725310881242068,-0.5862662508055672,2025,5,2,May
2025-05-07,0.0068528631522194,3289996.274570504,97034.0632028008,nls,Nolus,431357,0.0294936696289931,-0.0449210176557079,-0.0446268436223085,17.987663945075827,2025,5,2,May
2025-05-08,0.0067594933611925,3245158.085901636,98114.48906696116,nls,Nolus,451168,0.0302341169427809,-1.3624931499858772,-1.3628644207118734,4.592715546519477,2025,5,2,May
2025-05-09,0.0067237938809822,3228013.278402701,88936.9999172024,nls,Nolus,411708,0.0275516214608666,-0.5281384018410495,-0.528319639447461,-8.746187672884599,2025,5,2,May
2025-05-10,0.0068274859553712,3277650.1924670995,114075.75277526616,nls,Nolus,347259,0.0348041267605195,1.5421661672627929,1.5376923755704208,-15.654055787111254,2025,5,2,May
2025-05-11,0.0068894861200724,3307494.614213136,111116.28769486248,nls,Nolus,315863,0.0335953041971309,0.9080965542293872,0.910543224369298,-9.041090367708248,2025,5,2,May
2025-05-12,0.0069451752154896,3334323.976030944,102328.562016005,nls,Nolus,309692,0.0306894479215583,0.8083200175844407,0.8111687227702724,-1.9536951146541413,2025,5,2,May
2025-05-13,0.0069602251665282,3341570.136689753,102824.7130418939,nls,Nolus,307657,0.0307713765792014,0.2166964917604374,0.2173202337534929,-0.6571044779974944,2025,5,2,May
2025-05-14,0.0069804393521389,3351235.6098259054,102293.11706811842,nls,Nolus,310599,0.0305240003920322,0.290424305637238,0.2892494468402118,0.95625973080411,2025,5,2,May
2024-06-01,0.0173884756811775,43353409.940403305,290115.3358659019,stars,Stargaze,274113,0.0066918689040773,0.0,0.0,0.0,2024,6,2,June
2024-06-02,0.0180397293261795,44971192.17975067,131615.70340494064,stars,Stargaze,270511,0.0029266669844746,3.7453176284276015,3.731614748577528,-1.3140566116893404,2024,6,2,June
2024-06-03,0.0176780098079996,44050087.69158807,168204.81573304028,stars,Stargaze,277790,0.0038184899179022,-2.0051271925405345,-2.048210072975021,2.690833274802129,2024,6,2,June
2024-06-04,0.0168004017620097,41918458.99613659,94732.89996477265,stars,Stargaze,243610,0.002259932789359,-4.964405244264547,-4.839102047596011,-12.304258612621044,2024,6,2,June
2024-06-05,0.0168308555689897,41534618.919589534,108438.29170762084,stars,Stargaze,242382,0.0026107929849448,0.1812683256713354,-0.915682698599285,-0.5040843971922282,2024,6,2,June
2024-06-06,0.0173512326459606,41548046.25060047,133556.03932403424,stars,Stargaze,234782,0.0032144962609909,3.091804066868953,0.0323280467239506,-3.135546368954789,2024,6,2,June
2024-06-07,0.0159746381337529,39865335.348214805,200725.3418680829,stars,Stargaze,223531,0.0050350847450495,-7.933698661623256,-4.050036173148208,-4.792105016568559,2024,6,2,June
2024-06-08,0.0146881238847727,36635068.027128085,216730.8832390977,stars,Stargaze,209912,0.0059159405157541,-8.053479760908388,-8.10294781887837,-6.092667236311744,2024,6,2,June
2024-06-09,0.0144864820739395,36120558.52923143,240857.46423950835,stars,Stargaze,204580,0.0066681544817361,-1.3728221004609908,-1.4044180224141112,-2.5401120469530136,2024,6,2,June
2024-06-10,0.0153628540022794,38311049.19330944,230707.5711990004,stars,Stargaze,208454,0.0060219590968365,6.049584183840162,6.0643875766907,1.893635741519217,2024,6,2,June
2024-06-11,0.0135479119001624,33795881.02259507,303933.02553519193,stars,Stargaze,182002,0.0089931972873259,-11.813834212364805,-11.785550815723632,-12.689610177785028,2024,6,2,June
2024-06-12,0.0121254730881155,30250000.96042477,167204.58248942593,stars,Stargaze,213216,0.005527424039033,-10.499321390109028,-10.49204800963649,17.150360985044124,2024,6,2,June
2024-06-13,0.0134880724065722,33645651.251360275,7987.578880802468,stars,Stargaze,233147,0.0002374030100094,11.237494063569596,11.225289861570388,9.347797538646253,2024,6,2,June
2024-06-14,0.0130058249162922,32467893.64035199,181283.09777031717,stars,Stargaze,191628,0.0055834573002608,-3.575362555476025,-3.5004750010914742,-17.808078165277696,2024,6,2,June
2024-06-15,0.0156379668719807,39019985.11019378,216401.85784730143,stars,Stargaze,188994,0.0055459236398008,20.238177682918955,20.180217239897186,-1.3745381676999235,2024,6,2,June
2024-06-16,0.0126752210885233,31573978.48203172,169430.2934519537,stars,Stargaze,209507,0.0053661369772698,-18.945850235594865,-19.082546052066096,10.85378371800163,2024,6,2,June
2024-06-17,0.0134685541946885,33761350.84245973,136824.26618498913,stars,Stargaze,162344,0.0040526893258344,6.258929139180758,6.927769212463408,-22.511419666168678,2024,6,2,June
2024-06-18,0.0128774080696892,32602881.13212634,157841.7187513625,stars,Stargaze,157590,0.0048413426442802,-4.389083760990575,-3.431348809883672,-2.9283496772286037,2024,6,2,June
2024-06-19,0.01256460895142,31308153.76667128,285080.5450413308,stars,Stargaze,173320,0.0091056325826791,-2.4290533978297058,-3.971205367427644,9.98159781712038,2024,6,2,June
2024-06-20,0.0127915806198063,31852218.694305457,443960.4316745138,stars,Stargaze,200757,0.0139381320948259,1.8064363902123624,1.737773909279028,15.830256173551804,2024,6,2,June
2024-06-21,0.0136665298556363,34083800.66831829,273610.1543030249,stars,Stargaze,192160,0.0080275717184718,6.840040037547546,7.006048763604,-4.282291526571925,2024,6,2,June
2024-06-22,0.0117288885456357,28403855.98288797,197016.7041582133,stars,Stargaze,196083,0.006936266127983,-14.178005173723276,-16.66464588472365,2.041527893422157,2024,6,2,June
2024-06-23,0.0130194377593783,32460223.884937137,213922.45500260848,stars,Stargaze,226333,0.0065902951181392,11.003167169004625,14.281046575130295,15.42714054762524,2024,6,2,June
2024-06-24,0.0113560837964356,28353217.574470464,244496.43126114225,stars,Stargaze,186292,0.0086232340516192,-12.775927760355776,-12.652427552640788,-17.691189530470584,2024,6,2,June
2024-06-25,0.0113705649501387,28336177.057250537,250018.10194490608,stars,Stargaze,193698,0.0088232827399323,0.1275189049563918,-0.0601008233903965,3.975479354991096,2024,6,2,June
2024-06-26,0.0125660516396336,29187616.67851986,162099.59007047254,stars,Stargaze,214330,0.0055537110774024,10.51387239541004,3.0047794363688096,10.65163295439293,2024,6,2,June
2024-06-27,0.0109414868601781,27747656.06752752,214966.32791000544,stars,Stargaze,214816,0.0077471887134126,-12.928203910380187,-4.933464170276203,0.2267531376848763,2024,6,2,June
2024-06-28,0.0111762572542366,28321553.37898,220718.01757074016,stars,Stargaze,216656,0.0077932878404386,2.145690042483972,2.068273118478281,0.856546998361396,2024,6,2,June
2024-06-29,0.0114705428183523,30870899.32772893,158322.80432010084,stars,Stargaze,177494,0.0051285452567911,2.633131623774632,9.001434047897373,-18.07565910937153,2024,6,2,June
2024-06-30,0.0114414928431132,29003896.868161213,159850.16861948604,stars,Stargaze,191330,0.0055113341957494,-0.2532571971450292,-6.047774765961345,7.79519307694907,2024,6,2,June
2024-07-01,0.011801359638893,29922227.514915407,150068.6255193438,stars,Stargaze,202285,0.0050152892342168,3.1452783366147097,3.166231940930264,5.725709507134269,2024,7,3,July
2024-07-02,0.0119179789748993,30264815.43728175,163010.3348230672,stars,Stargaze,199738,0.0053861334512637,0.9881855953439268,1.1449278707461596,-1.259114615517709,2024,7,3,July
2024-07-03,0.0119851235108092,30389522.12461445,275805.381295356,stars,Stargaze,180248,0.0090756735220908,0.5633886085161022,0.4120517027144554,-9.757782695330883,2024,7,3,July
2024-07-04,0.0107767398025211,27114933.864053197,175380.3428680273,stars,Stargaze,175645,0.0064680350594744,-10.082363416599604,-10.775385829147211,-2.5537037858949896,2024,7,3,July
2024-07-05,0.0102354384253075,25942922.82811372,145487.41818246618,stars,Stargaze,148015,0.0056079809952949,-5.022867649518236,-4.322382056381247,-15.730592957385635,2024,7,3,July
2024-07-06,0.0100981603582962,25616309.7147148,251695.2987014022,stars,Stargaze,195514,0.0098255877409547,-1.3412035841267156,-1.2589680644810586,32.09066648650474,2024,7,3,July
2024-07-07,0.0104845266188382,26599905.027633037,128519.9452247955,stars,Stargaze,178202,0.0048315941388243,3.82610541755406,3.839722910412924,-8.854608877113657,2024,7,3,July
2024-07-08,0.0101347624962226,25580777.124589976,112852.10912499222,stars,Stargaze,162978,0.0044115981533849,-3.336003000719434,-3.831321585488168,-8.543113994231266,2024,7,3,July
2024-07-09,0.0116722450627051,28398287.625381947,155726.05717843544,stars,Stargaze,181038,0.0054836425080521,15.170385759465145,11.014170863806893,11.08125023009241,2024,7,3,July
2024-07-10,0.0109790233757011,27851827.687519737,125483.54331569,stars,Stargaze,177789,0.0045053970864511,-5.939060423080289,-1.924270734457212,-1.794650846783552,2024,7,3,July
2024-07-11,0.0108546093379124,27592228.772189576,129231.17895529636,stars,Stargaze,198515,0.0046836078383617,-1.1331976764351714,-0.9320713823261384,11.657639111531084,2024,7,3,July
2024-07-12,0.0107718730858681,27367027.32268929,175126.1884235756,stars,Stargaze,192463,0.0063991673760775,-0.762222291642578,-0.816177088699932,-3.048636123214865,2024,7,3,July
2024-07-13,0.0110481849973404,28107554.062098037,120687.12490305956,stars,Stargaze,199280,0.0042937611944612,2.565124090023008,2.7059085763209145,3.541979497357928,2024,7,3,July
2024-07-14,0.0111510996672547,28270522.648642708,192348.1429809949,stars,Stargaze,208509,0.0068038410669506,0.9315074823521564,0.5798035153988357,4.631172219991964,2024,7,3,July
2024-07-15,0.0111163519372296,28218066.551512714,160535.15796977218,stars,Stargaze,201035,0.0056890913371655,-0.3116081019982841,-0.1855505035472382,-3.584497551664434,2024,7,3,July
2024-07-16,0.0113043467635954,28850955.95658269,151123.43580533026,stars,Stargaze,195123,0.0052380737758829,1.6911557624953888,2.242851769856813,-2.94078145596538,2024,7,3,July
2024-07-17,0.0116261089879917,29558745.217363875,193124.06076107276,stars,Stargaze,194006,0.006533567624096,2.8463584064184038,2.4532610352541617,-0.5724594230306024,2024,7,3,July
2024-07-18,0.0115307864548169,29282285.208297662,125946.56412611864,stars,Stargaze,189548,0.0043011180046299,-0.8199005640945223,-0.9352900707835454,-2.2978670762759945,2024,7,3,July
2024-07-19,0.0113437715062617,28854853.620979283,133867.23161550605,stars,Stargaze,178458,0.0046393315098357,-1.621875049789545,-1.459693409438079,-5.850760757169693,2024,7,3,July
2024-07-20,0.0113363549684933,28855231.759261865,105456.08039224028,stars,Stargaze,189830,0.0036546606616109,-0.0653798233177904,0.0013104841478206,6.372367727980821,2024,7,3,July
2024-07-21,0.0114215467514613,29063941.48025801,119077.618972224,stars,Stargaze,185529,0.004097091203308,0.75149184376051,0.7232994097479573,-2.265711426012751,2024,7,3,July
2024-07-22,0.0110907561010873,28223880.41481798,142465.11271722577,stars,Stargaze,180494,0.0050476798591603,-2.896198365879621,-2.89038933694058,-2.7138614448415037,2024,7,3,July
2024-07-23,0.0105787656153168,26928196.58760313,94266.2104912766,stars,Stargaze,172928,0.0035006507095493,-4.616371337570935,-4.590735958952696,-4.191829091271737,2024,7,3,July
2024-07-24,0.0103764659624378,26408277.41297096,141164.56766716944,stars,Stargaze,178817,0.0053454667057471,-1.9123181308234536,-1.930761211359844,3.405463545521825,2024,7,3,July
2024-07-25,0.0100231240902653,25526382.497168638,134958.18485485893,stars,Stargaze,161826,0.0052870078582356,-3.4052236421489024,-3.339463994607861,-9.501892996750872,2024,7,3,July
2024-07-26,0.009757732295672,24556989.26773281,109084.4221646932,stars,Stargaze,157034,0.004442092675751,-2.647795160503019,-3.7976130364078986,-2.961205245139842,2024,7,3,July
2024-07-27,0.0100310700005485,25557875.54206236,122596.5010742572,stars,Stargaze,165749,0.0047968189246595,2.801242097999701,4.075769482233249,5.549753556554626,2024,7,3,July
2024-07-28,0.0100829804778393,25692780.09761578,113643.8673193539,stars,Stargaze,165454,0.0044231829676501,0.5174969099799087,0.5278394729303582,-0.177979957646801,2024,7,3,July
2024-07-29,0.0099364071583097,25300203.10423712,97361.31467272896,stars,Stargaze,161542,0.0038482424141655,-1.4536705674648709,-1.5279661908408682,-2.3644033991320867,2024,7,3,July
2024-07-30,0.0096287430362923,24874728.422924325,140222.72326563872,stars,Stargaze,171894,0.0056371559472549,-3.096331673165553,-1.6817046075078168,6.408240581396796,2024,7,3,July
2024-07-31,0.0093491653836676,23829637.142495867,117481.01837073144,stars,Stargaze,153599,0.0049300380726832,-2.9035737226645986,-4.201417851321388,-10.64318708041002,2024,7,3,July
2024-08-01,0.0090447889448058,23056060.933875825,187071.1464753973,stars,Stargaze,150679,0.0081137513910946,-3.255653594421315,-3.2462777506607865,-1.9010540433205936,2024,8,3,August
2024-08-02,0.0087915024533658,22269747.09576539,211818.4565971681,stars,Stargaze,145111,0.0095114890926374,-2.8003582282092987,-3.4104430950523734,-3.695272732099364,2024,8,3,August
2024-08-03,0.0077945149701248,19874923.2808448,162176.54182779495,stars,Stargaze,135830,0.0081598575016437,-11.340353807889835,-10.753709077261908,-6.395793564926155,2024,8,3,August
2024-08-04,0.0075388880362566,19221917.84543896,131496.05174430806,stars,Stargaze,128516,0.0068409433856523,-3.2795746091701994,-3.285574621740528,-5.384672016491199,2024,8,3,August
2024-08-05,0.0072751962276582,18597648.23162072,122822.69298695948,stars,Stargaze,96628,0.006604205620909,-3.497754673238551,-3.2476968158844377,-24.812474711319982,2024,8,3,August
2024-08-06,0.0068010291576012,17364721.5692839,202985.59094436976,stars,Stargaze,117284,0.0116895390539072,-6.517584615166594,-6.629476194955286,21.376826592706056,2024,8,3,August
2024-08-07,0.0076750019879979,19588992.54498809,191145.30120871405,stars,Stargaze,132165,0.0097577913090593,12.85059672799498,12.809137001301885,12.68800518399782,2024,8,3,August
2024-08-08,0.0074765888891695,19286913.09360679,99376.44986369905,stars,Stargaze,134497,0.0051525326723559,-2.585186285796548,-1.5420877346680628,1.7644610903037927,2024,8,3,August
2024-08-09,0.0085159634070041,21762774.87881461,122851.88192070252,stars,Stargaze,152374,0.0056450467647071,13.901720868191504,12.83700389581015,13.29174628430374,2024,8,3,August
2024-08-10,0.008413696275326,21483082.722940475,108145.75388460745,stars,Stargaze,149372,0.005033996064686,-1.200887401582007,-1.285186091532875,-1.9701523882027168,2024,8,3,August
2024-08-11,0.008661316207919,22121486.48553324,92443.9854230514,stars,Stargaze,141228,0.0041789228532859,2.9430576584888346,2.971658075454209,-5.452159708646864,2024,8,3,August
2024-08-12,0.0081471732252338,20809827.22594332,94948.36795240124,stars,Stargaze,129381,0.0045626696906945,-5.936083735346854,-5.92934503044228,-8.388563174441332,2024,8,3,August
2024-08-13,0.0082476997162023,21074364.372298323,114262.91575909096,stars,Stargaze,124316,0.0054218914383622,1.2338818408477392,1.2712126029821746,-3.914794289733426,2024,8,3,August
2024-08-14,0.0081481803897465,20809058.584467016,98552.51431332376,stars,Stargaze,127223,0.0047360390626651,-1.2066313018200492,-1.2589029170438135,2.338395701277385,2024,8,3,August
2024-08-15,0.0079337097371755,20269629.59164962,92356.51717459604,stars,Stargaze,119292,0.004556398860522,-2.632129411873896,-2.592279658533192,-6.233935687729419,2024,8,3,August
2024-08-16,0.0073587868549424,18799817.04105343,100970.57164170568,stars,Stargaze,106160,0.0053708273554585,-7.246583266578421,-7.251304440223727,-11.00828219830332,2024,8,3,August
2024-08-17,0.0072763598247045,18647680.20554351,96507.02660992523,stars,Stargaze,114061,0.0051752832280572,-1.1201171043911606,-0.809246362226268,7.442539562923889,2024,8,3,August
2024-08-18,0.0075815728516054,19379828.94665754,108482.03701275772,stars,Stargaze,126072,0.0055976777355131,4.194584026268688,3.926218881082999,10.53033026187742,2024,8,3,August
2024-08-19,0.007589117022283,19436868.67221121,124226.26824506222,stars,Stargaze,114965,0.0063912696196104,0.0995066699911229,0.2943252270733554,-8.810045053620152,2024,8,3,August
2024-08-20,0.0079118680596904,20192223.641942684,99609.02509938732,stars,Stargaze,132009,0.0049330389196206,4.252814081793854,3.8861968070576847,14.825381637889802,2024,8,3,August
2024-08-21,0.0081346078213709,20817450.88811206,118038.05031001016,stars,Stargaze,142495,0.0056701490948354,2.81526132640213,3.0963763934878097,7.943397798634932,2024,8,3,August
2024-08-22,0.0083768284526369,21432660.92866705,101955.30031777774,stars,Stargaze,157024,0.0047570061718938,2.9776559188216645,2.9552611597912337,10.196147233236251,2024,8,3,August
2024-08-23,0.00826439015052,21153477.51947924,110072.66671589475,stars,Stargaze,157547,0.0052035258323145,-1.3422538464595624,-1.3026073156151785,0.3330701039331529,2024,8,3,August
2024-08-24,0.0086174138863225,22055919.339485712,114220.12943974718,stars,Stargaze,154416,0.0051786610062208,4.271624758425041,4.266162947323715,-1.9873434594121164,2024,8,3,August
2024-08-25,0.0089150562064479,22772718.526348338,107633.38072688913,stars,Stargaze,149523,0.00472641773543,3.4539633821907945,3.2499175202340025,-3.16871308672676,2024,8,3,August
2024-08-26,0.0085164138185755,21908677.080064494,60926.31944497353,stars,Stargaze,138942,0.0027809218795968,-4.471563371457387,-3.7941954329437366,-7.076503280431778,2024,8,3,August
2024-08-27,0.0084915602184641,21398158.834656164,110940.14365322572,stars,Stargaze,140330,0.0051845649203027,-0.291831757366856,-2.3302102794370616,0.9989779908163188,2024,8,3,August
2024-08-28,0.0080279290550116,20562853.09767548,80394.12932759189,stars,Stargaze,129043,0.0039096777546244,-5.459905500574502,-3.90363368846407,-8.043183923608632,2024,8,3,August
2024-08-29,0.008003057065589,20505713.60892046,88982.16370566277,stars,Stargaze,138526,0.0043393839103923,-0.3098182514089331,-0.2778772404957608,7.34871321962447,2024,8,3,August
2024-08-30,0.0080287153284815,20566725.059188943,98493.93301487654,stars,Stargaze,139901,0.0047889944914137,0.320605772047422,0.2975339041209723,0.9925934481613607,2024,8,3,August
2024-08-31,0.0079654909836126,20425093.56786131,97000.53570187604,stars,Stargaze,131750,0.0047490864793151,-0.7874777256663634,-0.688643869746064,-5.826262857306242,2024,8,3,August
2024-09-01,0.0077430461342628,19843757.433521643,106032.12980221404,stars,Stargaze,131379,0.0053433494214707,-2.7926068814517317,-2.846185905627352,-0.2815939278937418,2024,9,3,September
2024-09-02,0.0074517863250584,19120192.72786822,78078.87109604258,stars,Stargaze,135749,0.0040835818031394,-3.761566238325109,-3.6463089617852273,3.3262545764543905,2024,9,3,September
2024-09-03,0.0076986225086922,19747568.63623424,80435.30167200687,stars,Stargaze,136198,0.0040731749388336,3.312443122579966,3.281221676450996,0.3307575009760644,2024,9,3,September
2024-09-04,0.0071730743261721,18431765.007096183,79262.22148480716,stars,Stargaze,128214,0.0043003055569714,-6.826522302226612,-6.663117132930108,-5.86205377465161,2024,9,3,September
2024-09-05,0.0071875067277715,18433927.84285024,104188.4259251974,stars,Stargaze,134057,0.0056519927176349,0.2012024543888602,0.0117342845529,4.557224640054902,2024,9,3,September
2024-09-06,0.0068727680179582,17641172.52443213,96655.10986519822,stars,Stargaze,130620,0.0054789504343509,-4.378969255043785,-4.300523063648565,-2.563834786695207,2024,9,3,September
2024-09-07,0.0065019694274055,16680479.560506923,114531.62249288875,stars,Stargaze,112859,0.0068662068184212,-5.39518560183846,-5.445743261082525,-13.597458275914864,2024,9,3,September
2024-09-08,0.006583938245613,16880207.559308186,122615.49084600343,stars,Stargaze,119899,0.0072638615618437,1.260676770671898,1.1973756394518809,6.237872035017156,2024,9,3,September
2024-09-09,0.0068655780693914,17620395.984573055,52260.337453811466,stars,Stargaze,128372,0.0029659002839417,4.277680216184487,4.38494860127896,7.066781207516337,2024,9,3,September
2024-09-10,0.0072080922852444,18505609.78288764,98559.18349494685,stars,Stargaze,135679,0.0053259084489118,4.988862006828443,5.023801957059315,5.692051226124084,2024,9,3,September
2024-09-11,0.0073442538842348,18855179.591216013,88352.59532397854,stars,Stargaze,132362,0.0046858527597975,1.8890102068907624,1.888993729088706,-2.444740895790798,2024,9,3,September
2024-09-12,0.0071544576388929,18374137.577043086,78263.78678884263,stars,Stargaze,136914,0.0042594536184722,-2.584282193039245,-2.551245995010454,3.43905350478233,2024,9,3,September
2024-09-13,0.0073280811723587,18800791.342223626,67716.09274294805,stars,Stargaze,135314,0.0036017682187062,2.426788195961871,2.3220342363910795,-1.168616795944899,2024,9,3,September
2024-09-14,0.0074740615967635,19190376.54492238,66301.73647344892,stars,Stargaze,132146,0.0034549471355209,1.9920688782138152,2.0721744931225805,-2.341221159673057,2024,9,3,September
2024-09-15,0.0076745030581119,19719057.188170537,84091.8327055687,stars,Stargaze,139126,0.0042644956045877,2.6818277954142378,2.754925845308853,5.282036535347268,2024,9,3,September
2024-09-16,0.0079752620059329,20493122.465213258,99356.9784405576,stars,Stargaze,131839,0.0048483084317294,3.918937103075604,3.925467985898856,-5.237698201630181,2024,9,3,September
2024-09-17,0.007410723636369,19034183.41110303,93312.65545219569,stars,Stargaze,127683,0.0049023724021575,-7.078618472270238,-7.1191642785854325,-3.15232973551074,2024,9,3,September
2024-09-18,0.0079455794618928,20429342.28827308,145454.58296684764,stars,Stargaze,132392,0.007119885746412,7.217322514889135,7.329754300655855,3.688039911342944,2024,9,3,September
2024-09-19,0.0079928925166547,20554074.190158397,113729.62818817567,stars,Stargaze,129864,0.0055331914799952,0.5954638675355284,0.6105527046600834,-1.909480935403951,2024,9,3,September
2024-09-20,0.0084797754953961,21788403.32541584,156733.14565864604,stars,Stargaze,133589,0.0071934204318596,6.091449093390122,6.005277220651784,2.8683853877903065,2024,9,3,September
2024-09-21,0.0083558064534475,21508525.101053685,158906.79893534054,stars,Stargaze,135865,0.0073880844078683,-1.4619377837997605,-1.2845283804512777,1.7037330917964777,2024,9,3,September
2024-09-22,0.0084667779623304,21767293.00095076,104879.74141991948,stars,Stargaze,128886,0.0048182261990656,1.3280765836440225,1.2030945807827376,-5.136716593677548,2024,9,3,September
2024-09-23,0.0079579491880137,20455501.83844314,144865.44040309818,stars,Stargaze,130173,0.0070819792908157,-6.009709674453712,-6.0264322368900896,0.9985568642055798,2024,9,3,September
2024-09-24,0.0082984927336561,21311948.705559548,160685.431571479,stars,Stargaze,129727,0.0075396874209612,4.279287761164285,4.18687780862379,-0.3426209736274055,2024,9,3,September
2024-09-25,0.0085299240012823,21922563.089122143,141179.41190887228,stars,Stargaze,125032,0.0064399135874274,2.7888349734595863,2.8651269388768386,-3.619138652709153,2024,9,3,September
2024-09-26,0.0080724041031619,20732648.47288622,147352.0347709455,stars,Stargaze,116878,0.0071072460888752,-5.363704272764879,-5.427807922816996,-6.521530488195026,2024,9,3,September
2024-09-27,0.0079654000590726,20470746.00894417,124709.59472124612,stars,Stargaze,124136,0.0060920884205567,-1.325553611066299,-1.2632368907646296,6.209894077585165,2024,9,3,September
2024-09-28,0.0081021513475519,20796935.556557305,155609.54527924975,stars,Stargaze,128886,0.0074823305027834,1.7168163239154266,1.5934424054238727,3.826448411419725,2024,9,3,September
2024-09-29,0.00789930430395,20271632.848350044,107030.2724936356,stars,Stargaze,126875,0.0052798051984424,-2.5036195314127485,-2.525865922787996,-1.5602935927874206,2024,9,3,September
2024-09-30,0.0081841691658162,21040892.77770324,116743.64019777502,stars,Stargaze,129077,0.0055484166680173,3.6062018996258383,3.79476056570256,1.7355665024630484,2024,9,3,September
2024-10-01,0.0075216501433892,19324229.21829165,92648.37138511952,stars,Stargaze,118313,0.0047944148425553,-8.095128644141392,-8.158701142333236,-8.339208379494412,2024,10,4,October
2024-10-02,0.0071497807149985,18385494.791372333,141496.8690291852,stars,Stargaze,119917,0.0076961142811116,-4.943987307327358,-4.857810452955846,1.355725913466821,2024,10,4,October
2024-10-03,0.0070641006594056,18151804.3448013,91185.38396477984,stars,Stargaze,113040,0.0050234886974691,-1.1983592086009076,-1.2710587842362342,-5.734799903266429,2024,10,4,October
2024-10-04,0.0067953952095415,17465297.000827342,89627.15595327484,stars,Stargaze,107368,0.0051317281320225,-3.803816831322704,-3.7820336256024767,-5.017692852087752,2024,10,4,October
2024-10-05,0.0071688061832392,18415929.38211621,86917.6797606457,stars,Stargaze,110439,0.0047197009695884,5.495058965421551,5.442978617791816,2.860256314730636,2024,10,4,October
2024-10-06,0.007063352866613,18151786.213867813,82434.03292966126,stars,Stargaze,106182,0.0045413730614942,-1.4710024783876952,-1.4343189679305923,-3.854616575666203,2024,10,4,October
2024-10-07,0.0070455730629507,18077431.777946167,106403.8641332902,stars,Stargaze,120153,0.0058860055698342,-0.2517190348268139,-0.4096260006898999,13.157597332881288,2024,10,4,October
2024-10-08,0.0070639083546112,18175311.74173618,141108.92000628568,stars,Stargaze,109402,0.0077637688976885,0.2602384716846373,0.5414483926274638,-8.947758274866214,2024,10,4,October
2024-10-09,0.0068846243844359,17682245.527984697,108599.93902123888,stars,Stargaze,117923,0.0061417504269672,-2.538027975097678,-2.7128349750351166,7.788705873750024,2024,10,4,October
2024-10-10,0.0068422785604327,17577340.567636378,87694.48657897639,stars,Stargaze,110673,0.0049890645425873,-0.6150782038146452,-0.5932784961179993,-6.148079679112639,2024,10,4,October
2024-10-11,0.00664730761692,17082610.62964649,106336.68948687449,stars,Stargaze,105238,0.0062248500414994,-2.849503155866584,-2.814589249643318,-4.910863534918186,2024,10,4,October
2024-10-12,0.0069065364019757,17742886.771550044,97351.8191779617,stars,Stargaze,107247,0.0054868083436152,3.899756111719866,3.865194590091869,1.9090062524943496,2024,10,4,October
2024-10-13,0.0071027157340963,18255062.309554745,88369.69851738647,stars,Stargaze,106303,0.0048408324780756,2.8404879190167875,2.8866528012000403,-0.8802111014760361,2024,10,4,October
2024-10-14,0.0070665579960797,18159383.590592783,106878.89316929328,stars,Stargaze,115211,0.0058856013826736,-0.5090691978986484,-0.5241215687983858,8.37981994863739,2024,10,4,October
2024-10-15,0.0073675849291194,18904360.00619344,94615.02068917031,stars,Stargaze,118949,0.0050049311723947,4.259880598258681,4.102432287330404,3.244481863710935,2024,10,4,October
2024-10-16,0.0073501948219012,18877044.55030708,122754.43574204264,stars,Stargaze,117041,0.0065028418730963,-0.2360353818181892,-0.144492888822556,-1.6040487940209625,2024,10,4,October
2024-10-17,0.0073111196415849,18798339.42834732,65864.96402918771,stars,Stargaze,112871,0.0035037650150026,-0.5316210149946765,-0.4169356159011483,-3.5628540426004607,2024,10,4,October
2024-10-18,0.0071016321891089,18239834.19377745,74232.10487195238,stars,Stargaze,114235,0.0040697795869919,-2.865326553876657,-2.9710349507130696,1.2084592145015003,2024,10,4,October
2024-10-19,0.0071451375771234,18367615.163864736,81649.13240076118,stars,Stargaze,113735,0.0044452767369273,0.6126111132776169,0.7005599323423706,-0.4376942268131456,2024,10,4,October
2024-10-20,0.0072687983140192,18777327.64508676,108336.84809254034,stars,Stargaze,118698,0.0057695562510402,1.7306977725894734,2.2306242675862675,4.363652349760416,2024,10,4,October
2024-10-21,0.0075660827729975,19549533.378868066,91121.48917234816,stars,Stargaze,120395,0.0046610569882371,4.0898707893011865,4.112436808777531,1.4296786803484451,2024,10,4,October
2024-10-22,0.0078823869651373,20378376.95079072,177365.7463899143,stars,Stargaze,104606,0.0087036247694413,4.180554213187571,4.239710257323015,-13.11433199053117,2024,10,4,October
2024-10-23,0.0074780435855971,19341567.849586423,168073.91649496596,stars,Stargaze,95552,0.008689777261183,-5.129707299685792,-5.087790375592538,-8.655335258015795,2024,10,4,October
2024-10-24,0.0073363163423893,18962172.562617227,107026.71925721595,stars,Stargaze,95530,0.0056442224066778,-1.8952449472324997,-1.9615539439182927,-0.0230241125251162,2024,10,4,October
2024-10-25,0.0073912490610559,19115881.18540908,117146.7796744579,stars,Stargaze,93809,0.0061282437643457,0.7487779439012465,0.810606602615116,-1.8015283157123416,2024,10,4,October
2024-10-26,0.0067166011388411,17400075.860592898,95538.72762927468,stars,Stargaze,87938,0.0054907075345371,-9.127657810497212,-8.97581078357943,-6.258461341662313,2024,10,4,October
2024-10-27,0.0064726101664356,16751221.32770817,120485.25467032648,stars,Stargaze,82926,0.0071926250816728,-3.632655376758853,-3.7290327817146585,-5.699470081193569,2024,10,4,October
2024-10-28,0.0063240766984962,16362398.586340696,91854.97069518986,stars,Stargaze,80357,0.0056137839578037,-2.294800152025034,-2.3211605515851,-3.09794274413332,2024,10,4,October
2024-10-29,0.0062986975265282,16314132.159438252,106823.71963500972,stars,Stargaze,84735,0.0065479253564345,-0.4013103126027428,-0.2949838108866176,5.448187463444376,2024,10,4,October
2024-10-30,0.006352269507666,16446630.58285019,158820.2541398916,stars,Stargaze,83712,0.0096567046569102,0.8505247459833276,0.8121696092506125,-1.2072933262524344,2024,10,4,October
2024-10-31,0.00632029826127,16359714.76681602,113255.3464057751,stars,Stargaze,82302,0.0069228191334669,-0.5033043128510384,-0.5284718690331758,-1.6843463302752326,2024,10,4,October
2024-11-01,0.0059424743424853,15390347.503676623,118029.3588349184,stars,Stargaze,78641,0.0076690509299235,-5.977944444488303,-5.925331076710794,-4.448251561322936,2024,11,4,November
2024-11-02,0.0057769369038435,14960990.47078634,97064.274267244,stars,Stargaze,133727,0.0064878240820203,-2.785665180887076,-2.789781275489178,70.04743072951769,2024,11,4,November
2024-11-03,0.0056583844443143,14645706.361728586,78711.84331838436,stars,Stargaze,133728,0.005374397203816,-2.0521681559362404,-2.1073745730497806,0.000747792143696,2024,11,4,November
2024-11-04,0.0055977107550314,14503264.202626323,82902.38551537546,stars,Stargaze,133727,0.0057161190996136,-1.0722793737338976,-0.9725864740432466,-0.0007477865518024,2024,11,4,November
2024-11-05,0.0054703309076827,14204216.08087688,68631.06372229761,stars,Stargaze,133728,0.004831738923959,-2.275570370159674,-2.061936661784669,0.000747792143696,2024,11,4,November
2024-11-06,0.0055713060991275,14440105.30145624,61906.38206561126,stars,Stargaze,133728,0.0042871143092958,1.8458698961533404,1.6606986210026653,0.0,2024,11,4,November
2024-11-07,0.0058743852093889,15230211.938139811,116925.18173698128,stars,Stargaze,133728,0.0076771867792709,5.440001049463228,5.471612707726536,0.0,2024,11,4,November
2024-11-08,0.0058751162640109,15236938.963432455,88397.90113028503,stars,Stargaze,133728,0.0058015524865219,0.0124447852154263,0.0441689539184775,0.0,2024,11,4,November
2024-11-09,0.0059538927452192,15439547.803123912,223334.8086035649,stars,Stargaze,133728,0.0144651133214132,1.3408497409802766,1.3297214104335486,0.0,2024,11,4,November
2024-11-10,0.006027322932116,15698730.31399262,131329.82995693828,stars,Stargaze,133728,0.0083656338652993,1.2333139013247507,1.6786923695800704,0.0,2024,11,4,November
2024-11-11,0.0063875471987846,16560339.599379703,153301.08406837162,stars,Stargaze,133727,0.0092571220021426,5.976521761414921,5.488401088202122,-0.0007477865518024,2024,11,4,November
2024-11-12,0.0066612435850048,17191431.490117807,153933.50535026367,stars,Stargaze,133728,0.0089540830522897,4.284843269295702,3.8108632190232417,0.000747792143696,2024,11,4,November
2024-11-13,0.0060477384789807,15692358.825641643,140267.9730757625,stars,Stargaze,133728,0.0089386162166112,-9.21006863350926,-8.719882723773642,0.0,2024,11,4,November
2024-11-14,0.0056878894976036,14751241.140224485,145972.0172718892,stars,Stargaze,133728,0.0098955752864648,-5.95014124085822,-5.997299041361148,0.0,2024,11,4,November
2024-11-15,0.0055792602439419,14481818.42917751,101433.90208767416,stars,Stargaze,133728,0.0070042241299827,-1.909834108194308,-1.8264409651083449,0.0,2024,11,4,November
2024-11-16,0.0058058582082327,15087467.355500696,109656.2078328615,stars,Stargaze,133727,0.0072680328148569,4.061433852934115,4.182133129793586,-0.0007477865518024,2024,11,4,November
2024-11-17,0.0061792632482921,16019886.596152198,147920.82533241398,stars,Stargaze,133728,0.0092335750596351,6.431521864070766,6.180091188807468,0.000747792143696,2024,11,4,November
2024-11-18,0.0062123819777683,16085707.37383865,163443.2067381494,stars,Stargaze,133727,0.0101607721028152,0.5359656668662449,0.4108691861917535,-0.0007477865518024,2024,11,4,November
2024-11-19,0.0071920545832787,18692304.46512894,258363.00734283827,stars,Stargaze,133728,0.0138218916680296,15.769677541019412,16.20442937765725,0.000747792143696,2024,11,4,November
2024-11-20,0.0071216964760483,18512308.44440667,189614.7832802023,stars,Stargaze,133728,0.010242633102707,-0.9782754902061264,-0.962941840895315,0.0,2024,11,4,November
2024-11-21,0.0065444455655793,17008410.558533676,243433.8577478725,stars,Stargaze,133728,0.0143125577143205,-8.105525311425609,-8.12377284221073,0.0,2024,11,4,November
2024-11-22,0.0067126972947309,17443635.137204807,279840.8209387737,stars,Stargaze,133728,0.0160425747694018,2.5709088335386765,2.55887860404902,0.0,2024,11,4,November
2024-11-23,0.0068371486766867,17778702.004532862,182626.83642070607,stars,Stargaze,133728,0.0102722255187214,1.8539698200538133,1.920854596490651,0.0,2024,11,4,November
2024-11-24,0.0075071240053261,19557439.17904195,317633.703503118,stars,Stargaze,133728,0.0162410681989234,9.799045776550177,10.004876475546864,0.0,2024,11,4,November
2024-11-25,0.0079576126290487,20688243.944953937,317445.92067760136,stars,Stargaze,133728,0.0153442661214863,6.000815004561599,5.781967442464442,0.0,2024,11,4,November
2024-11-26,0.0076203236792783,19773343.978944395,196984.21606789203,stars,Stargaze,133728,0.0099621094073744,-4.238569599872255,-4.422318145724957,0.0,2024,11,4,November
2024-11-27,0.0073719500768173,19207122.94998371,176450.96436067042,stars,Stargaze,133728,0.0091867462305602,-3.25935764561206,-2.8635572696435463,0.0,2024,11,4,November
2024-11-28,0.0075480711242775,19767567.810512044,83705.10817151595,stars,Stargaze,133728,0.0042344667272117,2.3890699967436646,2.917901145256163,0.0,2024,11,4,November
2024-11-29,0.0074977682677084,19460695.624448903,223280.80888284656,stars,Stargaze,133728,0.0114734238277861,-0.666433261437327,-1.5524023441060408,0.0,2024,11,4,November
2024-11-30,0.00776958590935,20214035.868828703,134379.89856613756,stars,Stargaze,133728,0.0066478510000746,3.625313985926648,3.871085900101967,0.0,2024,11,4,November
2024-12-01,0.0079378664246639,20622815.221641198,110652.7905897401,stars,Stargaze,133728,0.0053655521518528,2.1658878256485936,2.0222550086737234,0.0,2024,12,4,December
2024-12-02,0.0080959846520622,21071461.25947082,132973.61699378313,stars,Stargaze,133728,0.00631060254229,1.9919487043395407,2.1754839628239875,0.0,2024,12,4,December
2024-12-03,0.007781195063627,20230154.249299727,224987.1450215746,stars,Stargaze,133728,0.0111213756577937,-3.888218690669243,-3.9926372443342406,0.0,2024,12,4,December
2024-12-04,0.0081803202626914,21289208.355058897,180616.6418040605,stars,Stargaze,135984,0.0084839529395249,5.129356041080335,5.235027339427378,1.6870064608758062,2024,12,4,December
2024-12-05,0.0086916139761992,22746221.6726964,238038.29574359744,stars,Stargaze,130596,0.010464959814813,6.250289684129862,6.843905575715215,-3.96223085068832,2024,12,4,December
2024-12-06,0.0085233406310937,22193616.306899603,161955.66041200815,stars,Stargaze,129610,0.0072973984127885,-1.9360425528131109,-2.429438056783384,-0.7550001531440476,2024,12,4,December
2024-12-07,0.0096770295329893,25201607.75296787,278558.6587298681,stars,Stargaze,172477,0.0110532098372598,13.535642324171503,13.553408351630992,33.07383689530128,2024,12,4,December
2024-12-08,0.0094900545777332,24737598.010535996,178394.63996998407,stars,Stargaze,165679,0.0072114778441303,-1.9321523678187515,-1.8411910342396087,-3.941395084562005,2024,12,4,December
2024-12-09,0.0093967353167435,24499648.022171363,170441.0624799503,stars,Stargaze,164773,0.0069568780059904,-0.9833374531755812,-0.9618960913799436,-0.5468405772608431,2024,12,4,December
2024-12-10,0.0077066212105263,20586540.48873516,333052.1218030109,stars,Stargaze,144633,0.016178149115693,-17.986184022930164,-15.97209694561722,-12.222876320756438,2024,12,4,December
2024-12-11,0.0075029944612975,19555871.59015867,166880.64482172654,stars,Stargaze,150487,0.0085335314282646,-2.6422311888211647,-5.006518210966371,4.0474857051986834,2024,12,4,December
2024-12-12,0.0079709078600885,20760110.28636264,147438.03703101503,stars,Stargaze,146596,0.007101987176237,6.236355380570324,6.157939269809831,-2.585605401130997,2024,12,4,December
2024-12-13,0.0078254676303678,20378667.50612157,135365.81828074844,stars,Stargaze,183977,0.0066425254860302,-1.82463820023534,-1.837383207408272,25.49933149608448,2024,12,4,December
2024-12-14,0.007840564631955,20438809.055002272,85545.55023335152,stars,Stargaze,170059,0.0041854469114683,0.1929213984435351,0.2951201243291956,-7.5650760692912655,2024,12,4,December
2024-12-15,0.0076757924543226,20019975.193023577,175777.05501180477,stars,Stargaze,174404,0.0087800835573991,-2.101534587967646,-2.049208742307751,2.554995619167455,2024,12,4,December
2024-12-16,0.0076631586541857,19968925.49933617,112859.31552403954,stars,Stargaze,166925,0.0056517470370547,-0.1645927793391344,-0.2549937909273714,-4.288319075250568,2024,12,4,December
2024-12-17,0.0071588791216889,18660121.0045886,115078.46809017612,stars,Stargaze,151115,0.0061670804847341,-6.580570170256417,-6.554205907529065,-9.471319454844997,2024,12,4,December
2024-12-18,0.0066127966431091,17235067.49190605,94951.08699187372,stars,Stargaze,127990,0.0055091798762299,-7.628044408870604,-7.636893203061879,-15.302914998511064,2024,12,4,December
2024-12-19,0.0060993094492699,15926176.520633176,123564.51175837664,stars,Stargaze,130255,0.0077585798197258,-7.765053449425341,-7.594347813767232,1.769669505430116,2024,12,4,December
2024-12-20,0.0056718757083512,14834765.559436014,105124.13644470538,stars,Stargaze,109044,0.0070863362163373,-7.007903836882534,-6.852937739219344,-16.284211738512923,2024,12,4,December
2024-12-21,0.0057954806927615,15086553.915374342,162010.32792150095,stars,Stargaze,121578,0.0107387232916325,2.17926116096594,1.6972857099057492,11.49444261032244,2024,12,4,December
2024-12-22,0.005548490464659,14470646.590458307,101636.27945830332,stars,Stargaze,123138,0.007023617004462,-4.26177294337311,-4.082491789515819,1.2831268815081789,2024,12,4,December
2024-12-23,0.0056753644243512,14827943.193486832,131367.38008452847,stars,Stargaze,126973,0.0088594472186966,2.286639230983134,2.4691129093299846,3.1143919829784483,2024,12,4,December
2024-12-24,0.005901259530803,15419231.304535402,127669.40300165248,stars,Stargaze,131113,0.0082798811743682,3.980274913844584,3.987661021714018,3.260535704441092,2024,12,4,December
2024-12-25,0.0059447860577829,15548048.901845206,80739.4833944377,stars,Stargaze,126427,0.0051929013025457,0.7375802869328707,0.8354346255374789,-3.574016306544736,2024,12,4,December
2024-12-26,0.0060528687584942,15806806.367132314,61760.18136707209,stars,Stargaze,137261,0.0039071890888403,1.8181091743372235,1.6642439634750428,8.569372048692125,2024,12,4,December
2024-12-27,0.0056929889192325,14888700.540839944,64212.91522999149,stars,Stargaze,128972,0.0043128622980799,-5.945607836889232,-5.808294256083391,-6.038860273493563,2024,12,4,December
2024-12-28,0.0056355639113166,14737282.70195845,79798.0834520314,stars,Stargaze,139351,0.0054147080615768,-1.008696990818625,-1.0169983503003022,8.047483174642567,2024,12,4,December
2024-12-29,0.0057710961904352,14954788.3658217,33713.39041648571,stars,Stargaze,133185,0.0022543542303504,2.4049461819869222,1.4758871649679817,-4.424797812717529,2024,12,4,December
2024-12-30,0.0055355848309878,14435340.638041051,38696.59257578181,stars,Stargaze,119877,0.0026806844082228,-4.080877387518056,-3.473454221310257,-9.992116229305104,2024,12,4,December
2024-12-31,0.0054474958186199,14243738.438004032,65598.82692476215,stars,Stargaze,113438,0.0046054501218399,-1.5913225983794632,-1.327313326656765,-5.371338955762994,2024,12,4,December
2025-01-01,0.0055044648024053,14402844.999195704,67866.97768285204,stars,Stargaze,112096,0.0047120536037596,1.0457829740911473,1.117028102447848,-1.183025088594647,2025,1,1,January
2025-01-02,0.0055438846988423,14469591.719020251,27399.43510073809,stars,Stargaze,111489,0.0018935872989921,0.7161440367410954,0.4634273286165058,-0.5415001427347965,2025,1,1,January
2025-01-03,0.0058139368290948,15265462.092404868,86902.92425605933,stars,Stargaze,121618,0.0056927804563018,4.871171478529823,5.500295992031656,9.08520123061467,2025,1,1,January
2025-01-04,0.0060526558664555,15842954.4097167,122337.64362098326,stars,Stargaze,143180,0.0077218958318753,4.105979207859201,3.7829992555492575,17.729283494219604,2025,1,1,January
2025-01-05,0.0059505279771201,15573872.146670949,66817.2018705414,stars,Stargaze,145068,0.0042903396946676,-1.6873235747879467,-1.6984348757623002,1.3186199189830994,2025,1,1,January
2025-01-06,0.0060437324305197,15852940.601701418,52520.1130228291,stars,Stargaze,146662,0.0033129571568061,1.5663224130368691,1.7919015412626305,1.0987950478396291,2025,1,1,January
2025-01-07,0.0062376696590369,16319322.65929418,137095.76744195714,stars,Stargaze,140073,0.0084008246116684,3.208898321471909,2.94192774268458,-4.492642947730152,2025,1,1,January
2025-01-08,0.0057748855457522,15122765.223135827,66251.76118776214,stars,Stargaze,132536,0.0043809290305192,-7.419182781093092,-7.332151346838445,-5.380765743576566,2025,1,1,January
2025-01-09,0.005531853013935,14483771.282410497,92765.69685372172,stars,Stargaze,138496,0.0064048026611949,-4.208438936006198,-4.225377642891381,4.496891410635606,2025,1,1,January
2025-01-10,0.0053170200713393,13937436.852496656,63459.78233828087,stars,Stargaze,136797,0.0045531888689356,-3.883562018992781,-3.772045410419611,-1.2267502310536085,2025,1,1,January
2025-01-11,0.0054894454267109,14382505.095221816,116391.7429454878,stars,Stargaze,146066,0.0080925918103206,3.242894573618771,3.1933292142266145,6.775733385966065,2025,1,1,January
2025-01-12,0.0055173930644813,14455681.923261482,58903.80860101599,stars,Stargaze,147170,0.0040747858809919,0.5091158686878483,0.5087905587739083,0.7558227102816506,2025,1,1,January
2025-01-13,0.0052365170955313,13697652.29183793,70749.81626326151,stars,Stargaze,150856,0.0051651052863576,-5.090736977906718,-5.243817866549493,2.504586532581365,2025,1,1,January
2025-01-14,0.005065825590843,13274012.477433557,77654.02710103474,stars,Stargaze,152411,0.00585007941141,-3.259638068095483,-3.09279141694091,1.030784324123668,2025,1,1,January
2025-01-15,0.0052717212385763,13814247.752963824,105842.89288440584,stars,Stargaze,134282,0.0076618643864771,4.06440458798063,4.069871686867055,-11.894810742006811,2025,1,1,January
2025-01-16,0.00561380868192,14718428.97088552,126045.4881362688,stars,Stargaze,138303,0.0085637868270858,6.489103423003328,6.545280163573897,2.994444527189044,2025,1,1,January
2025-01-17,0.0056577945799598,14826127.446047256,111142.58757999472,stars,Stargaze,134412,0.0074964003907592,0.7835304074661709,0.7317253449724559,-2.813387995922001,2025,1,1,January
2025-01-18,0.0059117628328198,15501127.980683016,202043.3804973545,stars,Stargaze,174072,0.0130341082758063,4.488820675100924,4.552777096326111,29.50629408088563,2025,1,1,January
2025-01-19,0.0056908516671927,14912079.897929866,68850.02979086655,stars,Stargaze,165523,0.0046170641695947,-3.7368069706826814,-3.800033671660552,-4.911186175835292,2025,1,1,January
2025-01-20,0.0051698717182985,13588820.763714056,141919.23282437207,stars,Stargaze,140154,0.0104438225576818,-9.154692115726736,-8.873739567339012,-15.32657092971974,2025,1,1,January
2025-01-21,0.0049637755242132,12984233.62139265,121289.86308885268,stars,Stargaze,132426,0.0093413186042044,-3.9864856482975775,-4.4491509074563895,-5.513934671860953,2025,1,1,January
2025-01-22,0.0049613081623593,13021726.172889857,98451.79212283694,stars,Stargaze,165228,0.0075605792055284,-0.0497073617012788,0.2887544431997346,24.770060260069783,2025,1,1,January
2025-01-23,0.0048167461800744,12635342.446464133,61569.90504071168,stars,Stargaze,151468,0.0048728323194708,-2.913787605084972,-2.967223556199039,-8.32788631466822,2025,1,1,January
2025-01-24,0.0047565828176088,12477944.070844363,79577.41717258288,stars,Stargaze,169783,0.0063774462139577,-1.2490457295535884,-1.2456993254172932,12.091662925502412,2025,1,1,January
2025-01-25,0.004787750282892,12562024.46443224,66538.21928473552,stars,Stargaze,146502,0.0052967751713213,0.6552490827622659,0.6738321081622534,-13.712209113986674,2025,1,1,January
2025-01-26,0.0047107311513229,12368828.01532676,53759.05245210268,stars,Stargaze,139213,0.0043463335722258,-1.608670607661522,-1.5379403984803086,-4.9753586981747695,2025,1,1,January
2025-01-27,0.0046411806599946,12127750.777300213,55647.55592303696,stars,Stargaze,134504,0.0045884481751714,-1.4764266754800914,-1.9490709849616872,-3.3825863963853897,2025,1,1,January
2025-01-28,0.0041146313964167,10792767.749713412,140328.29421024595,stars,Stargaze,144270,0.0130020674459498,-11.345157668963813,-11.007672008609536,7.260750609647304,2025,1,1,January
2025-01-29,0.0040420416887703,10611157.713665852,78255.68527715368,stars,Stargaze,155327,0.0073748489456876,-1.7641849452087577,-1.68270123344757,7.664102030914255,2025,1,1,January
2025-01-30,0.0040543645829071,10646045.137170622,63139.3399578188,stars,Stargaze,154089,0.0059307789084387,0.3048680613805699,0.3287805576561942,-0.7970282050126509,2025,1,1,January
2025-01-31,0.0041343408475546,10860693.122477757,89713.44144862815,stars,Stargaze,143167,0.0082603790049967,1.9725967660795265,2.016222761987829,-7.088111416129639,2025,1,1,January
2025-02-01,0.0040464676528571,10625575.626986064,73483.97998449072,stars,Stargaze,125154,0.0069157646196467,-2.125446302992773,-2.1648479783033525,-12.581810053992893,2025,2,1,February
2025-02-02,0.0038039677974103,10004303.05985688,68611.0309228565,stars,Stargaze,110294,0.0068581519884342,-5.992877646644512,-5.84695445159058,-11.873372005688989,2025,2,1,February
2025-02-03,0.0032161496025903,8427892.260761524,118907.13927594788,stars,Stargaze,110295,0.0141087635670847,-15.452764747908898,-15.757327518603848,0.000906667633771,2025,2,1,February
2025-02-04,0.0031142854530912,8177329.316824472,148721.58551076005,stars,Stargaze,110294,0.0181870608053869,-3.167270248158616,-2.973020254466463,-0.000906659413391,2025,2,1,February
2025-02-05,0.0030537328283963,8030431.784229208,60878.86490718211,stars,Stargaze,110295,0.0075810201173417,-1.9443504973115977,-1.7963998623979682,0.000906667633771,2025,2,1,February
2025-02-06,0.0030346937151732,7944084.417605162,33865.4967043078,stars,Stargaze,110294,0.0042629829850822,-0.6234701689055377,-1.0752518537499034,-0.000906659413391,2025,2,1,February
2025-02-07,0.0028087658662206,7382385.180594886,51271.01495631689,stars,Stargaze,110294,0.0069450473935018,-7.444832004724655,-7.070660474924894,0.0,2025,2,1,February
2025-02-08,0.002763469044067,7264875.400247563,70071.84719081668,stars,Stargaze,110294,0.0096452923595123,-1.6126948386255613,-1.5917589975690485,0.0,2025,2,1,February
2025-02-09,0.0028405345654749,7474702.9726525,44146.270488661095,stars,Stargaze,110294,0.0059060902687608,2.788723889394596,2.888247366194152,0.0,2025,2,1,February
2025-02-10,0.0028266478611837,7435000.804644918,45189.71586981157,stars,Stargaze,110294,0.0060779705419238,-0.4888764410758583,-0.5311537883557316,0.0,2025,2,1,February
2025-02-11,0.0028610200089047,7525744.221524954,24963.850562447828,stars,Stargaze,110294,0.0033171271607991,1.2160038819484909,1.22048967127677,0.0,2025,2,1,February
2025-02-12,0.0028735130475403,7559670.99001843,49481.17260883112,stars,Stargaze,110294,0.0065454135073027,0.4366637981137566,0.4508094813592045,0.0,2025,2,1,February
2025-02-13,0.0029905891876995,7872782.151245234,55626.13485447089,stars,Stargaze,110294,0.0070656260754874,4.074320812963528,4.141862279988451,0.0,2025,2,1,February
2025-02-14,0.0031970098109848,8416830.444304556,97860.92056743598,stars,Stargaze,110294,0.0116268138243958,6.9023396504702905,6.910495967086683,0.0,2025,2,1,February
2025-02-15,0.0036431899578381,9577002.256899225,431134.171341015,stars,Stargaze,110295,0.0450176537267105,13.956170710527417,13.783951337403089,0.000906667633771,2025,2,1,February
2025-02-16,0.0037048254398541,9775816.258482223,433365.80954669055,stars,Stargaze,110295,0.0443303963667146,1.69179984379777,2.075952330905806,0.0,2025,2,1,February
2025-02-17,0.0036594828750758,9635427.048091527,133842.8185167669,stars,Stargaze,110294,0.0138906991717898,-1.2238785744276837,-1.436086835908812,-0.000906659413391,2025,2,1,February
2025-02-18,0.0036784008120733,9687535.31732312,168977.60483176084,stars,Stargaze,110295,0.0174427859405681,0.5169565658128539,0.5407987520585467,0.000906667633771,2025,2,1,February
2025-02-19,0.0034771092581079,9168260.434725588,177225.98267446933,stars,Stargaze,110295,0.0193303826757811,-5.472257218535336,-5.360237311021432,0.0,2025,2,1,February
2025-02-20,0.0035025278184778,9227923.786263635,140443.71885786316,stars,Stargaze,110294,0.0152194276969346,0.7310256446665608,0.6507597811256316,-0.000906659413391,2025,2,1,February
2025-02-21,0.0036037613925421,9500318.076679211,308255.0226753436,stars,Stargaze,110295,0.0324468107475294,2.890300357651188,2.951848072489005,0.000906667633771,2025,2,1,February
2025-02-22,0.0034083667623205,8983270.747108646,77613.87690915253,stars,Stargaze,110295,0.0086398238563758,-5.421963580216371,-5.442421247345209,0.0,2025,2,1,February
2025-02-23,0.0034791183027716,9171749.591169724,111691.89664509195,stars,Stargaze,110294,0.0121778179326467,2.075819457965844,2.098109356458422,-0.000906659413391,2025,2,1,February
2025-02-24,0.0034485260772958,9095698.003313491,116381.4711556159,stars,Stargaze,110295,0.012795221555643,-0.8793097219901069,-0.8291938969796298,0.000906667633771,2025,2,1,February
2025-02-25,0.0031927924257252,8424735.054123918,77301.32635873185,stars,Stargaze,110294,0.0091755201632,-7.415737791697563,-7.376706536927092,-0.000906659413391,2025,2,1,February
2025-02-26,0.0031458744557085,8300869.179837526,122404.7580063502,stars,Stargaze,110294,0.0147460169958666,-1.4694964081818471,-1.4702643286777173,0.0,2025,2,1,February
2025-02-27,0.0030845894977586,8137785.256919531,72083.5180522871,stars,Stargaze,110295,0.0088578791128697,-1.9481056479776824,-1.964660800993212,0.000906667633771,2025,2,1,February
2025-02-28,0.0030347503772544,8010241.446935319,58477.02924764565,stars,Stargaze,110295,0.0073002829733701,-1.6157456459085395,-1.5673037068133722,0.0,2025,2,1,February
2025-03-01,0.0030384698498734,8025138.081571396,64995.00228811551,stars,Stargaze,110295,0.0080989263521044,0.1225627203788493,0.1859698578970503,0.0,2025,3,1,March
2025-03-02,0.0029705322386831,7848769.674855923,64488.24650486918,stars,Stargaze,110294,0.008216350992113,-2.235915264822963,-2.197699340781168,-0.000906659413391,2025,3,1,March
2025-03-03,0.0031930848410493,8442247.971881751,88866.94823177262,stars,Stargaze,110295,0.0105264555753109,7.492011009612476,7.561418179043744,0.000906667633771,2025,3,1,March
2025-03-04,0.0028811274309857,7608956.848415035,87412.10132154089,stars,Stargaze,110295,0.0114880532329144,-9.769781436845204,-9.870488597848867,0.0,2025,3,1,March
2025-03-05,0.0027795598630341,7349828.665104187,130938.8422726676,stars,Stargaze,110295,0.01781522376084,-3.525271630101734,-3.405567786401953,0.0,2025,3,1,March
2025-03-06,0.002834426129244,7489935.102919288,58202.744347393374,stars,Stargaze,110295,0.0077707942121832,1.9739192143161333,1.9062544747512788,0.0,2025,3,1,March
2025-03-07,0.0027942288830517,7368280.386027314,44553.814645388586,stars,Stargaze,110295,0.0060467045648639,-1.4181793548086352,-1.6242426031776724,0.0,2025,3,1,March
2025-03-08,0.0027224806631277,7198294.964394565,55958.096005476735,stars,Stargaze,110294,0.0077737986957003,-2.56772880558398,-2.3069890493730094,-0.000906659413391,2025,3,1,March
2025-03-09,0.0026434246716813,6992798.7194919,18040.828640655716,stars,Stargaze,110295,0.0025799153335227,-2.9038219634432094,-2.8547905569183407,0.000906667633771,2025,3,1,March
2025-03-10,0.0024929298471026,6616132.496358004,34936.92779474885,stars,Stargaze,110295,0.0052805665264383,-5.693176211560502,-5.386487417176289,0.0,2025,3,1,March
2025-03-11,0.0023741753590002,6283399.46177029,44064.48030165176,stars,Stargaze,110295,0.0070128408307876,-4.763651421654802,-5.029116855970994,0.0,2025,3,1,March
2025-03-12,0.002409941697399,6381523.853332903,80196.64149173196,stars,Stargaze,110295,0.0125670048933292,1.506474164312266,1.561644968772491,0.0,2025,3,1,March
2025-03-13,0.0025210020861387,6672815.842649826,30395.900436234715,stars,Stargaze,110294,0.0045551834717147,4.60842637228549,4.564614910352294,-0.000906659413391,2025,3,1,March
2025-03-14,0.0025193803902727,6668322.405688719,32460.58682772536,stars,Stargaze,110295,0.0048678790335682,-0.064327430544242,-0.0673394421045858,0.000906667633771,2025,3,1,March
2025-03-15,0.0026713505987415,7073373.91565233,34245.64599420262,stars,Stargaze,110295,0.0048414867363963,6.032046968990579,6.074264040053956,0.0,2025,3,1,March
2025-03-16,0.0027074489578433,7169974.614717143,38824.36354192435,stars,Stargaze,110294,0.005414853695888,1.3513149160875535,1.3656947903043726,-0.000906659413391,2025,3,1,March
2025-03-17,0.0026494644575333,7018030.111746428,25406.68641611689,stars,Stargaze,110295,0.0036202019671577,-2.141665501838008,-2.1191776977680266,0.000906667633771,2025,3,1,March
2025-03-18,0.0026901026190044,7125071.39868812,41980.92333945494,stars,Stargaze,110295,0.0058920003731028,1.533825500302877,1.5252326541393968,0.0,2025,3,1,March
2025-03-19,0.002665700120937,7059057.023006752,30869.93759349035,stars,Stargaze,110295,0.0043730965046577,-0.90712145681634,-0.9265082690051664,0.0,2025,3,1,March
2025-03-20,0.0026699457439101,7078526.949639731,34030.683549474066,stars,Stargaze,110294,0.0048075939798754,0.1592685891304457,0.2758148371591717,-0.000906659413391,2025,3,1,March
2025-03-21,0.0027050213641404,7169429.896468136,37894.83767968061,stars,Stargaze,110294,0.0052856138112667,1.3137203372130202,1.2842071164683722,0.0,2025,3,1,March
2025-03-22,0.0027234692933546,7219788.755213337,28518.157219436223,stars,Stargaze,110295,0.0039499988415649,0.6819882999381743,0.7024109234962994,0.000906667633771,2025,3,1,March
2025-03-23,0.0028269406230606,7495244.767883806,35297.97769864563,stars,Stargaze,110295,0.0047093829210078,3.7992471572370734,3.815291859773096,0.0,2025,3,1,March
2025-03-24,0.0028596896334476,7589679.780139881,35938.128288117456,stars,Stargaze,110295,0.0047351310370376,1.1584612043078035,1.259932332840119,0.0,2025,3,1,March
2025-03-25,0.0028492320082786,7543221.202762332,85311.45484507801,stars,Stargaze,110295,0.0113096848881797,-0.3656909143811337,-0.6121282942545103,0.0,2025,3,1,March
2025-03-26,0.0028498717167846,7553843.779089964,22506.842364553708,stars,Stargaze,110295,0.0029795218199846,0.0224519626379038,0.1408228135182154,0.0,2025,3,1,March
2025-03-27,0.0028189314413507,7479026.463329911,33588.40530115103,stars,Stargaze,110295,0.0044910130303505,-1.0856725673518253,-0.9904535750018706,0.0,2025,3,1,March
2025-03-28,0.0028223822320908,7487445.716068168,15671.714622280277,stars,Stargaze,110295,0.0020930655415168,0.1224148515796219,0.1125715061918386,0.0,2025,3,1,March
2025-03-29,0.0027423072906797,7262238.3838914,34053.602293658354,stars,Stargaze,110294,0.0046891330872852,-2.8371402179552696,-3.0077991977086382,-0.000906659413391,2025,3,1,March
2025-03-30,0.0025804194079352,6826794.5115991,43647.36722830816,stars,Stargaze,110295,0.0063935375752337,-5.903345817395545,-5.996000809587465,0.000906667633771,2025,3,1,March
2025-03-31,0.0025626167101509,6797550.541958662,36396.03912642049,stars,Stargaze,110295,0.0053542873865757,-0.6899148925023635,-0.4283704393145515,0.0,2025,3,1,March
2025-04-01,0.0025492346238133,6760122.421488592,39866.58560920099,stars,Stargaze,110295,0.0058973171081156,-0.5222039755144015,-0.5506118746604338,0.0,2025,4,2,April
2025-04-02,0.0025335942965344,6732453.453493768,48176.70340950554,stars,Stargaze,110294,0.0071558910495704,-0.6135303174053863,-0.4092968480403858,-0.000906659413391,2025,4,2,April
2025-04-03,0.0024396502161744,6485528.422778869,38460.16228769915,stars,Stargaze,110295,0.0059301509114688,-3.7079370003507695,-3.6676827017164015,0.000906667633771,2025,4,2,April
2025-04-04,0.0024108111826587,6410413.142158,37920.07136464758,stars,Stargaze,110295,0.0059153865006401,-1.1820970614762285,-1.1581983105192315,0.0,2025,4,2,April
2025-04-05,0.0023994829071363,6381963.946780289,22414.63225111903,stars,Stargaze,110294,0.0035121840922381,-0.4698947642140072,-0.4437965969871005,-0.000906659413391,2025,4,2,April
2025-04-06,0.0023596222117936,6275692.455264587,15508.689965940235,stars,Stargaze,110295,0.002471231673077,-1.6612202247457852,-1.6651847676030118,0.000906667633771,2025,4,2,April
2025-04-07,0.0022454671061228,5984683.808136417,33257.75637842987,stars,Stargaze,110294,0.0055571451131995,-4.837855191405815,-4.637076294011944,-0.000906659413391,2025,4,2,April
2025-04-08,0.0022134498622261,5910484.349700137,70817.3933152024,stars,Stargaze,110295,0.0119816565149682,-1.4258611853798175,-1.2398225339056768,0.000906667633771,2025,4,2,April
2025-04-09,0.0021389693866656,5691181.491288839,40752.88031072928,stars,Stargaze,110295,0.0071607065023505,-3.3649045696295343,-3.71040418070685,0.0,2025,4,2,April
2025-04-10,0.0021830229823248,5809616.449939358,54304.56859043739,stars,Stargaze,110294,0.009347358652395,2.059571115594516,2.0810258613576327,-0.000906659413391,2025,4,2,April
2025-04-11,0.0021161186397863,5634607.065802407,50930.88263070066,stars,Stargaze,110295,0.0090389413202937,-3.06475667366638,-3.012408575419434,0.000906667633771,2025,4,2,April
2025-04-12,0.0021182096487835,5641202.016724324,27871.10284609917,stars,Stargaze,110295,0.0049406319368585,0.0988134104499494,0.1170436703908484,0.0,2025,4,2,April
2025-04-13,0.0021465981675191,5716474.525875032,15969.891530531737,stars,Stargaze,110294,0.0027936609282951,1.3402128893101215,1.3343345784736949,-0.000906659413391,2025,4,2,April
2025-04-14,0.0020350817976408,5416310.970271395,53235.56879718561,stars,Stargaze,110295,0.0098287504335295,-5.195027721798152,-5.25085092647537,0.000906667633771,2025,4,2,April
2025-04-15,0.0019305448483854,5143725.535546191,44228.83940731959,stars,Stargaze,110294,0.0085986001977889,-5.13674434986352,-5.032676968167971,-0.000906659413391,2025,4,2,April
2025-04-16,0.0018533255870372,4942998.070146019,31582.718255710985,stars,Stargaze,110294,0.0063893851074835,-3.9998688148978223,-3.9023751172769017,0.0,2025,4,2,April
2025-04-17,0.001784913824849,4758264.675752057,40995.25255384459,stars,Stargaze,110295,0.0086155889483733,-3.691297560815765,-3.737274256886469,0.000906667633771,2025,4,2,April
2025-04-18,0.0016977194434189,4527063.007055195,36123.04770043984,stars,Stargaze,110295,0.0079793560734948,-4.88507513450408,-4.858949311396166,0.0,2025,4,2,April
2025-04-19,0.0016387202972175,4370863.10379626,29089.20913368876,stars,Stargaze,110295,0.0066552551390647,-3.4752000061116672,-3.450358499881845,0.0,2025,4,2,April
2025-04-20,0.0015986050638715,4262895.789213842,32479.11900574422,stars,Stargaze,110295,0.0076190272086698,-2.4479609738237262,-2.470160058059101,0.0,2025,4,2,April
2025-04-21,0.0015559810405796,4151344.2904254464,50827.18835080677,stars,Stargaze,110294,0.0122435492686148,-2.666326052326884,-2.616800979996925,-0.000906659413391,2025,4,2,April
2025-04-22,0.001519614005227,4054791.6720070182,22715.48600175172,stars,Stargaze,110295,0.0056021339292403,-2.337241547560498,-2.3258157277177505,0.000906667633771,2025,4,2,April
2025-04-23,0.0015293798165516,4081425.800694232,52870.98765749734,stars,Stargaze,110295,0.012954048472106,0.6426507844050189,0.6568556621807886,0.0,2025,4,2,April
2025-04-24,0.0015428173021133,4120383.572451013,25081.242831591782,stars,Stargaze,110295,0.0060871135879886,0.8786231789056131,0.954513781682742,0.0,2025,4,2,April
2025-04-25,0.0014996918052317,4004396.734284029,42616.35809966662,stars,Stargaze,110295,0.0106423915829324,-2.795243274915049,-2.814952446235241,0.0,2025,4,2,April
2025-04-26,0.0014591500021587,3898047.970101836,35491.63659486119,stars,Stargaze,110295,0.009104976867161,-2.7033423088382524,-2.6557998929446103,0.0,2025,4,2,April
2025-04-27,0.0014678928346588,3922971.861055593,14444.089944228008,stars,Stargaze,110295,0.0036819254523894,0.5991729765381537,0.6393941568940242,0.0,2025,4,2,April
2025-04-28,0.001434148203005,3833697.975456472,12607.939839278048,stars,Stargaze,110295,0.0032887149483331,-2.2988484484094407,-2.2756697922145963,0.0,2025,4,2,April
2025-04-29,0.0012550970607422,3358876.011362029,62649.1803657502,stars,Stargaze,110295,0.0186518288123251,-12.484842353638149,-12.385481775932195,0.0,2025,4,2,April
2025-04-30,0.0012645092603562,3381882.0677186404,22965.92158837998,stars,Stargaze,110295,0.0067908700328726,0.749918066764077,0.6849331823737703,0.0,2025,4,2,April
2025-05-01,0.0012167452752695,3254740.3804028174,22151.020186839432,stars,Stargaze,110295,0.0068057717660718,-3.777274440301992,-3.759495002189439,0.0,2025,5,2,May
2025-05-02,0.0010421838981084,2788782.369102028,179632.3082231511,stars,Stargaze,110294,0.064412451187789,-14.34658352155319,-14.316288147170775,-0.000906659413391,2025,5,2,May
2025-05-03,0.0010478949369191,2802712.2887068926,39192.38723921144,stars,Stargaze,110294,0.0139837354683644,0.5479876268556616,0.4994982670286418,0.0,2025,5,2,May
2025-05-04,0.0010477791411157,2805245.128547635,16625.495056636846,stars,Stargaze,110294,0.0059265747892927,-0.0110503256903093,0.0903710256292766,0.0,2025,5,2,May
2025-05-05,0.0009831645281643,2635667.03809704,21238.62770337799,stars,Stargaze,110295,0.0080581603808014,-6.166816117621732,-6.0450364470783775,0.000906667633771,2025,5,2,May
2025-05-06,0.0010308643732304,2761462.882740966,30048.42326012477,stars,Stargaze,110295,0.0108813424391565,4.851664568820779,4.772827630562593,0.0,2025,5,2,May
2025-05-07,0.0010296269788269,2757874.086542304,9353.618880062317,stars,Stargaze,110295,0.003391604760241,-0.120034646233158,-0.1299599651001015,0.0,2025,5,2,May
2025-05-08,0.0010370119078208,2779424.8382750805,27059.215146006627,stars,Stargaze,110295,0.0097355448412843,0.7172431517255218,0.7814262383456505,0.0,2025,5,2,May
2025-05-09,0.0011408754967399,3058297.1751555437,42351.487774323024,stars,Stargaze,110294,0.0138480616332417,10.015660199824229,10.033454873114378,-0.000906659413391,2025,5,2,May
2025-05-10,0.0013197906940518,3540943.997110961,32534.18846621033,stars,Stargaze,110294,0.0091879985938085,15.682271888839526,15.781554058129466,0.0,2025,5,2,May
2025-05-11,0.0013996644962301,3756444.72367758,33165.70107752061,stars,Stargaze,110294,0.0088290134734236,6.052005256462101,6.085968226056226,0.0,2025,5,2,May
2025-05-12,0.0013838886615579,3714945.09015251,39680.16882935368,stars,Stargaze,110295,0.0106812262002302,-1.1271154419303042,-1.1047582642036424,0.000906667633771,2025,5,2,May
2025-05-13,0.0013625346416085,3656751.436119373,24928.855972600948,stars,Stargaze,110294,0.0068172136958414,-1.5430446496583872,-1.566474136788587,-0.000906659413391,2025,5,2,May
2025-05-14,0.0013760521108575,3695531.129070261,25883.319348153014,stars,Stargaze,110295,0.0070039511085555,0.9920826110545456,1.060495733121014,0.000906667633771,2025,5,2,May
