date,token,name,trend_score,price_volatility,smooth_volume_to_marketcap,pca_1,pca_2,pca_3,is_healthy
2024-06-01,kava,Kava,-0.0016206599839737603,-1.6574406623898612,-0.8384086518012841,2.691715714672149,-0.04042455987723947,1.092784836922703,0
2024-06-02,kava,Kava,-0.3036722645466857,-1.6574406623898612,-0.8935605729392172,2.642061018727075,-0.017250177730903406,1.1168748403409965,0
2024-06-03,kava,Kava,-0.04734960515238342,-1.6535341628321916,-0.8108264062728228,2.699490233857563,-0.020019119362955688,1.0564159010334542,0
2024-06-04,kava,Kava,0.263020104654173,-1.6218480062409362,-0.8378967911942734,2.6923065036412956,-0.028245713365333873,1.086394237921653,0
2024-06-05,kava,Kava,0.473995210839135,-1.0692592686764744,-0.7963976254672275,2.7670014695246894,0.012852773111144276,1.0777458589741917,0
2024-06-07,kava,Kava,0.20810250100157832,-0.9671256293261207,-0.6414721079866395,2.8871565973517193,0.06924775318223626,1.001452287642139,0
2024-06-08,kava,Kava,-1.1637812484267314,-0.1107666385676651,-0.5077573278729928,2.806121856503814,-0.05318087675866914,0.9137208153545985,0
2024-06-09,kava,Kava,0.2034106063118368,-0.2439025821188305,-0.7628054135868965,2.704595333334486,-0.0576656678624908,1.0299208199980963,0
2024-06-12,kava,Kava,-1.5014750825795316,0.10145886046221209,-0.3826915178277676,2.7082497794639013,-0.16588004951141816,0.8327389583931735,0
2024-06-13,kava,Kava,0.27897720323777336,0.14989799152635638,-0.5981214954006203,2.6697526792343464,-0.13159795874196628,0.908175140574281,0
2024-06-14,kava,Kava,-0.8352576938820544,0.2518878573881969,-0.7393365104190552,2.522468833553591,-0.19780535271002414,0.9438537797417907,0
2024-06-15,kava,Kava,-0.3633862359279291,0.05715326067519813,-0.7550859386785764,2.4789284261310263,-0.22485363758652843,0.9420866833421359,0
2024-06-16,kava,Kava,0.1468478500178772,-0.13804455320530773,-0.9374311729636776,2.3670890062848136,-0.1918395650574097,1.074924654585285,0
2024-06-17,kava,Kava,0.031221734519514877,-0.31737346181011045,-0.9377020394154688,2.37050808203574,-0.18881692431033378,1.0752569103006768,0
2024-06-18,kava,Kava,-1.0814818413445844,0.052658508063096084,-0.2208788894858736,2.5368377181837842,-0.3717676935917293,0.7512409087421962,0
2024-06-19,kava,Kava,-1.6161926357967908,0.2140205896041852,-0.144613968368877,2.4019605804876796,-0.48010449724577287,0.6917506311062035,0
2024-06-20,kava,Kava,0.5544369304086478,0.23769862435297487,-0.6844161939726694,2.283487851130612,-0.44339162839007534,0.868725513274391,0
2024-06-21,kava,Kava,0.13276687963392236,0.29176344512402963,-0.638381539545819,2.317934452341968,-0.4328462713185215,0.8488353980317586,0
2024-06-22,kava,Kava,-0.09615970281644212,0.30822671553408304,-0.7515477737708285,2.2576211548227985,-0.43288320272944747,0.8987135753033244,0
2024-06-23,kava,Kava,0.10577848255414826,0.3112076693073699,-0.9113678294247828,2.1657289915161098,-0.402033057804615,1.0065012935179163,0
2024-06-24,kava,Kava,-0.7326128553012656,0.26931351738802123,-0.8581182167377572,2.156864078150154,-0.42152452818562974,0.9380964269436867,0
2024-06-27,kava,Kava,0.28425770135784795,-0.11419511039426795,-0.8944905599727095,2.139367555465039,-0.4305065839269739,0.9798709540754059,0
2024-06-28,kava,Kava,-0.031018286724742463,-1.062780877578157,-0.8059250664408015,2.198545266017341,-0.4404338061371246,0.9166036576467023,1
2024-06-29,kava,Kava,-0.6868892716922043,-1.032318973992155,-0.8952047418106639,2.085751427566085,-0.4519132138114518,0.9576158837050689,0
2024-06-30,kava,Kava,-0.33349322965126355,-1.0777561149646933,-0.8928353261211391,2.05915530782721,-0.4711607551629522,0.9473380192672799,0
2024-07-01,kava,Kava,0.4183612408145645,-0.8357315073675484,-0.9037322335443231,2.0888939218493223,-0.4391318008745498,0.965028903416529,0
2024-07-03,kava,Kava,0.30612645815324,-0.8686091487560849,-0.8086650925947015,2.1503279365448495,-0.49424301863332637,0.9200162308854368,0
2024-07-04,kava,Kava,-0.7370844190544349,-0.7221293361380262,-0.8670053486593882,2.045795742965603,-0.5348512716062588,0.9427900093917306,0
2024-07-06,kava,Kava,-1.7688231554655838,-0.027429838117740656,-0.20747241773368333,2.13441978400448,-0.671167636247496,0.6574144015140854,0
2024-07-07,kava,Kava,1.0843892368702526,0.5570721514798974,-0.8146554557222229,2.0177716049946106,-0.5714433881223526,0.885399691170947,0
2024-07-08,kava,Kava,-0.7485206443676015,0.6146957681145594,-0.7823153142334714,1.966187877934944,-0.6266490329880123,0.8570926664481396,0
2024-07-09,kava,Kava,-0.11518553936952913,0.6766604561607575,-0.6000541342352024,2.056841541856298,-0.607355191642772,0.757558804034902,0
2024-07-10,kava,Kava,0.19452972616719935,0.607398374849965,-0.4961121818965531,2.1087535396967962,-0.6024283813170141,0.7243827974286602,0
2024-07-11,kava,Kava,0.7898705379352174,0.6630417680943868,-0.5836921794473731,2.1211144486355153,-0.6031861757505752,0.7832616776701585,0
2024-07-12,kava,Kava,-0.36053441439562955,0.6007496664260282,-0.6433043711699401,2.0668401629285515,-0.6200759262830264,0.8014594261267941,0
2024-07-13,kava,Kava,0.17389150886804783,-0.13976167926679098,-0.5478338032042268,2.117988645286512,-0.6133814985241683,0.7680302570506362,1
2024-07-14,kava,Kava,0.5545061410588147,-0.5736534529586367,-0.5186491758413306,2.166881501400549,-0.5989008867051332,0.7735248925580795,1
2024-07-15,kava,Kava,0.2002045045722594,-1.0692022327100106,-0.5165563346912992,2.1876207811434565,-0.5827076519383105,0.7738208804300948,1
2024-07-16,kava,Kava,0.5516126857592579,-0.953055480255213,-0.6649104004553771,2.1815187447854356,-0.538470926292716,0.8408744679009031,1
2024-07-17,kava,Kava,-0.17127687950825515,-0.9502315666037651,-0.5977678430022896,2.2091414917246173,-0.519174751732705,0.8001647104531121,1
2024-07-18,kava,Kava,-0.23747262124223567,-0.8433631357929445,-0.6994474211640553,2.1468868705584265,-0.5279567741728246,0.836613144192273,0
2024-07-20,kava,Kava,0.24261711799073016,-1.015565919599407,-0.6452945005559271,2.199222823589707,-0.4999768514145898,0.8134935368666123,1
2024-07-21,kava,Kava,0.4183153566007777,-0.9625637286653277,-0.7754361768724217,2.150793702335132,-0.5126382150373712,0.8973178461953564,1
2024-07-22,kava,Kava,0.16563647850198457,-0.9907680666629383,-0.7384344945547113,2.1867020803180717,-0.5011915014167458,0.8801869896296397,1
2024-07-23,kava,Kava,-0.5686008656755003,-0.664956795486791,-0.7171690102789815,2.1429192269378974,-0.5448542098485551,0.8595422627105491,1
2024-07-24,kava,Kava,-0.004139324549956266,-0.8431289591995118,-0.3335494206823664,2.2690091461438793,-0.5701014012933654,0.7304070277522622,0
2024-07-25,kava,Kava,-0.8502246372242905,-0.8111247145419004,-0.801285737324338,2.0436578828483145,-0.5459591860657416,0.8731138960222987,0
2024-07-26,kava,Kava,0.2047981383854325,-0.8043733731520222,-0.7031622464558653,2.087163737875228,-0.5905666703032396,0.84066054544241,0
2024-07-28,kava,Kava,1.218051678022806,-0.1358944478666409,-0.4880140469235618,2.273357522317238,-0.5242995118162223,0.780381988411678,1
2024-07-29,kava,Kava,-0.49930476441286314,-0.07476101810220614,-0.8568837763119056,2.064858788938606,-0.5258688222602608,0.936880940966464,0
2024-07-30,kava,Kava,0.07980406013301321,-0.09204812362849618,-0.7749326372714451,2.1209143870997393,-0.53161328979708,0.888430873040986,0
2024-07-31,kava,Kava,-0.7667520675082935,-0.15214811033451292,-0.6631073377787075,2.1234404688075004,-0.5501529088277414,0.8073472538172555,0
2024-08-02,kava,Kava,-0.7450248803737495,-0.01401624808809235,-0.10532514280941173,2.212310236108295,-0.6184164104039112,0.6368219297094146,0
2024-08-04,kava,Kava,-1.341248957299502,0.5941429549794487,-0.4323701379708999,1.994810719008976,-0.729510726560408,0.7056441590188213,0
2024-08-05,kava,Kava,-0.9247492227224372,0.6828884451219801,-0.26579912299663727,1.9548003381821641,-0.7930814174330161,0.653753954947737,0
2024-08-06,kava,Kava,-1.365737555697787,-0.16100427486850333,1.0690819683750599,2.0327535016551774,-0.8767549559535904,0.4442183400744254,0
2024-08-07,kava,Kava,0.9986057812734255,0.5348757255720787,-0.10984757827509582,1.9515024781802874,-0.8192775518984459,0.6144127148108031,0
2024-08-09,kava,Kava,0.8794591672024538,1.145144935664717,-0.3025749339624382,1.9953513943742764,-0.7354937340779807,0.6515206059791068,0
2024-08-10,kava,Kava,0.39460829495711086,1.1854762465341315,-0.09841495387337598,2.056339724585061,-0.751684173406341,0.624917886835497,0
2024-08-11,kava,Kava,0.5403359804272434,1.2110819706478386,-0.5691093223236229,1.9688922359725263,-0.7283310327122235,0.7631818790508903,0
2024-08-12,kava,Kava,-1.2537148108698724,0.8736556769280807,-0.48937640166681456,1.8987888702739606,-0.7765303669929796,0.7104748779912944,0
2024-08-13,kava,Kava,0.6915654427165353,0.7672906462359403,-0.12702071228151993,2.0463805456083133,-0.7485667762999192,0.6260483243267427,1
2024-08-14,kava,Kava,-0.09602924542306857,0.21205898235691475,-0.4037600270695621,1.9893293101088874,-0.7122978328363745,0.6768752618442035,1
2024-08-15,kava,Kava,-0.40118768831025325,0.22127689981627743,-0.4056515768465079,1.9566008600236093,-0.7308381415548908,0.6708378987739967,0
2024-08-17,kava,Kava,-0.22808203925422305,-0.07926685841342511,-0.2503471391076699,1.9530465069149086,-0.7938223507558042,0.6474865296771586,0
2024-08-19,kava,Kava,0.21763848370257188,-0.057057777303112386,-0.6002468408864254,1.8707000147551958,-0.7683865562958,0.7510622304053157,0
2024-08-20,kava,Kava,0.46018659001487117,0.021877702356333597,-0.3977092219157957,1.975340236887165,-0.7469038198896559,0.6892774179963073,0
2024-08-21,kava,Kava,0.037715011662943866,-0.3570480615596669,-0.41923307370289287,1.986613646789343,-0.7143406670941546,0.6835023632713295,0
2024-08-23,kava,Kava,0.4338550067693209,-0.47697327616677854,-0.44535039170128365,2.0167706924217925,-0.685591244873783,0.6966071298080817,0
2024-08-24,kava,Kava,1.1300340710439085,-0.31363018548258914,-0.5326498922379799,2.0670011090630767,-0.6533768339321085,0.7509783621098068,1
2024-08-25,kava,Kava,0.09309346877281552,-0.4622502210533931,-0.5444490845111645,2.0746212474976993,-0.6384512408150645,0.7555319412289038,1
2024-08-26,kava,Kava,-0.48070363692526846,-0.7926836449784469,-0.6433056438520242,2.006233187273836,-0.6425213690710019,0.776309150984418,1
2024-08-27,kava,Kava,-0.5995048987796915,-0.36111526047240866,0.24403755428649,2.1555430717561626,-0.7160196015615764,0.5625252313221051,1
2024-08-28,kava,Kava,-0.8469538601202722,0.055576577087588584,-0.2206415921627673,1.9877081352800623,-0.7764790939091799,0.6439782762008177,0
2024-09-01,kava,Kava,-0.5148108063768312,0.03889126573144021,-0.4892980744106096,1.8768393279741102,-0.7897090115352112,0.7076573864488211,0
2024-09-02,kava,Kava,-0.5943392179748469,-0.06474510151839026,-0.3270845539025448,1.8681677035900421,-0.8360190908752171,0.6593121866500403,0
2024-09-03,kava,Kava,0.5587330393080487,-0.12948409097458655,-0.45107077927952144,1.8844997226433904,-0.7938945300324736,0.6930333595972272,0
2024-09-04,kava,Kava,-0.8548700275968336,-0.2212869041529883,-0.4129094500678728,1.8327783823943196,-0.8242080529279112,0.6631504838658299,0
2024-09-06,kava,Kava,0.0421854976578476,-0.18744100802554353,-0.3898562811677587,1.8335903245442429,-0.8384352906583106,0.667744338252767,0
2024-09-07,kava,Kava,-0.4882990696310056,-0.2095035585896377,-0.5239736620310002,1.7596694253943594,-0.8447230489043397,0.699065144601449,0
2024-09-08,kava,Kava,0.13570666488998093,-0.38687917272676536,-0.3979463438428539,1.8055942962027347,-0.8484864939182418,0.6647304705137027,0
2024-09-09,kava,Kava,0.047606918621847204,-0.31610588231237713,-0.5738160304293218,1.7682938069615577,-0.8115396618566045,0.705355034257165,0
2024-09-10,kava,Kava,0.7927945689370816,-0.3147186297954968,-0.23506047255775758,1.9181134663684185,-0.7998584146762069,0.6254261541869983,0
2024-09-13,kava,Kava,0.5986762127204346,-0.3415815171918363,-0.5362590470299343,1.8856976483260843,-0.7565968062931534,0.7135675198666481,0
2024-09-14,kava,Kava,0.45031407187013495,-0.6898357291043878,-0.13583151465033025,2.010589177793269,-0.776954292813739,0.6270432317913425,1
2024-09-16,kava,Kava,-0.7649922061941249,-0.4090679770996081,-0.6590194494362432,1.8051151164422272,-0.7829838969028076,0.7616531441848899,1
2024-09-17,kava,Kava,-0.4325844633444387,-0.4208066742816355,-0.09167681618087506,1.9300276725756795,-0.8190780784526659,0.5951415851078746,1
2024-09-18,kava,Kava,0.44505300398775716,-0.3831042916431085,-0.46412506533713394,1.8775189483804071,-0.7839964086975166,0.6894243490729969,1
2024-09-20,kava,Kava,3.478567073132304,2.0093705690207693,2.5719469269943174,2.574170915292156,-0.6568346952784041,0.2988173867877347,1
2024-09-22,kava,Kava,0.13651870288169232,2.050622167570533,-0.17794669959402667,2.2293809991437428,-0.6000525433667883,0.6602083332599432,1
2024-09-24,kava,Kava,-0.5062387805178974,2.191930584026293,-0.26544352168363855,2.1650397780554003,-0.6287977520697009,0.6714519076781219,1
2024-09-25,kava,Kava,0.36473887991149967,2.1853743787160003,-0.08182180174418352,2.2289636416506866,-0.6241874068108385,0.6432143984466584,1
2024-09-26,kava,Kava,-0.18469192532144696,2.0682565475229633,0.22624358695743518,2.263719796668244,-0.6432787176612044,0.5891953610730075,1
2024-09-27,kava,Kava,0.11540164505297318,1.9635977415227512,0.3465836885990504,2.299188628891236,-0.6223084807979073,0.5671667412732522,1
2024-09-28,kava,Kava,0.3961301228352354,1.966693567412009,0.03409348608648088,2.2859741263080924,-0.5914948882565648,0.6223826049004584,1
2024-09-29,kava,Kava,0.20333309889784604,-0.8727084482349948,-0.32921324350482867,2.224491659181181,-0.5781963838247874,0.7045836264390095,1
2024-10-01,kava,Kava,-1.2258368777080708,-0.09512819764693085,0.020403407727269493,2.177560410551947,-0.6813150374700119,0.6149750025685208,0
2024-10-02,kava,Kava,-1.1409643643997784,0.09374958261959192,1.1435647391351036,2.220565353686423,-0.7540598655911478,0.45431142153020426,0
2024-10-04,kava,Kava,-0.8390920793851258,0.13873455256214318,0.004566733893275472,2.0030935122378555,-0.7931923829755442,0.5899651189745118,0
2024-10-05,kava,Kava,0.969557453756992,0.6422110140383378,-0.4145959446486731,1.9937661484219482,-0.7207239238398792,0.6904057678281268,0
2024-10-06,kava,Kava,-0.124700285199776,0.5796787085920535,-0.24124565860719535,2.023362901416891,-0.7396488644156032,0.6480282889617955,0
2024-10-07,kava,Kava,0.20518689750566518,0.6316502867605234,-0.801994420429816,1.8603910312749898,-0.6669440318477058,0.8350109836950347,0
2024-10-08,kava,Kava,-0.20848747270204074,0.5956165332909953,0.4001010243848496,2.1413370920162955,-0.7337772627298075,0.529131903855162,0
2024-10-09,kava,Kava,-0.1592113130662867,0.2757798846332637,1.4179731273298517,2.2266619288148175,-0.7647714982513131,0.42645034183021713,0
2024-10-10,kava,Kava,-0.08544767017331047,0.0236733949670245,1.0152142961634063,2.1855578051062015,-0.7632739590709279,0.46003150998399983,0
2024-10-11,kava,Kava,-0.24574057985171383,-0.32781239630209,0.6064881424726295,2.124712140823946,-0.7658150229438415,0.4984353778012795,0
2024-10-12,kava,Kava,0.7465857336349854,-0.4857131923786588,1.8976602176806443,2.3025443732103468,-0.7308838960064099,0.391056544090767,0
2024-10-13,kava,Kava,0.21384044140649539,-0.5169887395019891,0.7681371542543686,2.223940783168289,-0.7117915898294905,0.49094239226481795,0
2024-10-14,kava,Kava,-0.08151779599814422,-0.5828072716985568,-0.2649185729091863,2.0509337510493575,-0.7124020254308631,0.6555092404603533,0
2024-10-15,kava,Kava,0.4955411589640866,-0.4239344870187805,-0.30552790252119766,2.0948301497695487,-0.6578760002197039,0.6623982636326907,1
2024-10-16,kava,Kava,0.7282813104987903,-0.39008706440582547,2.5181751581364415,2.4536593207017456,-0.6593536412900458,0.37322598292524484,1
2024-10-18,kava,Kava,-0.3387990945072042,-0.10611652568412507,-0.32580449466690276,2.104192597834272,-0.6703302384558101,0.684863319997761,1
2024-10-19,kava,Kava,0.04411227155606709,-0.17092252528438678,-0.43964624000986124,2.0863228197686188,-0.645586707753628,0.7097963991690535,1
2024-10-20,kava,Kava,0.11948362502509821,-0.34679483412933826,-0.4487667462000162,2.093092772497317,-0.640037598121562,0.7152009123382154,1
2024-10-21,kava,Kava,0.5078880466898674,-0.2900014866459343,0.7582493450150156,2.341141104922152,-0.6362077381993229,0.5173273912176669,1
2024-10-23,kava,Kava,-0.7574167039771462,-0.08822927015769823,-0.3637754681829125,2.097663989381464,-0.649262566200408,0.6839719854505337,1
2024-10-24,kava,Kava,-0.5290639075353454,-0.12825551328256332,0.22023119177557982,2.1616822468163512,-0.7024831713572857,0.5637793735252404,0
2024-10-25,kava,Kava,0.10757931141206566,-0.3839537928411435,-0.01326146559118903,2.131623943282779,-0.6934287170704618,0.6050290822353052,0
2024-10-30,kava,Kava,0.02652391939598673,-0.5326834587927365,0.17907584543499264,2.158786164311787,-0.7108540910514256,0.5782861964732996,0
2024-10-31,kava,Kava,0.10416642758883775,-0.5591989388536449,0.0927404770082182,2.1541416057401213,-0.7033639590026515,0.5931348686565503,0
2024-11-01,kava,Kava,-0.8744535865597184,-0.3252901212404043,-0.2316026459846252,2.014796652685598,-0.7486328770031883,0.6447465391044935,0
2024-11-02,kava,Kava,-0.35477036577951643,-0.6375826737963297,-0.16962595039634268,2.005746297934162,-0.7541164358042346,0.6207181439477817,0
2024-11-03,kava,Kava,-0.18484307984960602,-0.7171200776722695,-0.6573642220397256,1.8508442920488941,-0.742400624428649,0.7600035980891555,0
2024-11-04,kava,Kava,-0.5063332568850932,-0.7326317395708485,-0.2608273470726083,1.928319177649529,-0.7889455714051947,0.6319576554266005,0
2024-11-05,kava,Kava,-0.41319156210412306,-0.7917127421650777,-0.30976634602501363,1.8784029261715827,-0.8165460071772508,0.6438564933119625,0
2024-11-06,kava,Kava,0.7380955730249624,-0.26840616069989953,-0.402580320598202,1.9145945435256577,-0.7739803128483947,0.6745523983071392,0
2024-11-07,kava,Kava,1.376149777754871,0.4221879779971788,-0.06463090845783963,2.0994566203145366,-0.71543756219009,0.6153489872758169,0
2024-11-08,kava,Kava,-0.07268985626369481,0.16817778148356144,-0.17325422042937041,2.0737380502794482,-0.7124947431824267,0.6349140381217523,1
2024-11-10,kava,Kava,0.6144993785795656,0.1887592110630641,0.47992546592661145,2.2284641583294866,-0.6948991691721683,0.5383586178978865,1
2024-11-12,kava,Kava,1.630837051813729,0.5872496945350686,0.3440166794877236,2.348060038243975,-0.593758144144686,0.5802461192784462,1
2024-11-13,kava,Kava,0.3664689483264987,0.29575851095771427,2.5719469269943174,2.5787400001952534,-0.6037122561204845,0.3872216664705743,1
2024-11-14,kava,Kava,-0.7780831751963845,0.47884772598130754,2.5719469269943174,2.5101797142196327,-0.6555472319967585,0.3693640814563592,1
2024-11-15,kava,Kava,-0.2338117976999878,0.6104793700954206,1.9433169939202932,2.428960515775141,-0.6691562644513415,0.42760962163278027,1
2024-11-16,kava,Kava,0.6730986519476649,0.37652183247458904,-0.03653827208450058,2.2829511217452256,-0.5940434746772489,0.6444399158398705,1
2024-11-18,kava,Kava,1.6151148209001362,0.6741022968095706,2.5719469269943174,2.7282895863459498,-0.5370471504520729,0.36486016346014616,1
2024-11-19,kava,Kava,0.8219483869024611,0.6953362659819914,2.31307661083367,2.728480819545375,-0.46206627077272255,0.4594922087649652,1
2024-11-20,kava,Kava,-0.29274050434916804,0.48782193222455744,1.8101878379907226,2.6646948832605135,-0.48880806627895373,0.486184305183387,1
2024-11-21,kava,Kava,-0.5818423343002996,0.659875683196211,0.3364800190896664,2.468326541217369,-0.5146777175198707,0.6155487590962134,1
2024-11-22,kava,Kava,0.7459435851188096,0.43542308853656203,0.8080407044557453,2.5895862993636527,-0.47548390914770755,0.5760616814286419,1
2024-11-23,kava,Kava,0.3137745689354062,0.2961403281488389,0.33580173798508267,2.568223645095693,-0.4329074102056621,0.6378236101625293,1
2024-11-24,kava,Kava,0.9098712045075819,0.32492546074863804,0.6354181640721647,2.6883265590504135,-0.37507610338482206,0.6213959615513385,1
2024-11-25,kava,Kava,0.5181949640763861,-0.1157065660994219,1.1157916064796773,2.7882122065440025,-0.33897185492536086,0.5831493008113555,1
2024-11-26,kava,Kava,-0.4721295368498163,-0.09467537068605422,0.6829400812898057,2.701482054147256,-0.36421698086266363,0.6143738308795446,1
2024-11-27,kava,Kava,0.34453307077329937,-0.19334759003633437,1.4903936671538542,2.8185720457170906,-0.32689934734041787,0.5445025460281815,1
2024-11-28,kava,Kava,0.7907849601666409,-0.590754461729411,0.21542686507822828,2.7528027942449063,-0.2613965838599918,0.7036209203727671,1
2024-11-29,kava,Kava,-0.1372041759382072,-0.5030365365016428,0.2612433906138945,2.747760792173384,-0.2700678764537444,0.6924374581059904,1
2024-11-30,kava,Kava,1.274716612344268,-0.21085097111854856,0.11654318418336286,2.848917310016327,-0.16433252337671897,0.7478271611452308,1
2024-12-02,kava,Kava,0.30263595117709735,-0.2634813333217579,-0.019736144665267668,2.8466218445630944,-0.15324592924711142,0.7846919610760463,1
2024-12-03,kava,Kava,0.35377704747476907,-0.2750872752611131,0.8035437420551413,2.9970261682876527,-0.13093730816261726,0.6825440734520876,1
2024-12-04,kava,Kava,1.4549316308300073,-0.2383000416606444,2.5719469269943174,3.277312093797272,-0.02223304697808371,0.5919181570540208,1
2024-12-05,kava,Kava,0.09772298520443387,-0.18102778135001774,1.9720103998232144,3.2545981181631385,0.007037554835883637,0.6344882602024344,1
2024-12-06,kava,Kava,0.16801051696318767,-0.14605412031250706,1.989669003263985,3.277206432327778,0.029684130770835697,0.6379594310642418,1
2024-12-07,kava,Kava,0.08074069989778276,-0.1923015747598723,1.2916787786539448,3.2296002722937347,0.03439814345382757,0.6939032830912918,1
2024-12-09,kava,Kava,0.11678598309213137,-0.3847388414342742,-0.030539978807684942,3.0766127512361146,0.05445509982298574,0.8603258953420508,1
2024-12-11,kava,Kava,-3.254385555986181,2.1749881765513415,1.1092700810208995,2.823705809084903,-0.3289792069471969,0.6069460152375478,0
2024-12-12,kava,Kava,1.1108171717201847,2.332153668256971,0.38149569474141604,2.8504027421049787,-0.2316348842985151,0.716067579643324,0
2024-12-13,kava,Kava,0.209910439249392,1.9965377014692642,0.4292143900912768,2.8784489271286544,-0.21188397973540893,0.7172682246080136,0
2024-12-14,kava,Kava,-0.34957006848382954,1.966379672147622,0.013877511253991524,2.792502613090766,-0.21076510644789262,0.7645763667784328,0
2024-12-16,kava,Kava,-0.41875287654326676,1.9229385278548645,0.19286313256888565,2.7856908648003076,-0.238187687756529,0.7200517201437862,0
2024-12-17,kava,Kava,0.2405980884461974,1.9080070209314295,0.33114431986708104,2.8029933779546443,-0.27199444059925426,0.7168824545371978,0
2024-12-18,kava,Kava,-1.0316898315255398,1.9058045586941483,-0.05818251875983437,2.644339018258642,-0.33410527221727615,0.7468425284654651,0
2024-12-19,kava,Kava,-1.4905728637765712,0.500585436023098,0.420354140305944,2.558036296182569,-0.4831090058737161,0.6397833421103178,0
2024-12-20,kava,Kava,-1.1627168042439548,0.028021693873566927,0.5055504343819367,2.4558484959639526,-0.5733027127233336,0.6034757555814885,0
2024-12-21,kava,Kava,0.3088617828872426,0.17037496079211645,0.4098688733608555,2.4806099474145427,-0.5319733086337344,0.6168117753208804,0
2024-12-23,kava,Kava,-0.3122984344723247,0.13384389162215798,-0.3529383464735956,2.3122299680663385,-0.5423663488511813,0.7484064058326512,0
2024-12-24,kava,Kava,0.7137569011219261,0.632989260345553,-0.029618454194712988,2.452958954229286,-0.48684459164371247,0.6900675612419049,0
2024-12-26,kava,Kava,0.7460632510766397,0.8730682410357131,-0.5142435213236756,2.403418334357445,-0.4224815729394405,0.824353993451698,0
2024-12-29,kava,Kava,0.023791391383306732,0.8045492116653745,-0.5432836750193433,2.405510107620795,-0.40035945274838436,0.8297970259487105,0
2024-12-30,kava,Kava,-0.44461268169881646,0.2227543393470087,-0.5649073582803898,2.3581375339188777,-0.427462438862274,0.8259617739554156,0
2024-12-31,kava,Kava,-0.2950754268560386,-0.2807273924639298,-0.2702948218866327,2.413009881285264,-0.46204291754723426,0.7354287180284056,0
2025-01-01,kava,Kava,-0.39539165239776164,-0.24253448356136398,-0.36039301138599616,2.354236058551205,-0.4866939967693751,0.749105789085536,0
2025-01-02,kava,Kava,0.5796484579265274,-0.2748943565300648,-0.6244873817197686,2.3206084457184923,-0.4414256198675735,0.847350362792408,1
2025-01-03,kava,Kava,0.5815320628266697,-0.49327017775708,-0.4470154716754366,2.4207821234211466,-0.4341908347130571,0.8066048895911512,1
2025-01-04,kava,Kava,1.4862429434182831,-0.012551309874292099,0.052863247861562226,2.6601620329138043,-0.3530109036121027,0.7335458679412697,1
2025-01-05,kava,Kava,0.8125796654353744,0.09061375764807043,1.4782967356420793,2.8958781499216335,-0.3127351956085503,0.5948036160692488,1
2025-01-07,kava,Kava,0.056255026636368166,-0.031654541925157605,-0.07374447163421562,2.7147740273709275,-0.2933730702482628,0.7816675673432302,1
2025-01-09,kava,Kava,-1.2159140011692227,0.4804842614269888,-0.3397770513086669,2.5359252625160806,-0.3824103849692856,0.8052011271803831,1
2025-01-10,kava,Kava,-0.11478122473431629,0.39156228066194326,0.06769892580708337,2.613901162374216,-0.38857323565102914,0.718212363676717,1
2025-01-11,kava,Kava,-0.2601085426117739,0.3953895859897921,-0.3689961552144925,2.5097674109259747,-0.3743335391068358,0.7962704304309097,1
2025-01-13,kava,Kava,-0.46197393417327914,0.4854814031477285,-0.7458183603285714,2.327231762217737,-0.3973381821666809,0.922685126470918,1
2025-01-15,kava,Kava,-0.128398271602156,-0.12725963819218494,-0.688488873591472,2.336114868015219,-0.423364637121103,0.8950940517171649,0
2025-01-16,kava,Kava,1.1117049398064698,-0.1701737776166437,-0.5778284986287142,2.4616009659744726,-0.39020266204834403,0.8858685427825561,0
2025-01-18,kava,Kava,0.48062332990627715,-0.03320304024977645,-0.6209654369698285,2.4922763472176013,-0.3498623660105565,0.912660814854628,0
2025-01-19,kava,Kava,-0.8594489390064998,-0.3143721337536768,-0.16887097312851485,2.539179903231157,-0.42301715691642217,0.7624223055176806,0
2025-01-20,kava,Kava,-0.9726608194531184,0.13674007031582422,-0.1490690118205945,2.429592363123107,-0.5368755239783101,0.7424024515578515,0
2025-01-21,kava,Kava,-0.0764626030506406,0.14616804990660226,0.47593836511212695,2.523409081411895,-0.549435697611053,0.6423013137514676,0
2025-01-22,kava,Kava,1.0162417243098143,0.4856561906717382,0.802691939868216,2.655333884785914,-0.4779254307386243,0.6245449090589877,1
2025-01-23,kava,Kava,-0.0818099322699634,0.4709643527063925,0.10538085239703225,2.5711982852104507,-0.44430547141085186,0.7063821425605534,1
2025-01-24,kava,Kava,-0.5919389072750086,0.3796741594450424,0.45934181970637483,2.5675540161922803,-0.4904126975392395,0.6405800871493217,0
2025-01-25,kava,Kava,-0.3334776741809431,0.2918636291584481,0.5578769429290414,2.532208816522091,-0.5474450996823419,0.629799657459438,0
2025-01-26,kava,Kava,0.2859571676033995,0.26391200414167465,-0.244457982560355,2.4263985311179583,-0.5162995711286277,0.7672128919361517,0
2025-01-28,kava,Kava,-0.5000897403274276,-0.1626586140673006,1.1019586064844265,2.5673626109982233,-0.5721777830318707,0.5686765012160291,0
2025-01-29,kava,Kava,-0.6366735013799552,-0.05665810768178877,0.4500032326958184,2.440299660529532,-0.603874742085443,0.6250677204929989,0
2025-02-02,kava,Kava,0.4030797090831162,0.0738596802445081,1.8218529042616622,2.642745962349664,-0.5039857891735197,0.4785812829482639,0
2025-02-03,kava,Kava,-0.8420904503989496,0.1369337836012564,2.1995892882577954,2.597098454343758,-0.5487488750818884,0.43013019922631457,0
2025-02-05,kava,Kava,1.7067811830429587,0.7951646599648953,1.8024343997612517,2.717287560291812,-0.4383997257311961,0.4949445732211658,0
2025-02-07,kava,Kava,-0.8398790249097687,0.8729068254818173,0.5052972587872786,2.520182810047805,-0.48216970767392636,0.5938435203575122,0
2025-02-08,kava,Kava,0.8596310793191617,0.9933161382094907,0.001868180068290743,2.5272526419139356,-0.40707094105259345,0.6850084648673833,0
2025-02-11,kava,Kava,-0.5946356225281002,1.0304388849858357,-0.0715327677981185,2.4580051618469807,-0.4475148191928833,0.6842326983178255,0
2025-02-12,kava,Kava,0.42216022219906435,0.8872865976528149,-0.047851187203380226,2.495945513148415,-0.42927859581580824,0.6919814906897553,0
2025-02-13,kava,Kava,0.7555040400356,0.7237846388553534,1.171275828735615,2.7149709574278393,-0.3995248439936009,0.5583334420776559,1
2025-02-14,kava,Kava,-0.5268456768458608,0.6855348919518174,-0.028948321754120362,2.513578722259538,-0.42501711351915217,0.6955691160159514,1
2025-02-15,kava,Kava,0.033000924094281854,0.07960204321821678,-0.4652255124866758,2.423074299244374,-0.39451152032273307,0.7947851537035228,1
2025-02-16,kava,Kava,-0.193793390662646,-0.15493400426712725,-0.6360331215148363,2.3456276828492473,-0.4022037036208886,0.8493013339390896,1
2025-02-17,kava,Kava,-0.44386010993922703,-0.37529393070108563,-0.5375739310451335,2.338485082631256,-0.441412685078744,0.8037972072710828,0
2025-02-18,kava,Kava,-0.09457802276923083,-0.49647533781221764,-0.5862437162996516,2.3151918356149173,-0.44112459272777194,0.8175366723845213,0
2025-02-19,kava,Kava,-0.12457880872481682,-0.5588123377086657,-0.5498198330389464,2.3190301944272806,-0.44202282399883697,0.8053223479078904,0
2025-02-20,kava,Kava,0.225345802616069,-1.0088132554915252,-0.7018942673347287,2.2652169658336407,-0.4522514265544324,0.8733257473495571,0
2025-02-21,kava,Kava,0.09238027945262196,-1.1227999781570146,-0.5219581542053408,2.3460308116462887,-0.448785265275258,0.8041622515070778,0
2025-02-22,kava,Kava,-1.081343130014228,-0.6221931890355864,-0.2124950355412006,2.3247639571743437,-0.5379750943541335,0.6984775256541016,0
2025-02-23,kava,Kava,0.4478965433179353,-0.41674893697032,-0.6641334535956511,2.2321373237453987,-0.4872434185683212,0.8416632720106527,0
2025-02-26,kava,Kava,-0.9048307825417801,-0.21925870966398905,0.5111387411823732,2.3948085868117683,-0.5910497023402661,0.5729301877386228,0
2025-02-27,kava,Kava,0.03854519857444872,-0.16762123621871333,-0.12900499685826256,2.3080685783606874,-0.556691436922562,0.6682171187140518,0
2025-02-28,kava,Kava,0.608542659674095,0.06013844853417932,-0.3726144854031648,2.311143452501123,-0.4996848897658572,0.7333115212996504,0
2025-03-01,kava,Kava,0.046284640511270375,0.06632259207179544,0.8902604254019589,2.5118708336961597,-0.523376051533179,0.5361790764544913,0
2025-03-02,kava,Kava,-0.3498707417944726,0.07595218243128725,-0.4988768368875326,2.244385418477736,-0.5206734059950555,0.7656973923508261,0
2025-03-03,kava,Kava,1.257738909525491,0.04566089548401118,-0.18397815062125844,2.4237059537681156,-0.4729303295613671,0.716564069372751,1
2025-03-04,kava,Kava,-1.6502494946390793,0.6203273378448197,-0.07337468450276485,2.2961699075637183,-0.5773085186165214,0.6530082480663953,0
2025-03-05,kava,Kava,0.3620419897110026,0.4611575826858481,0.572163427771799,2.424450241611601,-0.5651667567319936,0.5637296557856621,0
2025-03-07,kava,Kava,0.6003382597715083,0.5514194997907518,-0.144683806916851,2.3746452268241542,-0.4974045021333582,0.6824931733936419,1
2025-03-09,kava,Kava,-0.6325389356231055,0.5539022307342285,-0.8010419542956667,2.102259179266097,-0.5060016181313027,0.8863798895541196,0
2025-03-12,kava,Kava,0.47274671123903594,0.6096972024206379,-0.0341389564187309,2.380584596686362,-0.5103149070986019,0.6573051214303258,1
2025-03-13,kava,Kava,0.06546422446566341,0.5578722393320411,-0.4212976293627574,2.3023255744953177,-0.48935522994751224,0.7442567368741805,1
2025-03-14,kava,Kava,-0.10380554776202267,0.28377681870962723,-0.4470705829594293,2.2866482451690335,-0.4933579801092179,0.7488705475232235,0
2025-03-15,kava,Kava,1.181406339091414,-0.2142653444461367,0.2929564646934021,2.535333485900472,-0.4393872380554381,0.6277689272677722,1
2025-03-16,kava,Kava,-0.09628958552395793,-0.1685630251913904,-0.7071964878952576,2.286207447965006,-0.4117112713270696,0.8681060855935995,1
2025-03-17,kava,Kava,0.3506564147081359,-0.24870055598983684,0.0348359057419132,2.521160638743513,-0.41046756490816383,0.673494364716259,1
2025-03-19,kava,Kava,0.11615060788597689,-0.5658678220065209,-0.5607498255598833,2.401713274535645,-0.35809405345573553,0.813429709196471,1
2025-03-20,kava,Kava,0.6401697422509716,-0.5751258626394159,-0.11619734583201466,2.5610052322254426,-0.35601106843340274,0.7212982492418525,1
2025-03-21,kava,Kava,0.8892623869188461,-0.409208736057767,0.09003679205432272,2.691411731598119,-0.2752947714731537,0.6998043619598058,1
2025-03-22,kava,Kava,-0.13333972415357595,-0.39997098585775637,0.3115912948726468,2.712535092094831,-0.2881054812504908,0.6635600709646101,1
2025-03-23,kava,Kava,-0.28051027313968085,-0.5036222451408665,-0.47554477761203373,2.526279677911432,-0.29199876428389654,0.8147125963915431,1
2025-03-24,kava,Kava,-0.30873680546250604,-0.4101871337346238,-0.2212169326572973,2.557480613246863,-0.3314288767540698,0.744725253845705,1
2025-03-25,kava,Kava,-0.35369213895334434,-0.28078777718210735,-0.009231059443208978,2.557835275943981,-0.3816746920975351,0.6941358309830397,1
2025-03-26,kava,Kava,-0.35039652893084694,-0.26896259876701895,-0.5505757185657376,2.395819872909042,-0.3838679870827431,0.8175633384636365,0
2025-03-27,kava,Kava,-0.4196272137230144,-0.3168845239506635,-0.5335300489118808,2.36313978724437,-0.4127983077246125,0.8012744246186558,0
2025-03-28,kava,Kava,-0.2061861062886478,-1.2342650081379678,-0.49345105398923317,2.3678297493266682,-0.40668415903763916,0.7778720938482862,0
2025-03-30,kava,Kava,-1.9493386770431618,-0.6166588536831518,-0.6923409739051168,2.140828051849217,-0.462117470586327,0.7866947142059557,0
2025-04-02,kava,Kava,-1.0154434179056187,-0.3999245372613726,1.6527797412534866,2.4018967606932287,-0.609511315717632,0.4024987075549196,0
2025-04-03,kava,Kava,0.1030248906947793,-0.19057980686171835,2.5719469269943174,2.4824487607942776,-0.601942690386643,0.33420667601041193,0
2025-04-04,kava,Kava,0.31034126676840956,0.10508359751797156,0.24565115343619257,2.312998724246566,-0.5303591163338269,0.5416753389353695,0
2025-04-05,kava,Kava,-0.2266547394867586,0.1046894064664692,0.034932831008408896,2.254323358440289,-0.550301133154567,0.5747861032641773,0
2025-04-08,kava,Kava,1.1622601167651443,0.4649955643750045,0.9294120714275431,2.4526855298635324,-0.5249085568552785,0.4922688424728404,0
2025-04-09,kava,Kava,-0.6442408945267546,0.4783292636511716,-0.040108532546345124,2.2734253432066436,-0.5364053307996729,0.6031509820938912,0
2025-04-11,kava,Kava,0.27551993377921596,0.13100342514858201,-0.07508632901037461,2.285552144210972,-0.5302020853794156,0.6180826867675235,0
2025-04-12,kava,Kava,0.4687288486925055,-0.4213613678252405,-0.15843601224872936,2.3098710158718805,-0.4993893310028985,0.6441873284115139,1
2025-04-13,kava,Kava,0.0849101900962066,-0.4212025231888793,-0.5900435527271883,2.205838943753535,-0.46800046188311906,0.7605425812530027,1
2025-04-14,kava,Kava,-0.32361250062839536,-0.3985134080761334,-0.38755320776523017,2.238999007719599,-0.49910602737039267,0.6909206864625043,1
2025-04-15,kava,Kava,0.06166076359697641,-0.4677327022641498,-0.6012427477174768,2.1740817492170743,-0.4926340577881308,0.7619814184932275,1
2025-04-16,kava,Kava,0.17442647009889023,-0.8111128873702036,-0.4593746339601799,2.235764924908317,-0.4897746056307057,0.7186391793332716,1
2025-04-17,kava,Kava,-0.009349483551051717,-1.05755366888461,-0.11809302535896565,2.3159067957519337,-0.5039076268867663,0.6362281147097277,1
2025-04-18,kava,Kava,0.27274183782207867,-1.0285340622373258,-0.2893903287854052,2.304136880786917,-0.47899472213039235,0.6791138348177768,1
2025-04-20,kava,Kava,-0.6764991588102459,-0.9708063399707195,-0.6810137877051845,2.1307083501910364,-0.4815567281814494,0.7825342763425377,0
2025-04-21,kava,Kava,-0.0792446370317233,-0.9994087309360374,-0.5264320502753346,2.1779312132041455,-0.5026455083245116,0.7249261487095403,0
2025-04-22,kava,Kava,0.07026572502516228,-1.0605530891937134,-0.3514365935645473,2.2272966630033673,-0.5201844965777589,0.6798727679475516,0
2025-04-25,kava,Kava,1.5284179589779416,-0.19401135861010754,-0.30669359185134415,2.362114188466607,-0.4417621187384386,0.7034783249123469,1
2025-04-26,kava,Kava,0.4170761085191924,-0.17405007774679182,-0.2641580387126616,2.4102330034187673,-0.4145133212420176,0.7023979863747729,1
2025-04-27,kava,Kava,-0.08395432329227295,-0.1645314904471427,-0.5438218649064854,2.325647438547763,-0.40837245893830737,0.7787149851989279,1
2025-04-29,kava,Kava,-0.2544552077891309,-0.1439008899909243,0.21314344355166187,2.474481580159168,-0.43468419711811007,0.6020488614495828,1
2025-04-30,kava,Kava,-0.653936988090749,-0.053420219412637436,-0.3527924092895452,2.3039413930038184,-0.46541926970186903,0.6984099753405375,1
2025-05-01,kava,Kava,-0.10871582181757054,-0.05326454739504557,-0.37624703565635587,2.2861277870676955,-0.47599776333607274,0.7032068528634018,1
2025-05-02,kava,Kava,0.035420018460300816,-0.060512498355595405,-0.46904514092860383,2.2624469636175113,-0.471663313849456,0.73105136582438,1
2025-05-03,kava,Kava,-0.03191794335730424,-0.864845583015374,-0.7442879975995621,2.153320933695143,-0.4598663395237414,0.837595317013722,0
2025-05-04,kava,Kava,-0.34747369029489744,-1.0708211546601725,-0.8531788643857351,2.0581087544010948,-0.472982716036899,0.8948845530162156,0
2025-05-06,kava,Kava,0.21584985744202156,-0.9028199756578428,-0.14453537592163238,2.3305120010840286,-0.48655730742712966,0.6452426527072699,0
2025-05-07,kava,Kava,0.18111457182608193,-0.7970100946357579,0.34714079768136197,2.4332092337617337,-0.47457527782010356,0.5644064225914043,0
2025-05-08,kava,Kava,-0.1258132642024395,-1.0606737942035092,-0.5129898616063163,2.247701715765817,-0.45943271656027374,0.7372237400169213,0
2025-05-09,kava,Kava,1.4938409572696627,-0.4756667627858679,-0.30391195287723677,2.415907480907657,-0.4108697880276376,0.7212706630807738,1
2025-05-10,kava,Kava,0.7284698876548273,-0.41052093012481156,0.04714009686991957,2.5483685905595768,-0.3789214926333774,0.6696379904153471,1
2025-05-11,kava,Kava,0.24468228676663833,-0.4573574760485381,-0.007160936471982294,2.5658821339024125,-0.3518233762379376,0.6831721309701847,1
2025-05-12,kava,Kava,-0.41275736309794564,-0.4023476662900813,-0.31236635137597885,2.4621096320146156,-0.37645124201740654,0.7369380655759203,1
2025-05-13,kava,Kava,-0.5231893876863906,-0.2541932830796254,0.765923386867908,2.588628248516291,-0.4217328352720426,0.551137274787917,1
2025-05-14,kava,Kava,0.05982702446185402,-0.24901805778431224,0.0055674106427509905,2.489829870499504,-0.40690062407329086,0.6568417127885344,1
2024-06-01,kda,Kadena,-0.0016206599839737603,-1.6574406623898612,-0.6851355024668425,1.3578449382439537,1.6437517282804701,0.16553760496187755,1
2024-06-02,kda,Kadena,-0.008019796382403667,-1.6574406623898612,-0.7597136634456592,1.3235564515254754,1.6499168448430008,0.19748500804976213,0
2024-06-07,kda,Kadena,0.3843944976870373,-1.1717361141209643,-0.6013460230965196,1.4276867077109452,1.6637441205829944,0.14314771367934467,0
2024-06-08,kda,Kadena,-0.8186234362180891,-0.41982206102394715,-0.03650823730132097,1.48736295626568,1.5732124250723676,-0.0364138293799215,0
2024-06-09,kda,Kadena,-0.8012393097810304,-0.449123430126978,-0.30521276009480197,1.351063155430267,1.5170994400897104,-0.012692310790445248,0
2024-06-10,kda,Kadena,0.14047649868679127,-0.52185325329815,-0.6628987763174131,1.2535859007587438,1.5455323022357819,0.10526438218846675,0
2024-06-11,kda,Kadena,-0.5675470469593056,-0.5829871248128714,-0.3392204888507972,1.2961321273220976,1.4763383151951686,-0.020029879995668406,0
2024-06-12,kda,Kadena,-1.2018783663608503,-0.406476274200697,0.24231659559254728,1.2823840084048541,1.35861011198105,-0.17739802290191883,0
2024-06-13,kda,Kadena,0.7346526098463952,-0.11673303836634304,-0.11113923257765228,1.2909456381284032,1.4193904287324794,-0.09033701505128654,0
2024-06-14,kda,Kadena,-0.8519782316271493,-0.19380610506602866,-0.42985862803859515,1.1310713199454157,1.3601225600227025,-0.0481761240349001,0
2024-06-15,kda,Kadena,-0.49320421677752657,-0.22204479224613877,0.1953302191601345,1.2141540139538398,1.3137538376519338,-0.19324192928252218,0
2024-06-16,kda,Kadena,-0.12325694714409467,-0.23661990978692918,-0.5972883302608204,1.0248530902769413,1.3364304513212273,-0.016672636846933188,0
2024-06-17,kda,Kadena,0.04306197111632336,-0.25512563748873873,-0.5433855510057698,1.0492155038781188,1.3394702526038746,-0.034378085717097856,0
2024-06-21,kda,Kadena,-1.132847875576097,-0.06198282085895579,0.06284765439181564,1.0711624818184926,1.2167402654354567,-0.2148756674904087,0
2024-06-22,kda,Kadena,-0.3803934531455615,-0.2512638115906014,-0.19116462171671708,0.9886772801503928,1.1990090421295536,-0.17872860844483945,0
2024-06-23,kda,Kadena,-0.21195484949953156,-0.6186544336552021,-0.4876596539452119,0.8965027654224991,1.2010443290877382,-0.10981494112371903,0
2024-06-24,kda,Kadena,-0.31252764896325397,-0.7047337003664905,-0.3538851776681877,0.905372387020312,1.174532356026106,-0.15796076163846187,0
2024-06-25,kda,Kadena,0.27186176055973715,-0.553714654699906,-0.015167172351061603,1.0050149818337597,1.187390787757333,-0.22397138692607182,0
2024-06-26,kda,Kadena,0.33821566997982466,-0.4611141223869614,-0.6514759042981406,0.8672635553511616,1.2316813737233498,-0.043855464365247274,0
2024-06-28,kda,Kadena,-0.4655538248424511,-0.47557595841930306,-0.5120284789468207,0.8740215382001666,1.1918477792620994,-0.10961038450705309,0
2024-06-29,kda,Kadena,-0.19197821284126115,-0.9643167730721591,-0.505295028686359,0.8575977624354892,1.1771255182818237,-0.11673277686087782,0
2024-06-30,kda,Kadena,0.04775666029312135,-0.9883713021573715,-0.23539038038453375,0.93581917720839,1.1741296622675288,-0.18946537671033417,0
2024-07-01,kda,Kadena,0.5227486826904865,-0.823465610357256,-0.5027516053216512,0.9144295685272329,1.223834084545047,-0.10098157226490617,1
2024-07-02,kda,Kadena,0.4454071801946519,-0.8657680041138576,-0.2025985186402217,1.0315319723282215,1.235462451415042,-0.17073374602730795,1
2024-07-03,kda,Kadena,-0.44721347250966204,-0.7625770287058996,-0.584226163077966,0.884856880931439,1.2204802998750022,-0.07827056700748906,1
2024-07-07,kda,Kadena,-1.957800916938118,0.1883451958603435,-0.46641102165189924,0.7331051153996323,1.0753336350245402,-0.1798174648219771,0
2024-07-08,kda,Kadena,-0.919692475317655,0.2629947060207777,-0.33201624103458394,0.6860349846931105,1.0114169786692484,-0.24292359373508868,0
2024-07-09,kda,Kadena,0.6445467076809728,0.4565261306564694,-0.17743728303380063,0.7786460423396654,1.0481637355492746,-0.2622819751415503,0
2024-07-10,kda,Kadena,0.18114507071260838,0.4764692395047591,-0.2141448084587586,0.7890543790960618,1.064644326344349,-0.2505022419423183,0
2024-07-11,kda,Kadena,0.1828408571160152,0.38069024866443313,-0.6151968465145713,0.6910176726206089,1.0904477550087537,-0.13136945155346413,0
2024-07-12,kda,Kadena,0.07325240693288818,0.3234089779462308,-0.5101521799427724,0.7342511729676484,1.090898378735321,-0.16508905112079444,0
2024-07-13,kda,Kadena,0.45696469785379457,0.4286399510868179,-0.5488212394832234,0.7639227342165629,1.1260397618574824,-0.1391552395228589,0
2024-07-14,kda,Kadena,-0.1417982926358713,-0.47521747249491264,-0.6412594721257948,0.7106694421232552,1.1081193473177247,-0.10695135248599592,1
2024-07-15,kda,Kadena,1.8432224832821322,-0.013419378407568955,2.5719469269943174,1.288308490137113,1.181867061556062,-0.4725292261277205,1
2024-07-16,kda,Kadena,1.0074640284999818,0.029785600431130693,-0.09632771439694075,1.1156726520488789,1.2856311948365904,-0.1729757343161726,1
2024-07-18,kda,Kadena,-0.3785142756327316,0.21228195531810493,-0.23993702553895463,1.0458025722199944,1.25372771588312,-0.15476955969005987,1
2024-07-19,kda,Kadena,-0.2751127780408242,0.2780478647036939,-0.3486004992904385,0.9987152217212459,1.246425723863818,-0.14002290986528815,1
2024-07-20,kda,Kadena,0.3760463901724862,0.2572268844764035,0.22733764945199214,1.147604355629188,1.2646016164480114,-0.24065984479407512,1
2024-07-22,kda,Kadena,1.2233876089634894,0.38652315311201435,1.4859242950516898,1.3946738803815757,1.3393896664380194,-0.3336736750295367,1
2024-07-23,kda,Kadena,-1.083556093117344,0.7320139423852826,2.5719469269943174,1.4296926578937863,1.233882614806349,-0.5162349592475156,1
2024-07-24,kda,Kadena,-0.7228063648942954,0.26827483006694897,-0.5261955390686391,0.9312189521161471,1.2567577314057305,-0.10196627987179802,0
2024-07-25,kda,Kadena,-0.36054682116595277,0.0672296809074029,-0.7089711298182191,0.8244719540166157,1.2359484700430996,-0.04275258297885689,0
2024-07-26,kda,Kadena,-0.08567255807522406,0.042647596125304485,-0.4230481678978339,0.9200281587534358,1.2181146199411688,-0.14909722521894783,0
2024-07-27,kda,Kadena,0.8218420337316754,0.20198511127803734,-0.6718553547927455,0.9103750528609897,1.2887050817986185,-0.037242619865943065,0
2024-07-29,kda,Kadena,-0.9097881534885898,0.27197306363060475,-0.7294615834810889,0.8049382865139454,1.242553150751057,-0.04403947981774847,0
2024-07-30,kda,Kadena,0.09175089335312242,-0.24953028915284847,-0.6180258574530241,0.8595526758139532,1.2381425608914536,-0.08871195144438597,0
2024-08-01,kda,Kadena,-2.775333592544694,0.04757087874652037,0.2967298474416667,0.853239607201693,1.1564947095238238,-0.42151133577345157,0
2024-08-02,kda,Kadena,-0.2998433051058856,0.03877697368000819,1.2267581993233099,0.9381701534382005,1.142894540035784,-0.5403733945647105,0
2024-08-04,kda,Kadena,-1.8080699471393002,0.551037207605152,0.1445864338292481,0.6383696750630056,1.0273066143893168,-0.4641830300094035,0
2024-08-09,kda,Kadena,-0.7257003577945161,0.6779084021799551,-0.2376738982735276,0.5598266062852342,1.1205734808426149,-0.44970219189402105,0
2024-08-10,kda,Kadena,0.08172360229352366,0.3837530761747359,0.07014759479361665,0.6192640526067564,1.104887312365146,-0.5021016006577202,0
2024-08-11,kda,Kadena,0.6277274804102911,0.5446519696172286,-0.14363949235518622,0.6269009794566005,1.1317822879505361,-0.4442472134035907,0
2024-08-12,kda,Kadena,-1.0668842176977127,0.5472458231368615,-0.0944065247458441,0.5440580154226242,1.0722981595894479,-0.4835339635459628,0
2024-08-13,kda,Kadena,0.7608106125368346,0.5387903259074717,0.038941166501593155,0.6374409401813397,1.1218483270967448,-0.49175232488772636,0
2024-08-15,kda,Kadena,0.22686489247543484,0.5627485683728364,0.14056168952019568,0.672527731513732,1.1294750506386695,-0.5027104990605618,0
2024-08-16,kda,Kadena,-1.2475978924501552,0.0932289410067753,0.10114927099011481,0.5560131435263946,1.059417252897966,-0.5298496368081643,0
2024-08-19,kda,Kadena,0.284042732994547,0.14385418207733902,-0.017216804327295606,0.5772751684725491,1.1137418338493736,-0.5128646941181465,0
2024-08-20,kda,Kadena,0.20779009615532915,0.3028722976413123,1.180390471493965,0.7741884128367006,1.1751278577401751,-0.6734579830015827,0
2024-08-22,kda,Kadena,0.6967091340982803,0.4271521716897794,0.18154947724447507,0.7367439658782309,1.2652099195255853,-0.5478982362194076,0
2024-08-23,kda,Kadena,0.11511273687479391,0.0830860982342026,-0.22814160830045194,0.6682107845115194,1.274360808539188,-0.4677454420350294,0
2024-08-26,kda,Kadena,2.166587581588337,0.8023285881499068,0.5552316364885,0.990752655719094,1.417363061142945,-0.5361376483569037,0
2024-08-27,kda,Kadena,-1.1025412859120367,1.2063526848422124,2.1927845564484247,1.0169174128960758,1.3096623702169434,-0.7080899523522172,0
2024-08-28,kda,Kadena,-0.66535143572981,0.938846723292321,1.0420602493380986,0.8781170647045264,1.2929516754096126,-0.6464680838722193,0
2024-08-29,kda,Kadena,-0.5292413512885608,1.058305839411509,-0.02825613144402007,0.6942799345438249,1.2787634246234791,-0.5245715529892636,0
2024-09-01,kda,Kadena,0.052641375914529706,0.9925215279571564,-0.5356547734568388,0.5823688920879839,1.3110698964828111,-0.4021573748397685,0
2024-09-02,kda,Kadena,-0.4192463300676557,0.9138399381690246,-0.043382372224370094,0.6624004338003803,1.2598785266959764,-0.5380919472689579,0
2024-09-03,kda,Kadena,1.0152359082302882,1.0623720956391889,0.11161470253371668,0.7782869513993373,1.3206818004030743,-0.5370493527486123,0
2024-09-04,kda,Kadena,-0.751712646262934,-0.03535255703506679,0.7740924394184135,0.7885528945631884,1.2445640827301805,-0.6452278370337826,0
2024-09-05,kda,Kadena,0.22261577886272305,-0.18704892210337093,-0.08665319087874292,0.691495926587676,1.284413211777211,-0.5169767717071206,0
2024-09-06,kda,Kadena,-0.4539109202514567,-0.21203201512715072,-0.15951389300576838,0.6394155299767431,1.263466037927636,-0.5176334223191651,0
2024-09-07,kda,Kadena,-0.6678421569585913,-0.17524174527554187,0.03153629187777473,0.6150470152960681,1.2166397602827435,-0.5720891525161139,0
2024-09-08,kda,Kadena,-0.03730491482080051,-0.1988791332148293,-0.5736378108083794,0.4645976136457528,1.233083034349349,-0.42463284566510057,0
2024-09-09,kda,Kadena,0.7156130532049776,-0.090252958449815,-0.2985812228064931,0.604145292207692,1.2593473780086228,-0.48675576074653837,1
2024-09-10,kda,Kadena,0.7800505650991728,-0.186185369999734,-0.1769604113091842,0.7018025650157553,1.3099403041992306,-0.49180690915665015,0
2024-09-11,kda,Kadena,0.15953028356221574,-0.44355058521824414,-0.3703148170856595,0.6733200693858186,1.3311087376823763,-0.4423882857690525,1
2024-09-12,kda,Kadena,-0.16701071443536075,-0.42395000011964323,-0.44568418878077587,0.6338413094992705,1.3156270668469063,-0.42491112527007474,1
2024-09-13,kda,Kadena,4.457346739575347,-0.5052875465977773,-0.5140521937730681,0.7364156113633786,1.1849386754077513,-0.2372322991327823,1
2024-09-15,kda,Kadena,0.12328681276389819,-0.7930899474353454,-0.5756395232120483,0.7274082433744327,1.197379980221615,-0.2124640927825263,1
2024-09-16,kda,Kadena,-0.6155526319390806,-0.5813449125055017,-0.5892943862292974,0.6697768552848015,1.1644513669729035,-0.22784903983129784,1
2024-09-17,kda,Kadena,-0.40232736944246683,-0.6274989569722037,-0.11221292466789953,0.760385506397256,1.1232263868892174,-0.3673136143061949,1
2024-09-18,kda,Kadena,0.5225049591086837,-0.8556225426276071,-0.2713446401210775,0.7694348287723097,1.1549173380240971,-0.3164960441193322,0
2024-09-19,kda,Kadena,4.916499448953837,2.612098650899492,2.5719469269943174,1.7193799716561966,1.3784770240431212,-0.7331263533606494,1
2024-09-20,kda,Kadena,-0.8906009384190268,2.753408521993052,2.5719469269943174,1.5988005626637976,1.3121313964678114,-0.7316060562115698,1
2024-09-21,kda,Kadena,-0.627987602969974,2.8549698300680086,2.5719469269943174,1.353796675705689,1.2912346207682388,-0.5682352524814472,1
2024-09-22,kda,Kadena,0.8759932683000913,2.859803849935979,2.090012925739661,1.3696588536564216,1.371053926032394,-0.47164092535024754,1
2024-09-24,kda,Kadena,-0.26276493186763916,2.816242802161552,1.3714727255688126,1.2897149079471373,1.3512767953455114,-0.42770401849005113,1
2024-09-26,kda,Kadena,-0.5927736661998916,2.7816848281076365,2.354533200389131,1.3240023098321168,1.3489027187274658,-0.5233014725433065,1
2024-09-27,kda,Kadena,0.01186314399435177,2.8026688199270255,2.1747973172821284,1.3202685495244615,1.3618864262925496,-0.5148686537931327,1
2024-09-28,kda,Kadena,-0.04865955758129481,-0.3481587532460965,1.4771148770092792,1.2778343873692934,1.3855728170890398,-0.4704498666000742,0
2024-09-29,kda,Kadena,-0.5764031995064263,-0.4893562878083169,0.2572371868292298,1.0979017894588792,1.3650507600723358,-0.3632364964897504,0
2024-09-30,kda,Kadena,0.23505246988172399,-0.6190311837674344,0.5554897351138809,1.156273405115702,1.369795587902922,-0.3951624611286248,0
2024-10-01,kda,Kadena,-0.6669727454593201,-0.8701021518849138,0.5360909163228386,1.085115274013513,1.311633663741981,-0.4137020541831828,0
2024-10-02,kda,Kadena,-0.9949373552229398,-0.6449398529327488,2.204688163919875,1.1339859114631297,1.226087792599909,-0.5928112152015527,0
2024-10-03,kda,Kadena,-0.5724077480597053,-0.6345971968651047,0.3677220441514799,0.9229385242833735,1.2157560433489953,-0.4491552477125912,0
2024-10-04,kda,Kadena,-0.6926017920794102,-0.7191298188384629,1.1647658949556352,0.9524597030067553,1.172369024097841,-0.5607232070246208,0
2024-10-05,kda,Kadena,0.38367812733700307,-0.5835715644196933,0.10674334302591638,0.8622061073019256,1.2140786140908546,-0.423293911369055,0
2024-10-06,kda,Kadena,-0.2368337112198035,-0.587595280826883,0.17553234219484434,0.8510546447070584,1.196133853338181,-0.44075732065601253,0
2024-10-07,kda,Kadena,0.2905016720554238,-0.5327593371785769,0.09666005210499885,0.8656224689473885,1.217945237484051,-0.42067092475525086,0
2024-10-08,kda,Kadena,-0.12255156205278331,-0.6029647654396509,0.7397683956441806,0.934645027117404,1.1891065032051822,-0.5077854013656232,0
2024-10-10,kda,Kadena,-0.9482180052214081,-0.6433656935532006,0.22074559571946917,0.7868936734221896,1.1458049074332313,-0.47201762992284246,0
2024-10-11,kda,Kadena,-0.02062350967733187,-0.6648133838811515,0.10654353437213307,0.7689833685169315,1.1511273028550495,-0.45418480935746036,0
2024-10-15,kda,Kadena,3.0102164821159874,1.0443569611462367,2.2056911506602743,1.215898792851217,1.2974271468415466,-0.5725336976609944,1
2024-10-18,kda,Kadena,-0.7830868930073553,1.1996383329106517,0.2799421135199081,0.9689381965518571,1.2666940997951284,-0.4236789550201711,1
2024-10-19,kda,Kadena,0.8006784319779573,1.214243048747595,-0.002803103951628944,0.9981624811248023,1.3300867747246126,-0.35429403937082876,1
2024-10-20,kda,Kadena,-0.1683381865249484,1.2449812458950542,-0.5263708231284772,0.8580097466418727,1.3348173039406461,-0.23449261203472146,1
2024-10-21,kda,Kadena,0.4823524440925481,1.2129077603274654,0.3897830568845024,1.0813920114539461,1.3324889792332746,-0.40291812160044965,1
2024-10-22,kda,Kadena,1.1389900154733157,1.026773035448519,0.4688577449936872,1.118234306347401,1.2666939436278801,-0.3575501014932898,1
2024-10-23,kda,Kadena,-0.6281854865044272,1.1703911751542868,0.3982407682597933,1.0475863303881672,1.218841134506322,-0.3681633710330259,1
2024-10-24,kda,Kadena,-0.41174260239976374,-0.38620623178137037,0.26338095964334585,0.992464880748846,1.1966899449883015,-0.36258446963611285,0
2024-10-27,kda,Kadena,-0.7810960157122735,-0.3843477938369133,0.32659144374368,0.9282508133624785,1.1413099794924688,-0.39573271518053504,0
2024-10-28,kda,Kadena,0.3170689831162769,-0.6870756040666324,0.20685335240617267,0.935610190570624,1.1558436655405762,-0.3679934888132733,0
2024-10-29,kda,Kadena,1.1708211921613245,-0.6553147462904088,0.4497850386006199,1.011372976513256,1.112127767693465,-0.34740181533889275,0
2024-10-30,kda,Kadena,0.5910156442137716,-0.5347700405872611,0.41508915360535104,1.0620299964466635,1.155815538926996,-0.3258591947190076,0
2024-10-31,kda,Kadena,-0.05380163818780522,-0.5311926076277217,0.03968124746884151,1.003104891269613,1.1623643705433284,-0.2729281030802144,0
2024-11-01,kda,Kadena,-0.8642076072062056,-0.45258773972221766,0.06166684212245331,0.9272134864679196,1.1048879250391808,-0.30412285899077546,0
2024-11-02,kda,Kadena,-0.46850343751461676,-0.41286021905109277,0.4471580184791205,0.9364780550237479,1.0552126261033834,-0.375677419393836,0
2024-11-03,kda,Kadena,-0.20631879758050498,-0.5591465585572213,-0.3448242614396677,0.7810475596925174,1.0660855849667183,-0.24208052457835028,0
2024-11-04,kda,Kadena,-0.44670384414763364,-0.5868898703759974,0.9712358516385294,0.9389744592993097,1.0122966586295343,-0.4541182546840528,0
2024-11-05,kda,Kadena,-0.7499270505376027,-0.5326686747146441,0.9968504149547219,0.8742940816857822,0.9658820926616211,-0.4770437587236092,0
2024-11-06,kda,Kadena,0.8191146250529674,-0.4423446494697113,0.7474797206334788,0.9175844639544601,1.0118293645204297,-0.4318534821856908,0
2024-11-07,kda,Kadena,1.8429635530640915,0.4887533082968757,1.0662545630421876,1.1018024399160002,1.112837847112349,-0.4101791773924319,0
2024-11-08,kda,Kadena,-0.21226205042949925,0.3452641775304912,0.7161094520003324,1.0515521625393804,1.1117824032294399,-0.3827321741712157,1
2024-11-09,kda,Kadena,0.02983360407944824,0.24808925457567063,2.2103172681805767,1.172400788772944,1.094483981239019,-0.5016870109455291,1
2024-11-10,kda,Kadena,1.0745000131266675,0.3373393031309993,0.9397477736468308,1.1721012198473637,1.1744413761090051,-0.3784135320357905,1
2024-11-11,kda,Kadena,0.7222797285015108,0.2193607085119516,2.5064757010193177,1.3500384463635688,1.2105419618292266,-0.4633939179013264,1
2024-11-12,kda,Kadena,0.6474413446203369,-0.23013733278517562,2.521676326453457,1.417439078062683,1.269485180680788,-0.4451238002301086,1
2024-11-15,kda,Kadena,-1.1060003524148752,0.47784609404255685,2.5719469269943174,1.3369039731906813,1.1694888988904613,-0.5138735906488865,1
2024-11-16,kda,Kadena,1.6714639790279229,0.39655220974659433,2.5719469269943174,1.540180236088757,1.274742054768558,-0.5168773275974252,1
2024-11-17,kda,Kadena,0.26285862244001595,0.3281343301171592,2.5719469269943174,1.5337044447152244,1.3134893584446976,-0.47015111960660083,1
2024-11-19,kda,Kadena,1.5240952337864335,0.3938222932927393,2.5719469269943174,1.7126329001102438,1.4069442153038563,-0.46011004501461156,1
2024-11-20,kda,Kadena,-0.6652852438363167,0.6219881016053963,2.5719469269943174,1.5894042657226464,1.3651147076333552,-0.42713452123390794,1
2024-11-21,kda,Kadena,-0.7391066303550899,0.8109322313264634,1.751096993434355,1.429672716579016,1.309647876551072,-0.37050043926886267,1
2024-11-23,kda,Kadena,2.714746445690797,1.1245458894076008,2.5719469269943174,1.7001333428333698,1.3989436810562774,-0.3444135737485723,1
2024-11-24,kda,Kadena,2.103955066149537,0.9295006692011384,2.5719469269943174,1.9443905798603556,1.547290446519149,-0.3159714430544289,1
2024-11-25,kda,Kadena,0.6204390387662286,0.8060678156165928,2.5719469269943174,1.9895961779730307,1.6391282123286568,-0.259866092300024,1
2024-11-28,kda,Kadena,5.986088694940255,3.3702436572201506,2.5719469269943174,2.6020329752422424,2.1570115117152118,-0.06860379471863016,1
2024-11-29,kda,Kadena,-0.7908136583047906,3.6965031231787386,2.5719469269943174,2.5991784529149826,2.073313161777752,-0.1916456301606678,1
2024-11-30,kda,Kadena,1.0832303849935285,3.3986926904406234,2.5719469269943174,2.6072309806272056,2.2033544960030014,-0.024959891781886775,1
2024-12-01,kda,Kadena,-0.6335196326807461,3.321466785429851,2.4568769479019785,2.4715915415248437,2.1478145791782004,0.006372351829516647,1
2024-12-03,kda,Kadena,-0.18494426462597693,3.4963646429868507,2.5719469269943174,2.4963635644606383,2.1196108119540464,-0.05043769001040262,1
2024-12-04,kda,Kadena,6.815673256470041,5.439174896747169,2.5719469269943174,3.4214222692691756,2.7943679122661242,0.03563635110388945,1
2024-12-06,kda,Kadena,0.2974425379495076,5.542009803769979,2.5719469269943174,3.218268961435627,2.849468786991015,0.2855830819029509,1
2024-12-07,kda,Kadena,0.42188147529144715,4.288177573860357,2.5719469269943174,3.2827484280754584,2.9336825392144625,0.31563525993717145,1
2024-12-09,kda,Kadena,-0.08486657621268476,4.162022119589296,1.0827139880145442,3.139403789417256,2.9486823463756444,0.44817508004861656,1
2024-12-10,kda,Kadena,-2.7194087768678554,5.02158293927263,2.5719469269943174,3.0251315928654905,2.512534689451649,0.0023053407883004136,1
2024-12-11,kda,Kadena,-1.2416703701866327,5.146603295660978,2.5719469269943174,2.7997727297950514,2.356718009822371,-0.002952139357113287,1
2024-12-12,kda,Kadena,1.6309631430277567,5.175455808595257,2.5719469269943174,2.9093382547437856,2.5695360688588784,0.1695467733826954,1
2024-12-14,kda,Kadena,-0.8609812640989207,1.5277376996639935,1.4540351625339976,2.7168389850970867,2.474209727433247,0.20538608473639022,0
2024-12-15,kda,Kadena,-1.2356151195818739,1.5575434703272537,0.8515087232316455,2.506940233087214,2.3233155239562397,0.18858251907662646,0
2024-12-16,kda,Kadena,1.6239849313553503,1.989845596213418,1.250154730634783,2.7353187407108677,2.5144525974945418,0.23672316538267169,0
2024-12-17,kda,Kadena,-1.3669915857477468,2.0437405866498812,1.710838870641767,2.603130261822374,2.3457740725708436,0.12245690710153474,0
2024-12-19,kda,Kadena,-1.129682275307907,1.907283998012595,1.4556884346684607,2.321087914425657,1.9850348948876306,0.07678856790540159,0
2024-12-20,kda,Kadena,-1.4917817001881046,1.9467001280602636,2.0494377545787548,2.189040104777909,1.8156915043653326,-0.04345676548837237,0
2024-12-23,kda,Kadena,-0.45376963021225264,1.1992833197457164,0.18172320196034342,1.9521895849485553,1.7774652019510069,0.11519831687657162,0
2024-12-26,kda,Kadena,1.7289648990062247,1.9977300522886445,0.05319760451218754,2.1191203954212767,1.9606893789346478,0.2137999182300079,0
2024-12-28,kda,Kadena,-1.1513175289328832,1.9871433747018719,0.5935343376713063,2.057222662031751,1.8179601607894411,0.08182389938800906,0
2024-12-29,kda,Kadena,0.6560075901635367,1.5527857996363725,0.0027094159463806966,2.0457339954214864,1.8978146636365791,0.19603438604839674,0
2024-12-30,kda,Kadena,-1.0292104580433896,1.5147873499166962,-0.27310365864145564,1.871520030465321,1.7950436502495197,0.20326229505774093,0
2024-12-31,kda,Kadena,-0.2789463375694612,0.9470613322039007,0.6355445930147102,1.9846366959081096,1.7464176635052313,0.04681750424841059,0
2025-01-01,kda,Kadena,-0.3423420978472971,0.6840612840942621,-0.02273639489042953,1.852610035384605,1.721920015199798,0.12397430044433684,0
2025-01-02,kda,Kadena,0.8631200398437614,0.755051168273245,-0.054616544143618655,1.9356352712366698,1.7971577612214287,0.16314068905622323,1
2025-01-03,kda,Kadena,0.3273997036730594,0.10346244976801916,0.23547759201380802,2.021520838837323,1.8278703963610459,0.12967371294258553,0
2025-01-04,kda,Kadena,0.6941046155676449,-0.1167766762679978,0.3937934913014678,2.1189824905081984,1.894434864686463,0.13904417117965084,1
2025-01-05,kda,Kadena,-0.31199862544702345,-0.18512246765112833,-0.10788777690267377,2.0050150114029774,1.8737020253511916,0.20322894885816445,0
2025-01-07,kda,Kadena,0.31019404659280014,-0.5627681742487687,0.41952905994958706,2.124608035226884,1.9000167609256897,0.1367720978429316,1
2025-01-08,kda,Kadena,-1.840310912968515,0.43458900873740264,0.6929013853389839,1.9356897399270552,1.6833254347075493,0.013268876190144725,0
2025-01-10,kda,Kadena,-1.618452079779425,0.8163079143996742,0.5277867274599142,1.7363129972643643,1.5263462365785603,-0.040113353173876924,0
2025-01-11,kda,Kadena,0.31093789331034416,0.6799863083029304,0.2777578841059525,1.7352219916362575,1.5581454886129493,0.006136544569506818,0
2025-01-12,kda,Kadena,-0.22041545640800458,0.5895281236659147,-0.46287616429760514,1.5606830289891047,1.5535219181342454,0.14732416963400394,0
2025-01-13,kda,Kadena,-0.6090068653847636,0.3202218946563431,-0.3530100339607812,1.531116382522906,1.5028397713474835,0.09156140517311041,0
2025-01-16,kda,Kadena,1.5534297708506852,1.020854863621632,0.9220655131012884,1.8796851963265289,1.6088872364470568,-0.04362721527289603,0
2025-01-17,kda,Kadena,0.3858060115452254,1.0263192595142223,1.4409262427865055,1.965612373263217,1.638426211716302,-0.07295187644820682,0
2025-01-18,kda,Kadena,3.1845988893349393,1.77332331517847,2.5719469269943174,2.369430580023002,1.9127996721947191,-0.028691997808411435,1
2025-01-19,kda,Kadena,-1.4538393511508092,1.6692370905192044,1.7964196799799046,2.143561469449072,1.7728471852665937,-0.040286810073389065,1
2025-01-20,kda,Kadena,-2.106398776393681,2.3066181542047977,2.5719469269943174,2.0084116050523817,1.5410522127403796,-0.24638582641001366,1
2025-01-25,kda,Kadena,-1.1866678324488402,2.469028917841205,0.360514709658928,1.6327984824488584,1.4556563374293725,-0.04892392525098218,0
2025-01-26,kda,Kadena,0.7431522428435241,2.471218100347866,0.8217227028287251,1.7575746069461067,1.5031436294778453,-0.07459832523450652,1
2025-01-30,kda,Kadena,-1.7522792945844974,2.4578534042394615,1.0183343759757926,1.5927617821321738,1.349578277924019,-0.1676457335373171,0
2025-01-31,kda,Kadena,0.9845848233682373,2.580033596117878,1.0206610272946834,1.6924578923978537,1.4350255987445077,-0.13340453497000052,0
2025-02-02,kda,Kadena,-2.289576122544375,1.2688201957579515,1.003473267060521,1.4460056745031271,1.2351773091727727,-0.22258598634035814,0
2025-02-03,kda,Kadena,-2.105478557630222,1.3669127492181328,2.5719469269943174,1.3630578211195656,1.072055385615666,-0.4251690764976167,0
2025-02-05,kda,Kadena,-0.3936194941133401,1.2228779479715608,2.461228689398493,1.3054203723573221,1.0363215843223657,-0.4191029148061487,0
2025-02-06,kda,Kadena,-0.5676238854567311,1.1996535793634968,0.7396481741452803,1.1211469463531638,1.0147246026951147,-0.30469231186694795,0
2025-02-07,kda,Kadena,-0.8691656703204803,0.832191100172685,0.6464690974468291,1.0261988286408426,0.950701209873755,-0.31703489457254225,0
2025-02-08,kda,Kadena,0.26335070403276356,0.937679399378356,0.6564186108516449,1.0547474344199166,0.9738246422761428,-0.31409130553733267,0
2025-02-09,kda,Kadena,0.8599118156051923,0.862832765258579,-0.11737911935096634,1.018403576637651,1.0472277829298147,-0.17579168495721276,0
2025-02-10,kda,Kadena,-0.2677879498101492,0.3596226269659885,0.20799129923376977,1.0498866096000243,1.0219980872799992,-0.24008014253493518,0
2025-02-11,kda,Kadena,0.2103832196399158,-0.27348955736347597,0.19314678610963015,1.064037107773765,1.030836275503828,-0.23035445993001893,0
2025-02-12,kda,Kadena,0.0665661749990812,-0.3123268732060731,0.2355882521697249,1.0769436121082332,1.0350523747752316,-0.23509847552751836,0
2025-02-13,kda,Kadena,0.9296552947506306,-0.2335139959556476,1.2909856571374394,1.2717415455526657,1.0740930903685417,-0.3218409875324929,1
2025-02-14,kda,Kadena,-0.031136504486809907,-0.6816513030035848,0.9080303602986528,1.2359698225275408,1.0796943895667923,-0.28886695617357017,1
2025-02-15,kda,Kadena,-0.1823084385430047,-0.6203895063060223,0.9553888680304067,1.2261850184733796,1.0719502974883786,-0.2993603739031493,1
2025-02-16,kda,Kadena,-0.6205290976171549,-0.6021132785515724,0.041744686328019205,1.0503611569543243,1.0399970365002256,-0.20193476764501944,1
2025-02-17,kda,Kadena,-0.1822813604595047,-0.6108879753453648,0.022669630623221634,1.028787303774603,1.0247920269688118,-0.20339632101144475,1
2025-02-20,kda,Kadena,-0.23091032520223528,-0.6101884805872154,0.5777007166385529,1.0885719072043492,1.0021388475928872,-0.2909654913017808,0
2025-02-23,kda,Kadena,0.7756675840550973,-0.3982022425436355,-0.15849270814067984,1.045790888529728,1.0701494457523277,-0.15504229389143973,1
2025-02-24,kda,Kadena,-0.4353346152080593,-0.6462666268988494,-0.08388362414702867,1.0214762926956658,1.0409484431290221,-0.18347575856135664,0
2025-02-26,kda,Kadena,-1.2947284920325028,-0.27166027789594155,1.8057295472918948,1.1080280893604015,0.9261430094015058,-0.4318819495316285,0
2025-02-27,kda,Kadena,-0.0837199510347484,-0.2673380052897028,1.0645273253107344,1.042304047899423,0.9289112964529667,-0.3757276819422798,0
2025-02-28,kda,Kadena,-0.03693274209577341,-0.30087828576379866,0.18462413063392968,0.939275288132423,0.9478247443746143,-0.2734247235775897,0
2025-03-02,kda,Kadena,-0.012912883048128194,-0.29530945291943117,0.23332767203560661,0.9436769092922185,0.9423526513182363,-0.2801713007811214,0
2025-03-03,kda,Kadena,2.509210941467358,0.9144551073781317,1.6263220349157208,1.2930105807544103,1.065810926917204,-0.3569010477453998,1
2025-03-04,kda,Kadena,-2.5177254706062677,1.5087792162541274,2.181284107093462,1.1030426120088783,0.9234232234490436,-0.48386221858735273,0
2025-03-05,kda,Kadena,-0.09115300596612398,1.507289990573395,1.7852804785001986,1.0542613490533848,0.8915376041471048,-0.45328357103304323,0
2025-03-06,kda,Kadena,0.933913458667693,1.4291629812803814,0.8645190089466546,1.0548610472159858,0.9511438605669639,-0.35014018408575615,1
2025-03-07,kda,Kadena,-0.6488493778278749,1.4662501218657842,0.45110288872818544,0.958026013530706,0.9342162049254493,-0.32463815801743984,0
2025-03-10,kda,Kadena,-1.856090977845,1.9658765225771087,0.6733545144696736,0.7976505956674871,0.7838984023220421,-0.39262350356619186,0
2025-03-11,kda,Kadena,-1.057249062670487,2.0033254027239225,1.041143798734964,0.7481338020560533,0.7282830272428462,-0.45927453913866173,0
2025-03-12,kda,Kadena,0.8429693184882174,1.1025398018181927,1.2158614469800308,0.8287790090788548,0.7626580774473642,-0.4540046822936899,0
2025-03-13,kda,Kadena,1.0209867036637568,0.9396116100307091,0.13756364368921847,0.7887015164918854,0.8338263187713072,-0.3050218006054024,0
2025-03-14,kda,Kadena,-0.27577782420262115,0.934814134844174,-0.0951901645362958,0.7248927985562724,0.8250412911676612,-0.27059058828882565,0
2025-03-15,kda,Kadena,0.24366199889530152,0.7697429885244056,0.002456317946121365,0.761777873813568,0.8314236218242156,-0.2827530489577777,0
2025-03-16,kda,Kadena,1.0680146698831108,0.9926290447070655,-0.270430753997778,0.7949008163684785,0.8967908206815376,-0.2002074262004111,0
2025-03-17,kda,Kadena,-0.913365250656005,0.29076901218438767,0.06490499519045548,0.7799617030151579,0.8340797411468494,-0.2904263462469147,1
2025-03-18,kda,Kadena,0.8937293255655187,0.01618706608169144,0.057490715872699494,0.852719972536327,0.882626111342899,-0.26621737692951164,1
2025-03-19,kda,Kadena,0.0785760783939185,-0.01561757445411228,-0.2217249212127773,0.8064229576873974,0.8954715989482734,-0.2101029626420227,1
2025-03-20,kda,Kadena,0.7991086192986228,-0.07482036499496433,0.5301811348592211,0.9963776786643981,0.9281513937609056,-0.31054116560374523,1
2025-03-21,kda,Kadena,-0.6750602079253767,0.055150609161226764,-0.1616769528668165,0.8312033109485075,0.9066199148689436,-0.2230456803255392,1
2025-03-22,kda,Kadena,-0.4048876488709377,0.13690373664154312,-0.23789520049677323,0.7792116642901107,0.8838840195321175,-0.2177832018622134,1
2025-03-23,kda,Kadena,0.4825019782674655,-0.061602551762604735,-0.3601937880121118,0.7895598165913743,0.9117436609086279,-0.17563796268174636,1
2025-03-24,kda,Kadena,0.39443063880321855,-0.3462555355708513,-0.4747713701852382,0.7933467958392114,0.9425804779529141,-0.1338088003108369,1
2025-03-25,kda,Kadena,0.5650088935387918,-0.459135471845323,0.10228684418651682,0.966720818558806,0.9562617270552888,-0.24438649408965027,1
2025-03-26,kda,Kadena,0.5739761016002575,-0.4173639973198669,0.16153841359813284,1.0277133400671927,0.9928130745814631,-0.23834169022947305,1
2025-03-27,kda,Kadena,-1.0192249607357875,-0.18591773702272407,1.405664263267228,1.0696950990460141,0.9080670761429182,-0.40478017428111135,0
2025-03-28,kda,Kadena,-0.34419378361325415,-0.2734399241307889,0.13475384033302829,0.9003624379612818,0.908155383333694,-0.27341072321587157,1
2025-03-29,kda,Kadena,-1.4194607451492458,0.15689710448892633,0.7309566384325697,0.851485095899146,0.8154796350833017,-0.39009099761054716,0
2025-03-30,kda,Kadena,-0.8261322258132976,0.16745427600463547,-0.09861586493259059,0.6604743834877455,0.7834353747848015,-0.28969908177840376,0
2025-04-01,kda,Kadena,-0.23618447332873452,0.03684268276913073,0.13623867136604398,0.6832907689490615,0.7678345281759215,-0.3379911019350088,0
2025-04-02,kda,Kadena,0.012648582731785688,-0.1640614477190659,0.24108517333056054,0.7016671626974841,0.7646527615518978,-0.3587308406681988,0
2025-04-04,kda,Kadena,-0.6057164218525836,-0.5816979727786836,1.0401847594827518,0.7427687368204952,0.7201645790207661,-0.46512106735962466,0
2025-04-05,kda,Kadena,-0.08938509045362035,-0.5680579095127021,1.044743440221804,0.7360622606975384,0.7158925764034731,-0.46750644501985733,0
2025-04-06,kda,Kadena,0.15821791986701308,-0.4260505972121416,-0.255918393185828,0.5680296515957591,0.7526538249869901,-0.2802516576891757,0
2025-04-07,kda,Kadena,-1.3888974707883905,-0.4252948697439725,1.2665707634351229,0.6529974836354938,0.654629837704383,-0.5157339824706514,0
2025-04-08,kda,Kadena,0.49701919610280104,-0.3221814547032976,2.5719469269943174,0.8219465767551298,0.6536724020341727,-0.6391667917676265,0
2025-04-10,kda,Kadena,1.0265967599995212,0.07322024014990933,1.615484481099165,0.7995820525109099,0.7196178515201116,-0.5117134498485764,0
2025-04-11,kda,Kadena,-0.32233162637672835,0.08630602673133184,0.5510386169240087,0.6750586717632887,0.7184044952527888,-0.4196834582379403,0
2025-04-12,kda,Kadena,0.35238828834062574,0.04434876939050471,0.23662286305391356,0.6620332197362118,0.7418402122777725,-0.36944246337039977,1
2025-04-13,kda,Kadena,0.977908840492706,0.19759056068939182,-0.07085684705884868,0.6888763325229259,0.7953185316343917,-0.29632082123721215,1
2025-04-14,kda,Kadena,-0.7454660935834212,0.35473880051732465,0.4448688424600104,0.7048898471866023,0.7445581623338587,-0.3937746227422858,1
2025-04-15,kda,Kadena,-0.2396357106947502,-0.15130494706029513,0.22277430687855052,0.6547979980661031,0.7365407802982595,-0.3687254994959744,1
2025-04-16,kda,Kadena,-0.5017096778382526,-0.0651953007244816,-0.06110228235955642,0.5668765842124156,0.719436591702743,-0.3325014165343112,1
2025-04-17,kda,Kadena,0.5387231540753852,-0.29666925538150896,1.6376420173514896,0.7987615105132037,0.714330278575744,-0.5120706587110699,1
2025-04-19,kda,Kadena,1.2287566638702259,-0.03088344638454803,0.7030358302453568,0.8126049181592693,0.783111432173324,-0.4010665157132419,1
2025-04-20,kda,Kadena,1.259086955257339,0.1371698695337951,1.1007328891790216,0.9475333092328243,0.8297583095084436,-0.40665421099839705,1
2025-04-21,kda,Kadena,0.3355534954863054,0.03144987614603007,0.014214404376149278,0.841547882082251,0.8660242052437296,-0.26246232412537573,1
2025-04-22,kda,Kadena,-0.1647536905485256,-0.19261822712258886,0.45603135693640445,0.8932116621028361,0.8485586624138265,-0.332618839434614,1
2025-04-24,kda,Kadena,0.7258959353498311,-0.2767984580438167,0.8583747270588173,0.9997632543090711,0.8825007134361245,-0.3598926188308975,1
2025-04-25,kda,Kadena,2.949589238089642,0.49747585302541525,2.5719469269943174,1.3860032526814754,1.0267724328238081,-0.42951892717118206,1
2025-04-26,kda,Kadena,-0.4304248389215944,0.7931418716329098,0.9581520951357552,1.2071971684887046,1.013346792208718,-0.303480315074805,1
2025-04-27,kda,Kadena,0.6813885590489909,0.7640830960052609,0.7110098175152735,1.2466094886612287,1.0688720265238214,-0.2586367020156625,1
2025-04-28,kda,Kadena,-0.29712335004463786,0.8662601970188941,0.43556732391717345,1.1874751979943758,1.0547879848979826,-0.23545170147350394,1
2025-04-29,kda,Kadena,2.236129127827495,1.1863035472500854,2.255890288989867,1.5351139111283953,1.1743571810086035,-0.32261263417654523,1
2025-04-30,kda,Kadena,-0.16717828698273626,1.1865202312509469,0.3574084009610019,1.3549268689799248,1.1882876588497033,-0.16063836325341488,1
2025-05-01,kda,Kadena,0.2356025088973253,1.2242255912755058,0.5174757574164436,1.3991127383648534,1.204945250368725,-0.1740631018073341,1
2025-05-02,kda,Kadena,0.4579717305521835,0.31683424972343377,0.20976770352485524,1.4005468196672157,1.2439816211187813,-0.11580932852579585,1
2025-05-03,kda,Kadena,0.6990621642589961,0.13605287461692486,-0.06320435546880303,1.4211363374994617,1.3020186115946701,-0.045741139356539666,1
2025-05-04,kda,Kadena,0.5423200761338363,0.1283383268414742,0.4538978065484005,1.5448851627386404,1.3176190964366086,-0.10421713506778418,1
2025-05-05,kda,Kadena,-1.9533059403648874,0.9406183915057733,0.8460113907089309,1.3968435899433294,1.1697104548811115,-0.22537178922988926,1
2025-05-06,kda,Kadena,-0.4813675403438416,0.25482314169759646,1.0333454471559251,1.3586606798062963,1.1113738326142923,-0.2567374909453643,0
2025-05-07,kda,Kadena,-0.7134316674422124,0.3131999439197574,0.2394932141879175,1.2011241067880134,1.077324876530315,-0.18820229067102667,0
2025-05-08,kda,Kadena,0.31806312629258476,0.31742013792211254,0.5087706378595156,1.2667141841197092,1.0904755682275475,-0.21956889275974834,0
2025-05-09,kda,Kadena,1.5093805985721718,0.754024273453896,0.8015736637383409,1.4340610532714442,1.1904243447220113,-0.1996047813839318,0
2025-05-10,kda,Kadena,0.2185438400204742,0.6643179431112635,1.8135185288019369,1.5366953947720048,1.1853740733820728,-0.2808895204064118,0
2025-05-13,kda,Kadena,-1.5360023700682617,0.8411179627416108,2.5719469269943174,1.4846199709931187,1.0624340594208925,-0.4343860829591424,0
2025-05-14,kda,Kadena,1.3141416763120088,0.7289347865124104,1.382395005746326,1.4730152321088077,1.1668148031684025,-0.2613766587135258,1
2024-06-01,nls,Nolus,-0.0016206599839737603,-1.6574406623898612,-0.14547856718572483,-1.2541218923202482,-0.2666649815228308,0.3432781767532421,1
2024-06-02,nls,Nolus,-0.05464396059881643,-1.6574406623898612,-0.13218293263595957,-1.2532497174074009,-0.2673176774958149,0.3405059301219396,1
2024-06-04,nls,Nolus,0.2136518284738439,-1.5223265231189222,-0.10507599041609399,-1.2383438622787866,-0.276819060265477,0.34236111031157307,1
2024-06-05,nls,Nolus,0.21882301086578368,-1.4622509794139877,-0.019330238802378084,-1.212827745049303,-0.2858833292249313,0.3316063420850611,1
2024-06-06,nls,Nolus,0.13537468454432916,-1.4937480762710946,0.10635364533635533,-1.1851298488783415,-0.2937281373494535,0.31328095896914543,1
2024-06-07,nls,Nolus,0.00774908079666992,-1.5129383768786102,-0.056165535789397834,-1.2114640499478229,-0.2885989997222518,0.33838286117399485,1
2024-06-08,nls,Nolus,-0.14294002162019745,-1.4502332270978882,-0.1713384185063124,-1.2401983363079183,-0.2842548459155553,0.3614150358197004,1
2024-06-09,nls,Nolus,-0.03727967303016703,-1.4655365036252113,-0.20924445148954024,-1.249629065771512,-0.2833037461669914,0.36991491344759264,1
2024-06-10,nls,Nolus,-0.1741348483261994,-1.4389426784468642,-0.13161945014624532,-1.240775450779481,-0.28304935466867154,0.35177540590357104,1
2024-06-11,nls,Nolus,-0.01327946747303808,-1.4060012347498132,-0.12846698713279994,-1.2422782558725811,-0.2886809340414698,0.3600961120658481,0
2024-06-12,nls,Nolus,-0.05900554621416348,-1.3724627351589254,-0.16358899300251686,-1.2540740667064165,-0.29492590475084984,0.37964450397162686,0
2024-06-13,nls,Nolus,-0.07575276727117583,-1.4095038675557652,-0.1710983452813415,-1.2588913879944248,-0.2944528841693969,0.3817940182657593,0
2024-06-14,nls,Nolus,-0.02254667256004197,-1.4716655994274912,-0.12389590982739955,-1.252020780839952,-0.3012776074462132,0.3814162952448684,0
2024-06-15,nls,Nolus,-0.35500732261618284,-1.3243343106360095,-0.11542974100270444,-1.2685154885505008,-0.3018631173269322,0.3884592382550748,0
2024-06-16,nls,Nolus,0.07128950407573652,-1.2966777196785326,-0.2554198450717372,-1.2942745756051408,-0.3002023050636793,0.4197886200642073,0
2024-06-17,nls,Nolus,0.004816223111742253,-1.2796714860105713,-0.10748330304935685,-1.2627903376556826,-0.3070739408597905,0.3907133770910339,0
2024-06-18,nls,Nolus,-0.1112882929144993,-1.2782598261203386,-0.1456046884788985,-1.275568667361299,-0.3060587124726657,0.40056854452813084,0
2024-06-19,nls,Nolus,-0.11133651264836061,-1.1764493025118048,-0.004996482855197251,-1.2579157713197833,-0.3217699344080722,0.39545872931959697,0
2024-06-20,nls,Nolus,-0.19930542653793457,-1.186704959804884,-0.037928251678764166,-1.2736523451150419,-0.31756739903682096,0.4019323971482368,0
2024-06-21,nls,Nolus,-0.09907201861050584,-1.1762741431231405,-0.09082004010166643,-1.2871827363742325,-0.3150176257526919,0.4110310217499613,0
2024-06-22,nls,Nolus,-0.01923008418410293,-1.2577557243898736,-0.08546487321396344,-1.286959749325174,-0.3174112486816165,0.4130893712960355,0
2024-06-23,nls,Nolus,-0.07047574217245178,-1.278269338367264,-0.04905328376055888,-1.282995138572811,-0.3174425877175722,0.4057217940407759,0
2024-06-24,nls,Nolus,-0.027432682898021886,-1.2845572859093302,-0.08913213157993187,-1.2912607330696897,-0.31798961284178495,0.41521457579250626,0
2024-06-25,nls,Nolus,-0.1868330661332628,-1.2756407205831204,0.17743093487691383,-1.2554831361654706,-0.32546850622952145,0.37530863236762074,0
2024-06-26,nls,Nolus,-0.07983505944000352,-1.4836806992680918,0.011744948323668127,-1.2848266981395837,-0.31910584813515835,0.3991871516087597,0
2024-06-27,nls,Nolus,-0.2917686148932566,-1.4747124701650516,0.1686026111999004,-1.271496971395556,-0.3160798820221132,0.3683269970909279,0
2024-06-28,nls,Nolus,-0.06412534884289775,-1.4702438247165057,0.74944156017589,-1.1995867158861377,-0.32644554827086375,0.2925264165757835,0
2024-06-29,nls,Nolus,-0.1447430655071589,-1.4709143207024344,0.620942546872008,-1.2196016729593586,-0.3221443857840065,0.3057095748655422,0
2024-06-30,nls,Nolus,-0.18305708662175676,-1.4447972242890657,0.8333959286886641,-1.2060988110703783,-0.3263711414982095,0.2888061944241324,0
2024-07-01,nls,Nolus,0.0010543454080851442,-1.3992881431375177,0.7974925417846941,-1.2088875334507783,-0.32534754951124056,0.29066448222044694,0
2024-07-03,nls,Nolus,-0.17542455019842676,-1.4065055568831055,1.3348705565361778,-1.1667928302725654,-0.3324338706141179,0.2427342387857964,0
2024-07-04,nls,Nolus,-0.13140324651251323,-1.4125537873258804,1.3939133902766434,-1.1687804597549516,-0.33496615423171955,0.24419718355989278,0
2024-07-05,nls,Nolus,0.20234598847056035,-1.369268715167366,1.4231692989411666,-1.1588517876563917,-0.343733456582322,0.25123273693155823,0
2024-07-07,nls,Nolus,-0.274446757034607,-1.1836469493602453,1.42819402734757,-1.1734084907033775,-0.349528894852979,0.267760467897401,0
2024-07-08,nls,Nolus,-0.024206899656199706,-1.1484920361774924,1.5814932783913278,-1.1627867205830376,-0.35033965454441546,0.2552076433788752,0
2024-07-09,nls,Nolus,-0.04707097151656595,-1.1499331074118353,1.2808460096934864,-1.1870145254001576,-0.34676159155825864,0.27781544877223374,0
2024-07-10,nls,Nolus,-0.08474076105312825,-1.1760616418535086,1.4191887420262097,-1.1790597506443703,-0.3476754349280052,0.26643498577935354,0
2024-07-12,nls,Nolus,0.07440795933839887,-1.160057907338558,1.4214157154109532,-1.1743280715181512,-0.3502016809035022,0.266324320796419,0
2024-07-13,nls,Nolus,-0.015329716341732514,-1.1595836010669123,1.2716871636652323,-1.1863365240384505,-0.34771645638069965,0.2768496711663491,0
2024-07-15,nls,Nolus,-0.126907887572135,-1.1722683727948868,1.320304159657381,-1.1856797351555963,-0.3442103485640812,0.2663367524531281,0
2024-07-16,nls,Nolus,-0.012865651464147879,-1.5233832997627794,1.3960536570644406,-1.1786909561410226,-0.3427222534239045,0.25499764443694567,0
2024-07-18,nls,Nolus,-0.10465118458275345,-1.5261372220452587,0.21549004824440937,-1.306967669061627,-0.3190105374068755,0.3743442196111996,0
2024-07-19,nls,Nolus,-0.47932897401878,-1.13248158294909,-0.45268116272764286,-1.4669978259570728,-0.2965321101825576,0.5226677218837813,0
2024-07-20,nls,Nolus,-0.056100972697896295,-1.129117164998421,0.20034900105769812,-1.3345675982391552,-0.3150027502063543,0.38483640560672555,0
2024-07-21,nls,Nolus,0.1279108015801977,-1.078529101808041,0.3059653579948097,-1.3119454097904533,-0.3170487518407731,0.36385469586020797,0
2024-07-22,nls,Nolus,-0.06410787573627016,-1.0822002824497687,-0.23248433459567652,-1.4079819974740413,-0.3033130273120755,0.45971190663173594,0
2024-07-23,nls,Nolus,-0.15941618194732407,-1.0621939914095389,0.07713615320460206,-1.3559956067142696,-0.31266800647992055,0.4041069609906167,0
2024-07-24,nls,Nolus,0.21761754461201668,-1.062931125687835,-0.1693328826520363,-1.393064691657992,-0.31392062739913396,0.45847174219218756,0
2024-07-25,nls,Nolus,0.05494545093830304,-1.0638224281641397,0.24922217085736698,-1.31850848254792,-0.3273462287427669,0.38806059389571124,0
2024-07-26,nls,Nolus,-0.24214837530976022,-1.236151926823461,-0.08969684935365564,-1.386005744962929,-0.3188129199929649,0.45082140917963925,0
2024-07-28,nls,Nolus,-0.22662469478334302,-1.187780270780464,-0.4199654736896346,-1.472870607466949,-0.30752244917651556,0.5341321975601278,0
2024-07-29,nls,Nolus,0.03754904777513186,-1.263529010679559,-0.36307150011162576,-1.4548500348761546,-0.310365023966689,0.5170803058166213,0
2024-07-30,nls,Nolus,-0.06775286411016888,-1.2648175579118546,0.2727588020511501,-1.3381774010479124,-0.32913079497225817,0.3989643276614606,0
2024-07-31,nls,Nolus,-0.06994751654010514,-1.2823139690563203,-0.35453862600696495,-1.4582840830981139,-0.31069805541141576,0.517415482283008,0
2024-08-01,nls,Nolus,-0.05240617803295214,-1.3234054524446726,-0.29156146028003227,-1.4453025080599737,-0.31453475066100606,0.5054596574383554,0
2024-08-02,nls,Nolus,-0.8318458370031215,-0.7148365479686538,0.2104757342225688,-1.396250688876084,-0.32817204969678787,0.4401714194987837,0
2024-08-03,nls,Nolus,-0.20549944054364402,-0.7140718742187666,0.5396359414025117,-1.3623665586165938,-0.3331154524313864,0.39984323000533634,0
2024-08-04,nls,Nolus,0.02170841700974888,-0.7023374551630165,0.41651575947106184,-1.3762468211264842,-0.3345771428949324,0.41974209058834877,0
2024-08-05,nls,Nolus,0.17741103366282657,-0.7311663673849682,0.446976165635336,-1.3668249148118563,-0.34589387800334903,0.43058479403203886,0
2024-08-06,nls,Nolus,-0.5631190007953981,-0.32897821319475323,0.5557602262009367,-1.3900218698821498,-0.3643316453385289,0.47163300511171613,0
2024-08-09,nls,Nolus,-0.050111481002758626,-0.3345124658944993,0.8560318637008705,-1.359072115884676,-0.3698141356096445,0.44027072755408186,0
2024-08-10,nls,Nolus,-0.33879548759240974,-0.37958619399888727,0.9102731376606787,-1.3705312286004856,-0.3695065405167666,0.4451054577319083,0
2024-08-11,nls,Nolus,-0.046164597227285734,-0.539566208497571,1.0303663497933016,-1.3603224689501427,-0.37135818267535703,0.43397353892966106,0
2024-08-13,nls,Nolus,0.11575907135054067,-0.49440116018973745,0.6763108886454996,-1.3903078808767273,-0.37019423694450476,0.47252341432489886,0
2024-08-14,nls,Nolus,-0.30920138973937467,-0.5143411347514331,0.8372661542419623,-1.3876844173723117,-0.36991978182576063,0.46069485831719925,0
2024-08-15,nls,Nolus,-0.18996973998292,-0.5100831942873966,0.547646580037088,-1.4265131246047715,-0.35911041969499985,0.4867918860677889,0
2024-08-17,nls,Nolus,-0.3897545799176569,-1.2084635550670888,0.6821372407198873,-1.4237508152138898,-0.34117297169369215,0.443254030916096,0
2024-08-18,nls,Nolus,-0.4570155157921139,-1.168849437418228,0.9323231536445116,-1.4177845953904902,-0.3358956738938893,0.41525839619009747,0
2024-08-19,nls,Nolus,-0.4218898284352551,-1.2412895494141905,1.116200579578123,-1.4163250338014926,-0.31951476000703966,0.37534936983183503,0
2024-08-22,nls,Nolus,-0.1858055204219751,-1.2427842246478051,1.0832380099420214,-1.4246615706447132,-0.3132933660803786,0.37057237278045496,0
2024-08-23,nls,Nolus,-0.14737094746082893,-1.2592290386533342,1.0613356423775278,-1.431528321232278,-0.30783202716457053,0.3663739362717916,0
2024-08-24,nls,Nolus,-0.6633713155850564,-1.0217002947034177,1.1241764600207598,-1.458098774979183,-0.3009459395096956,0.3717620329233809,0
2024-08-25,nls,Nolus,-0.09149438224171005,-1.0022361671469977,1.2412957613690228,-1.4491475086241812,-0.29728082857159793,0.3518924240705233,0
2024-08-26,nls,Nolus,-0.08409317088254256,-1.0211175136377257,1.2912158626928423,-1.447111567037233,-0.2941608983915115,0.34197428724809603,0
2024-08-27,nls,Nolus,0.03627437718963995,-1.0445627497660355,0.869475713730568,-1.4830080685688762,-0.29038531530788025,0.3817044675608263,0
2024-08-29,nls,Nolus,0.01810980235296443,-1.0247181831636236,1.4292260084548074,-1.430860705684281,-0.2958882823214968,0.3254554482325626,0
2024-08-30,nls,Nolus,-0.16527110642947385,-1.0243474912260544,0.8493917043643467,-1.488201339090651,-0.2834204818544328,0.37280560241157223,0
2024-08-31,nls,Nolus,-0.15604010493229514,-1.0253308192123163,0.8835239524129821,-1.4914156585608163,-0.2823177358070224,0.37116960134437377,0
2024-09-01,nls,Nolus,-0.020369391275204905,-1.4622544963281008,1.0380510517951367,-1.4764492861961518,-0.2845864771441317,0.3554914863865618,0
2024-09-03,nls,Nolus,-0.026100839144883956,-1.468598899222331,1.1149439649655386,-1.469483305249223,-0.2849206452518649,0.3465449457741393,0
2024-09-04,nls,Nolus,-0.036432424238839065,-1.4717639575659724,1.153572998531952,-1.4669411359266804,-0.2855326780248182,0.34341207947015545,0
2024-09-06,nls,Nolus,0.07674216725916509,-1.4684114162658497,0.9842807229730809,-1.4771850456666025,-0.2858458745016682,0.35848605944711515,0
2024-09-07,nls,Nolus,-0.18509033081103396,-1.4492124203016719,0.883784140228408,-1.495917084884825,-0.2836642451130233,0.37404511419837055,0
2024-09-08,nls,Nolus,-0.05047933685775399,-1.4257045293983928,0.9380811556283751,-1.491174749070777,-0.28141808948352814,0.3629810823959991,0
2024-09-09,nls,Nolus,-0.06690209368429317,-1.4521690737177397,0.9880206342583934,-1.4893016972942867,-0.2813295489060314,0.3588967745003458,0
2024-09-11,nls,Nolus,-0.034201976606337,-1.4529245756157292,1.1055377127804917,-1.4779248153645974,-0.2825611854825498,0.34558053150321155,0
2024-09-12,nls,Nolus,-0.011635572417899349,-1.4527333527820963,1.1506914619410935,-1.4736692833136962,-0.28318147319743536,0.3409245994599387,0
2024-09-13,nls,Nolus,-0.16885380333651018,-1.4133146946452297,0.8135057687811361,-1.5135717322842726,-0.2773546355137957,0.37752583052639493,0
2024-09-15,nls,Nolus,0.12066153142293094,-1.4039699977782063,0.7956983129533693,-1.508833191051826,-0.2810160220672067,0.38039266608743194,0
2024-09-16,nls,Nolus,-0.27867760363924277,-1.3014224790826021,1.0866792270303638,-1.494238704129284,-0.284518509184667,0.3613160822446159,0
2024-09-17,nls,Nolus,-0.014997357678270035,-1.3129768363816203,0.8688310114611733,-1.5149284917454469,-0.2813180824369267,0.38167903704701484,0
2024-09-18,nls,Nolus,0.019224788103597425,-1.2989486614038623,1.0453849968943991,-1.4964989755616045,-0.2844493048796985,0.36409557032650863,0
2024-09-19,nls,Nolus,-0.5547319586448377,-0.9519176107642648,1.3914059781169634,-1.4949929656882728,-0.28744192525999646,0.35440956406484075,0
2024-09-20,nls,Nolus,0.285123393464788,-0.7837807626807166,1.233184486644411,-1.4926300764635443,-0.28642807093159456,0.35589832861836823,0
2024-09-21,nls,Nolus,0.053374778379170526,-0.7682555093805675,1.5366553409971035,-1.465174845570341,-0.2902946018242316,0.32891341208113783,0
2024-09-22,nls,Nolus,-0.025348270977470708,-0.7684765759382162,1.3714401653108794,-1.4775177993958326,-0.286371555669212,0.3371864257997381,0
2024-09-23,nls,Nolus,-0.4001567102356477,-0.6897021256361958,1.2704669053943298,-1.5060359519136297,-0.2850655705669786,0.36194074505598667,0
2024-09-24,nls,Nolus,-0.10627419143238621,-0.6887244090196171,1.1702613254872363,-1.5176822064403648,-0.27931100745015414,0.3643718250036666,0
2024-09-25,nls,Nolus,-0.002440501987608321,-0.681475381426221,0.6910341306344061,-1.563017776391876,-0.2704639608508709,0.4065416810907545,0
2024-09-27,nls,Nolus,-0.024427900217447583,-0.9644871729570637,0.8319975272936753,-1.548079070786444,-0.27296419673928873,0.39127476927142246,0
2024-10-01,nls,Nolus,-0.05188092757143296,0.013412474249794666,0.3066095824041137,-1.6022058289147234,-0.20157455333460808,0.33002466292005717,0
2024-10-03,nls,Nolus,-0.4673962774353303,0.1969510451128975,-1.1170906962063112,-2.4242002883694496,-0.08257193953288225,1.15668878275388,0
2024-10-04,nls,Nolus,-0.1571689215550455,0.2154447371890938,-1.1207394783817966,-2.461078118702127,-0.07874325923659078,1.1933083634189985,0
2024-10-05,nls,Nolus,0.1833953676476262,0.11593711228021827,-1.088470689243127,-2.2788942461176998,-0.1024611533150624,1.0071801982313637,0
2024-10-06,nls,Nolus,0.5885950773665233,0.208113296973528,-0.9401349336248456,-1.989341346723037,-0.14232562582834182,0.7218477633103718,0
2024-10-07,nls,Nolus,0.816755973169428,0.3384943518521635,-0.9244722335579586,-1.9344871330487634,-0.1465454440073563,0.678635438538907,0
2024-10-08,nls,Nolus,-0.7164283773824293,0.4753666794963583,-1.1040334249191663,-2.3068412110143597,-0.07897758598632774,1.0174358300829929,0
2024-10-09,nls,Nolus,0.18691042574386785,-0.008914837329307923,-1.0894469550660348,-2.2347549196746286,-0.08560441621447742,0.9420958342786272,0
2024-10-11,nls,Nolus,-0.1432120407990643,-0.26348667116104074,-1.068124429770661,-2.1747916563026966,-0.09101774454043259,0.8720597946638785,0
2024-10-13,nls,Nolus,-1.867292233818772,0.8931152590185676,-0.9331612482471849,-2.0658191580929754,-0.10139860915934097,0.7052097165177694,0
2024-10-14,nls,Nolus,0.12386047943440018,0.8758151049981401,-1.1223945767357464,-2.5133852943455652,-0.034045565332717194,1.1598526941610283,0
2024-10-15,nls,Nolus,0.23516473280461278,0.7588401422484058,-1.096251359315074,-2.344495738649251,-0.056714685594723487,0.9899218988695387,0
2024-10-18,nls,Nolus,0.04323250934108365,0.403808463459977,-1.1393014644124764,-2.7806159443504224,-0.0017262734349994412,1.44828525471349,0
2024-10-19,nls,Nolus,0.04997384181110504,0.4228876773899706,-1.1335952907756184,-2.6303039572192484,-0.023007874798415467,1.2953147807552472,0
2024-10-20,nls,Nolus,-0.013551634237241882,0.338319813968584,-1.139080548745112,-2.76902117517273,-0.003327794634958473,1.4370678012532736,0
2024-10-21,nls,Nolus,0.037691633828652225,0.4066745861664704,-1.1019420948502927,-2.352825027293561,-0.056928908119368606,1.0020562395722663,0
2024-10-22,nls,Nolus,-0.41233171368403093,-0.8847458339479005,-1.1322659520901743,-2.619771302270065,-0.00949437782023073,1.2496180985268446,0
2024-10-23,nls,Nolus,0.08798847490637901,-0.9034978719349527,-1.138557337207874,-2.759341892647368,0.008074705048193244,1.3983791778651735,0
2024-10-24,nls,Nolus,-0.2458825040038671,-0.9717582931678962,-1.1092883401641043,-2.4162738962221275,-0.04498704361704564,1.048930510574658,0
2024-10-26,nls,Nolus,-0.003246648056696228,-1.1128667231432037,-1.0713250294516656,-2.2679308616495986,-0.06665081527348687,0.8978751107249173,0
2024-10-27,nls,Nolus,0.13964239857169114,-1.1044357555064372,-1.1298822735480545,-2.5838880156755586,-0.02066694166530511,1.2225983647263827,0
2024-10-28,nls,Nolus,1.122966696329854,0.04520611774516774,-0.8356997120893218,-1.9151347733731414,-0.10912423222383001,0.5505366997853114,0
2024-10-29,nls,Nolus,1.0480850273592803,0.19478394883663305,-0.9564693323486264,-1.9659641071172256,-0.108448069256152,0.6377346511511097,0
2024-10-30,nls,Nolus,-0.21664034940451002,0.19262808205412268,-0.9814977813896021,-2.005939780763331,-0.10328218434641855,0.6742801621695174,0
2024-11-01,nls,Nolus,-0.5488389155273663,0.35056947646443265,-1.0950921103057258,-2.2707548954161734,-0.059858373437545076,0.9221377892230772,0
2024-11-02,nls,Nolus,0.022559893199483087,0.25921423898977264,-1.1191793948288076,-2.4025441543143153,-0.03820499785943989,1.0526057078829327,0
2024-11-03,nls,Nolus,-0.09192157154064821,0.26301085482280423,-1.1306676899692776,-2.5264956492923223,-0.01701324212321111,1.1712335367740325,0
2024-11-04,nls,Nolus,-0.937902797018308,0.6563606269022203,-1.0879503518169038,-2.290496567314617,-0.051060303433115545,0.9079169574658604,0
2024-11-05,nls,Nolus,0.3353774138528146,-0.07799585859300888,-1.1277510764988234,-2.520615154490089,-0.02491230133703859,1.1622535269011818,0
2024-11-06,nls,Nolus,-0.07420763743879116,-0.5653361700830095,-1.1312726220460414,-2.569368270575978,-0.012903810548794794,1.2017414793179495,0
2024-11-07,nls,Nolus,0.10195103968564369,-0.5283673834150142,-1.0775784308661212,-2.238676911716189,-0.06336974361175154,0.871347669052284,0
2024-11-08,nls,Nolus,-1.1822927615092182,-0.5355712686188612,-1.0650981521649876,-2.251674885413869,0.0014155863774917745,0.7449169674471557,0
2024-11-09,nls,Nolus,0.4642470729335951,-0.5477188640468228,-1.1124329441928746,-2.4183370493883647,0.00657891871189214,0.9572314518101742,0
2024-11-10,nls,Nolus,-0.03870267064446814,-0.5489917506842555,-1.0752380463379463,-2.2657473053693176,-0.019309536782015288,0.8072203282765966,0
2024-11-11,nls,Nolus,-1.1632989845350044,-0.39523842195920494,-0.892390383388216,-2.062716114599489,-0.04501081616426986,0.566805593855897,0
2024-11-12,nls,Nolus,0.505393690860398,-0.4213368205686344,-0.9739513671306955,-2.1274992339392145,-0.0633638310146053,0.6909347681123772,0
2024-11-14,nls,Nolus,-1.0727286130526517,-0.4400348686732262,-1.0842720167897395,-2.380436803424232,0.018077124045889754,0.8451059547216728,0
2024-11-16,nls,Nolus,-0.9152105164513268,-0.4287448456851747,-1.1011624691057296,-2.486517896275092,0.04934166337922258,0.905320366238098,0
2024-11-17,nls,Nolus,0.5488715629475222,-0.30347120260364274,-1.0740475222784915,-2.363564839326715,0.02601380426033762,0.8010438743646626,0
2024-11-18,nls,Nolus,-0.29789106047283526,-0.27620746051753886,-1.0764236489619607,-2.3804518334000244,0.04212054226759734,0.7877497427769247,0
2024-11-19,nls,Nolus,0.3709289149967937,-0.26879501919204213,-1.0769890176149444,-2.369589232873218,0.02433458738097886,0.8125980874355929,0
2024-11-20,nls,Nolus,0.284527017052754,-0.7100624482726567,-1.0898285970374604,-2.398158986934239,0.02698486205595825,0.850334562332716,0
2024-11-21,nls,Nolus,-0.19643277142470475,-0.702486837264759,-1.104995872852549,-2.473683163775602,0.03449168665945648,0.9290431683577255,0
2024-11-22,nls,Nolus,0.288364323580829,-0.6018668466042226,-1.0831953961238483,-2.3699599964130025,0.021977776009151236,0.8249439522159386,0
2024-11-23,nls,Nolus,0.14512615694891348,-0.9072911666421247,-1.0738427886491533,-2.3340387063641526,0.015400664666434846,0.793818327297234,0
2024-11-24,nls,Nolus,0.513988068386148,-0.8016707146108947,-1.0337582243489516,-2.2176506063120827,0.0004778745078256278,0.6827675205888827,0
2024-11-25,nls,Nolus,0.4399086921048976,-0.6461444729255379,-0.9290478297747876,-2.0597049006345522,-0.014888742392661535,0.5183210750816449,0
2024-11-28,nls,Nolus,1.1894119852500091,-0.42051340947940985,-0.9464335203778833,-2.020867051767798,-0.026552350733144204,0.5155163618297737,0
2024-12-01,nls,Nolus,-2.49779868230907,0.4675550597057461,-1.037158953303079,-2.259206373866512,0.0704773873824983,0.586984735151998,0
2024-12-02,nls,Nolus,0.6038835161876508,0.41316082018522626,-1.090451287602163,-2.3774588357174626,0.06268165444479291,0.7629824148746155,0
2024-12-03,nls,Nolus,0.9740155118246101,0.40759159231516884,-1.1071357226520695,-2.4176481006788775,0.03608654781083401,0.879934166815617,0
2024-12-04,nls,Nolus,0.5940300595183428,0.4510718357664558,-1.0973643848676287,-2.353101688116563,-0.002359453029269935,0.8763065277578881,0
2024-12-06,nls,Nolus,0.5222753926119577,0.3666538666467022,-1.0508506231354153,-2.197262513465071,-0.04724817786828951,0.7668900344148385,0
2024-12-07,nls,Nolus,0.5015655452379655,0.42524680885395416,-0.9752742474760515,-2.050860440454896,-0.058579072974244466,0.611381795055125,0
2024-12-08,nls,Nolus,0.6130223790106186,0.2542901740998396,-1.0179704540093373,-2.078457246864366,-0.05022860329740375,0.6459088130924482,0
2024-12-09,nls,Nolus,0.13906970532071466,-0.44954353325782387,-1.0999392347279289,-2.28319273476116,-0.02606838687945402,0.867042287242197,0
2024-12-10,nls,Nolus,-0.8102704450659682,-0.33848048361699895,-0.9551267804878477,-2.0265894933801545,-0.04645280799556632,0.5574182689765629,0
2024-12-11,nls,Nolus,-2.214216030399481,-0.1891743850450307,-0.9328368817541276,-2.1043460948060453,0.04829187056919637,0.4338816212540704,0
2024-12-12,nls,Nolus,-1.613151158808775,-0.18186270445242622,-0.9927964260685231,-2.240347084452814,0.12988518024895965,0.4246829044022346,0
2024-12-14,nls,Nolus,0.55652932170936,0.08220982179217014,-0.8778357561045598,-2.1210444059469706,0.0662032126016525,0.39234848483753887,0
2024-12-15,nls,Nolus,0.11274288645234137,-0.2755147371898142,-1.0509556024612268,-2.3272676665320486,0.0921969455719556,0.6116999161482062,0
2024-12-17,nls,Nolus,0.5195430410230752,-0.8051139898346827,-1.0573006096200408,-2.3214500660480875,0.07382088466063813,0.6470370403638614,0
2024-12-18,nls,Nolus,0.27331805178129626,-0.750107168868994,-1.0054065837831154,-2.2161049423206447,0.05098958581247583,0.5586687410888802,0
2024-12-19,nls,Nolus,-0.438133549084196,-0.633166452777194,-0.9566837206356723,-2.169231904926021,0.07117991814998456,0.4534336404810679,0
2024-12-20,nls,Nolus,2.5730027039408574,-0.4128096248059516,-0.9075425030588108,-2.0679724748018042,-0.04623582483355705,0.5682788681980514,0
2024-12-21,nls,Nolus,-1.2635502018209817,-0.32786007586267446,-0.8536087556723733,-2.0779151505216076,0.021153437660511993,0.4307592750374639,0
2024-12-22,nls,Nolus,-0.34710490240164804,-0.5890611625550902,-1.054397033411822,-2.326044662384442,0.07419354943436665,0.6460664117160395,0
2024-12-23,nls,Nolus,-0.28309704799448504,-0.5885962701164512,-1.0485496624344748,-2.3232490142185838,0.08486710339822373,0.617616678312516,0
2024-12-24,nls,Nolus,-0.08313924515456601,-0.5900052772526186,-1.0898263907504915,-2.4409441274420014,0.10137966820879211,0.7368099231941249,0
2024-12-25,nls,Nolus,-0.2682417569735924,-0.5932646032374304,-1.0898068607226512,-2.4518912356027616,0.10561885821955017,0.7375550537143106,0
2024-12-26,nls,Nolus,-0.013563476570726082,-0.6650776228786136,-1.1270045028785831,-2.6808875390656453,0.13943988502271795,0.969580593018291,0
2024-12-27,nls,Nolus,-0.6417356874079949,-1.1918444644683786,-1.114248766520921,-2.597562355034781,0.14299866564423866,0.8433091392979866,0
2024-12-28,nls,Nolus,0.49937175094280295,-1.3143118096040107,-1.126483391286203,-2.683467511269804,0.13736962897791738,0.9726704233492525,0
2024-12-29,nls,Nolus,-0.13633795036559737,-1.3167617624806705,-1.0568183977667889,-2.3732112276277997,0.08676925234300999,0.6635101810815297,0
2024-12-30,nls,Nolus,0.05260357035207964,-1.3158750620459814,-1.0784647803763339,-2.4275360901140366,0.092940686007648,0.7229650555025953,0
2024-12-31,nls,Nolus,0.4519066816143926,-1.276214121972029,-1.093311074244724,-2.4624152004793083,0.08230630032047127,0.7952517235430067,0
2025-01-01,nls,Nolus,0.05409080868905586,-1.2591464923039524,-1.0927199984601852,-2.4562489023794973,0.08272173715771167,0.7877350064547718,0
2025-01-03,nls,Nolus,-1.0739893372158094,-1.1603475902783178,-0.871314292572986,-2.16597758055341,0.07063690790491679,0.4153652872641322,0
2025-01-05,nls,Nolus,0.3759478436706286,-0.9594583320624585,-1.1251973115411715,-2.6792068665412545,0.1480275914682536,0.9406945039118528,0
2025-01-06,nls,Nolus,0.04382070234470414,-0.8849602215524177,-1.0627407599042484,-2.391679128125592,0.09191843667051398,0.6738413643101739,0
2025-01-07,nls,Nolus,2.018241906155072,-0.6946830306572929,-1.048332458691841,-2.285864127258629,0.026095867598896042,0.6927494429195232,0
2025-01-08,nls,Nolus,-0.5788499845186359,-0.6738752388327631,-1.024220281443029,-2.2635798226298096,0.04102253505929946,0.6255362234601889,0
2025-01-09,nls,Nolus,-1.352015533282585,-0.6540042808317071,-1.1148268917161714,-2.601222226518389,0.14448570985926626,0.8419797160799418,0
2025-01-10,nls,Nolus,-1.1807743732959695,-0.6249319321340993,-1.068851934491889,-2.4603268356091066,0.18653217401091657,0.5588488969176462,0
2025-01-11,nls,Nolus,3.052398696021101,-0.7428681498279797,-1.0514202730689368,-2.329949873081195,0.07528633982120472,0.6392299475187003,0
2025-01-15,nls,Nolus,1.1916172649218941,-0.6205601996074033,-1.0556661693874496,-2.308387613419769,0.015663491921896987,0.737220611466812,0
2025-01-16,nls,Nolus,1.111132435982849,-0.6820445497724064,-1.0237425829665194,-2.2095743490235162,-0.038266600654143716,0.7273009000344991,0
2025-01-17,nls,Nolus,-0.04175241704740753,-0.9732934077045263,-1.058286217245231,-2.278396336867812,-0.02677167958352389,0.7939098929641095,0
2025-01-18,nls,Nolus,-3.0513440127075784,-0.8189706693960006,-0.8621368085922212,-2.217435449150151,0.1714184981236939,0.26158114876379723,0
2025-01-19,nls,Nolus,-0.39085768275829247,-0.8341174245891607,-0.9622820989770701,-2.3201872689077025,0.20058903101104736,0.3327731590545252,0
2025-01-20,nls,Nolus,-1.2565560798607163,-0.8374151541678049,-0.96931229861025,-2.380826621830038,0.250862063137858,0.29319431100209126,0
2025-01-21,nls,Nolus,1.377066149479036,-0.8352749300730987,-0.8688931648491961,-2.243504183571118,0.18489373537717196,0.2600892431916813,0
2025-01-22,nls,Nolus,0.46688573149261225,-1.0857887853640178,-0.8798745895983368,-2.2357761684129045,0.1656171276153544,0.2935408406804907,0
2025-01-23,nls,Nolus,-1.4578886090280978,-1.069561624129731,-1.002239972062922,-2.4215128044598204,0.25338894401105244,0.34088957419782434,0
2025-01-24,nls,Nolus,-2.5053614187554714,-1.058641564928929,-0.9271788294851561,-2.4565800913546414,0.3810742581528346,0.09189571993294621,0
2025-01-25,nls,Nolus,-0.31838537743049117,-1.3441896012066639,-0.9694698384028904,-2.5126067828907517,0.3979430238139041,0.12694591088955193,0
2025-01-26,nls,Nolus,0.577673179113502,-1.3263199710002962,-1.046105849137078,-2.6076908543677884,0.3916312701112648,0.270720139205505,0
2025-01-28,nls,Nolus,0.36566772887106574,-1.2611306800309872,-1.0948374329867472,-2.736972659819827,0.3852908802133971,0.4537644061283852,0
2025-01-29,nls,Nolus,1.6040170321029068,-1.296998622167863,-1.1238075575577702,-2.862141905474832,0.3488720473435449,0.7065950522255247,0
2025-01-30,nls,Nolus,-0.41958812922483674,-1.2947097586079162,-1.0476611247815584,-2.567554181582366,0.321143191073868,0.37088132295312237,0
2025-02-01,nls,Nolus,-0.8771601053203267,-1.0249118597651448,-0.8336066461767518,-2.372036651768862,0.30480238810851823,0.1325585854083638,0
2025-02-03,nls,Nolus,7.8727230463297,-1.027076187753215,-1.011382330426164,-2.3719302514408755,0.11703452555693296,0.5627792072605379,0
2025-02-04,nls,Nolus,12.070183887383799,-0.9072539985892472,-0.4867085606333684,-1.8152632656194168,-0.20571257368986892,0.5554121235424092,0
2025-02-05,nls,Nolus,-0.8051324797594123,-0.9262376624397924,-0.9905275026693119,-2.140565642431722,-0.13321302106415556,0.8251733849036805,0
2025-02-06,nls,Nolus,0.1720199688061467,-0.9564383686709874,-1.0369992145179094,-2.2072996397239306,-0.13041614982122146,0.9089044934154532,0
2025-02-07,nls,Nolus,-0.3135927637436065,-0.9607603973558064,-1.0314516075512454,-2.2107560609190116,-0.12417071837305922,0.8960758175394928,0
2025-02-08,nls,Nolus,-0.4525419902206013,-0.9703480961556278,-0.9094255521668627,-2.0828743725819936,-0.13489302733986505,0.7429399461224586,0
2025-02-09,nls,Nolus,0.10584705585458362,-1.204788829812638,-0.9668337970094513,-2.1353589600906933,-0.13121318453198064,0.805578231397742,0
2025-02-10,nls,Nolus,-0.4548184390759291,-1.0222928407359573,-0.8770194502505297,-2.075594245337819,-0.14061919131371134,0.7375295258812202,0
2025-02-11,nls,Nolus,-0.4506980490659807,-1.1129931080347732,-0.5796828391433692,-1.9466881014259225,-0.15812615488430826,0.5957246202067359,0
2025-02-12,nls,Nolus,-0.3664494434844134,-1.1130852343306237,-0.09937332440166527,-1.8388750281809396,-0.16853251574544523,0.4696204042185081,0
2025-02-13,nls,Nolus,0.02003074779672062,-1.0654488668651987,-0.19200415027371473,-1.856014714427651,-0.16435954977387396,0.4843597300443478,0
2025-02-14,nls,Nolus,-0.0596065729415654,-1.049732643161872,-0.19026822700175797,-1.8587840676341612,-0.16488634232356833,0.4878650076048484,0
2025-02-15,nls,Nolus,0.6619212791988616,-1.0097152502605977,-0.2162947901610179,-1.8414725029899905,-0.19095366629485508,0.5247519172159311,0
2025-02-17,nls,Nolus,3.831152370210108e-05,-1.0074560057656272,-0.7138879667510565,-1.9961290067197488,-0.1678311561351816,0.6811758064404931,0
2025-02-18,nls,Nolus,-0.23128868704965672,-1.133980271447214,-0.6238600836871159,-1.969280489575957,-0.17236215331891766,0.6509014216348236,0
2025-02-19,nls,Nolus,-0.9061172656010776,-0.5685192172862177,-0.36006260648014665,-1.9332076093459993,-0.1796849431065157,0.6018255710375168,0
2025-02-20,nls,Nolus,0.23630669702117854,-0.4471258545326127,-0.3617609704599109,-1.9221116225032602,-0.18088322749985755,0.5937127508610025,0
2025-02-21,nls,Nolus,-0.07063428447563189,-0.4727763994701936,-0.3347734872343712,-1.9186217713484242,-0.18154651019574183,0.5892766562491589,0
2025-02-22,nls,Nolus,-0.5663125050933775,-0.41756454367879775,-0.38847303648504805,-1.959505650071847,-0.1725232470056521,0.6155416112239872,0
2025-02-23,nls,Nolus,0.0864507260056323,-0.4078458524596574,-0.8005730944128376,-2.114419301974731,-0.15097977977555355,0.7766811369035643,0
2025-02-27,nls,Nolus,-0.8274561364367031,-0.3484105128093895,0.11776762882144863,-1.8916664745249006,-0.1776121132777213,0.5249958131742243,0
2025-02-28,nls,Nolus,0.0026359909773749834,-0.29853391246213606,0.12527210981275416,-1.8903306814982985,-0.17779941223435541,0.5236885351836273,0
2025-03-01,nls,Nolus,-0.7413374377374687,-0.4278028719759913,0.18111520578720933,-1.9190397010749745,-0.17473730648358105,0.5428596837665615,0
2025-03-02,nls,Nolus,0.5799899384181574,-0.1515360004294425,-0.24137965029652575,-1.9686827568468621,-0.1664280320243936,0.6003482332868859,0
2025-03-03,nls,Nolus,0.20072218934779842,-0.08033696621171026,0.16179817496875296,-1.884441583638321,-0.17869265077309077,0.5177639645678993,0
2025-03-04,nls,Nolus,-0.7287485959893233,0.03932327741312963,0.26661875130168905,-1.906112766255189,-0.17662444779366443,0.5299024394040202,0
2025-03-05,nls,Nolus,0.20762244137495586,0.06933293405651839,0.23373808622005607,-1.9009341816255743,-0.17907819624484644,0.5311299972191935,0
2025-03-06,nls,Nolus,-3.644645441794236,-0.05827258000161862,-0.23334951264475642,-2.2074443546772766,0.10358882674628148,0.2952622396045989,0
2025-03-08,nls,Nolus,0.18369825686272812,-0.02926666959491663,0.04470700541200105,-2.144485796932425,0.09444182800196996,0.23401212632260712,0
2025-03-09,nls,Nolus,-0.4312058779437081,-0.2380453417384122,0.006577669984243265,-2.1728594063837656,0.09803756268951927,0.2570107682917964,0
2025-03-10,nls,Nolus,0.09129385107232832,-0.49098968772026624,-0.5782961723525795,-2.3112343335655834,0.11885647610409825,0.398140362672281,0
2025-03-11,nls,Nolus,-0.005872307886562285,-0.5504196101517677,-0.005076874774487769,-2.17057360139007,0.09782617024178555,0.25583315520796085,0
2025-03-13,nls,Nolus,0.03205058845680915,-1.0013712613277095,0.4088488792811507,-2.1050584166291215,0.08797751699118786,0.1902630437803737,0
2025-03-14,nls,Nolus,-0.1253367220312654,-1.0185885274367938,0.0862056624474358,-2.160303568853819,0.09392026612114973,0.2485079688143072,0
2025-03-15,nls,Nolus,0.45969850727725214,-0.9177672354711925,-0.13768896276553233,-2.180988527271629,0.08979175945661177,0.2902438409460896,0
2025-03-16,nls,Nolus,1.0987258168061378,-0.960210232366854,-0.23773432328415703,-2.1650049366857007,0.05047624287798729,0.35992091435909573,0
2025-03-18,nls,Nolus,0.3273030689481151,-1.2334975693240493,-0.46832910643416054,-2.2136911546170195,0.04269055489164863,0.4426477627581281,1
2025-03-19,nls,Nolus,-0.04329556872428085,-1.201370955599996,-0.7231163921741416,-2.3121465072280656,0.053389458514517145,0.5491613925260359,0
2025-03-20,nls,Nolus,0.1388078566294446,-1.1803445051454295,-0.6126515839120732,-2.2588835897619126,0.044146207289751126,0.4999177653118036,1
2025-03-21,nls,Nolus,0.052997298277536686,-1.1758169692523746,-0.7770466897576076,-2.332292319776801,0.051002902676393014,0.582793560969064,0
2025-03-23,nls,Nolus,0.1302047723800372,-1.1973637877912453,-0.34104479485778266,-2.1712661234884783,0.018037909041505977,0.43881405626921005,1
2025-03-24,nls,Nolus,0.3386619826906981,-1.2676956563055326,-0.268828064047266,-2.1396022412240923,0.007517341428112431,0.42303483041084483,0
2025-03-25,nls,Nolus,-0.43777371916552,-1.2738607420330779,-0.4221050544598923,-2.195423928994913,0.03289598922344575,0.4400389295515414,0
2025-03-26,nls,Nolus,0.10671074871846642,-1.276696997938177,-0.2793325244327788,-2.1554386324306556,0.020666597723948767,0.4131380945872391,0
2025-03-28,nls,Nolus,0.5725477749171505,-1.3294727011741836,-0.25821343262564467,-2.1304076692960585,-0.003512587393637876,0.4351670384394557,1
2025-03-30,nls,Nolus,-0.017000138137888424,-1.3571574654310599,-0.24964198664790047,-2.129521704019257,-0.003645965162839513,0.4340205716929121,0
2025-03-31,nls,Nolus,0.02346566532250117,-1.3615490440839968,-0.2969456092747223,-2.1394692235297468,-0.002104236924248568,0.44436068111554894,1
2025-04-01,nls,Nolus,-0.44855011977127196,-1.0146876022619928,-0.1893439129260528,-2.137330005319949,-0.003116306146120815,0.43643249094283065,0
2025-04-02,nls,Nolus,0.0014514591069776242,-1.093913358258293,-0.2610665776365096,-2.1528989825412235,-0.0007853400743055495,0.4522176888728231,0
2025-04-04,nls,Nolus,0.035153341068112715,-1.0833647693293016,-0.2228352413980778,-2.14266644937368,-0.0022562111103885596,0.44231967752975077,0
2025-04-06,nls,Nolus,-0.008586677861500228,-1.0778473883508328,-0.2421810719206251,-2.147645386684343,-0.001495636699941536,0.4472009114448122,0
2025-04-07,nls,Nolus,-0.5326428960782731,-0.8411247982238399,-0.1965417269994836,-2.1640400332229457,0.00019926481352997792,0.45692212008510436,0
2025-04-08,nls,Nolus,-0.3971681000704088,-0.8068990512994836,-0.06632187002903678,-2.157836740673356,-0.0012281943477172796,0.44556412675512547,0
2025-04-09,nls,Nolus,-0.06222124762832256,-0.8425653443175808,-0.08227234633924718,-2.1636450577711894,-0.0004438111258128963,0.4507047129367836,0
2025-04-10,nls,Nolus,0.03455003697382025,-0.8904549863227252,-0.08573077036388883,-2.162554457312747,-0.0005625633788123508,0.4500521556353777,0
2025-04-11,nls,Nolus,-0.051976713680454076,-0.9045035723124916,-0.1985946515484537,-2.1876774927448346,0.003128912197705205,0.47483483148611927,0
2025-04-12,nls,Nolus,0.11180689470364298,-0.8671232081767777,-0.12646297270270426,-2.1674832377686335,0.0002541345276633544,0.45580701848421357,0
2025-04-13,nls,Nolus,0.0907817987406813,-0.8341337828248149,-0.11568309967095493,-2.1607857149237386,-0.0006400195039632162,0.4502056771334466,0
2025-04-14,nls,Nolus,0.0001537397894628392,-1.0984297610592042,-0.19429953681879691,-2.176961974268617,0.0017969430631964234,0.4665418618443917,0
2025-04-15,nls,Nolus,-0.040300697685566,-1.425129459143295,-0.18966500691590654,-2.177689330545129,0.001845465798881043,0.46682362464336213,0
2025-04-16,nls,Nolus,0.0952503530760496,-1.434552957085672,-0.18572491564713492,-2.1722396423943575,0.0011561009720749494,0.46250963134035794,0
2025-04-18,nls,Nolus,0.06613279003259187,-1.4317615551196246,-0.18932245875622214,-2.169575357897394,0.0008340415080945539,0.4606885043257988,0
2025-04-20,nls,Nolus,0.02913092544913405,-1.47198455416657,-0.16438018346250086,-2.1628821118362263,-0.00012765778539066465,0.4543068163135827,0
2025-04-21,nls,Nolus,0.02901268258470381,-1.4957676806426978,-0.16669280511712384,-2.1618967060014582,-0.00023387162359524762,0.4536901673645636,0
2025-04-22,nls,Nolus,0.16647837050608572,-1.4384044024261424,-0.17269657520931672,-2.1548550398413684,-0.0010806047356813541,0.4487001438504278,0
2025-04-23,nls,Nolus,0.30886113424088657,-1.2793256088069394,-0.16223371511470366,-2.1378514311553993,-0.0032041472869249943,0.4353644463822518,0
2025-04-24,nls,Nolus,0.1258628153426072,-1.3347127219067567,-0.21013857548736795,-2.141727407843546,-0.002448987673517553,0.44089651075251435,0
2025-04-25,nls,Nolus,0.10487740698157628,-1.335429279729475,-0.2128804182690708,-2.1371397444507774,-0.0029847332058473763,0.4376071064279764,0
2025-04-26,nls,Nolus,0.06756049164967483,-1.3365452422825674,-0.19044832397860784,-2.1289592114773375,-0.004109705294929786,0.4302167583273776,0
2025-04-27,nls,Nolus,0.03849793765733542,-1.3411302756998884,-0.22154909006777565,-2.1336861138054872,-0.003344635424229878,0.43550699102691803,0
2025-04-29,nls,Nolus,0.05063359938891602,-1.3509256923972917,-0.330691746907412,-2.1564941049643362,0.00014073687893571216,0.45923830925741427,0
2025-04-30,nls,Nolus,0.10148244004139531,-1.3557369992259056,-0.21422409205259585,-2.1244326678951113,-0.0045073299391705434,0.42814467140121704,0
2025-05-01,nls,Nolus,0.48224190367031916,-1.1492906574741857,-0.13349864964986213,-2.084598083752675,-0.009725440771384507,0.39392839826909976,0
2025-05-02,nls,Nolus,0.06508434061245091,-1.141100351869939,-0.3028464714328091,-2.1182749131074776,-0.004584917347797888,0.4288447240974228,0
2025-05-03,nls,Nolus,0.07829949785602863,-1.1377477580571616,-0.32483376339506553,-2.1197026977200366,-0.004242670199681462,0.4313192911104763,0
2025-05-04,nls,Nolus,0.0384745724614998,-1.1307871946556936,-0.3188330040647251,-2.1162744920246856,-0.004689428376622027,0.4283701528244953,0
2025-05-05,nls,Nolus,-0.010744842892572376,-1.1135957553086182,-0.32471197856334694,-2.118161432085908,-0.004422347299770277,0.4301601734093957,0
2025-05-06,nls,Nolus,0.09212233463089138,-1.121539419091921,-0.2703623507367021,-2.1002743155024004,-0.005687965143838427,0.41090988287437524,0
2025-05-07,nls,Nolus,0.952675160214919,-1.0970238764840794,-0.3564266786927629,-2.0894196233309645,-0.041146842717725486,0.47786328065170225,1
2025-05-08,nls,Nolus,0.09794355687541352,-1.3715468662529353,-0.33663884517944814,-2.0829181670608703,-0.05154326557793791,0.4905640819056433,1
2025-05-10,nls,Nolus,-1.122581926137525,-1.3562636527929766,-0.21450916526336825,-2.099939685414534,0.004711990588535988,0.38572890740598226,0
2025-05-11,nls,Nolus,-0.3867089215926958,-1.3503482436691545,-0.2468139345373736,-2.1206368279715444,0.02734630607011841,0.36323287683514566,0
2025-05-12,nls,Nolus,-0.019439951387896986,-1.342480266714796,-0.32447050661743676,-2.138452142559263,0.034189156839642264,0.3730661985764734,0
2025-05-13,nls,Nolus,-0.01351530346128935,-1.348337827155855,-0.32228103194824287,-2.138053955339653,0.03551724436739839,0.36985608433766715,0
2025-05-14,nls,Nolus,0.08027259047529293,-1.3728342870948935,-0.32889195309781377,-2.136330164481247,0.0333662897284742,0.3730016216909145,0
2024-06-01,one,Harmony,-0.0016206599839737603,-1.6574406623898612,-0.6707340769199228,0.44219851529437787,-0.7918635776123242,-0.6385570737839569,0
2024-06-02,one,Harmony,0.1303755756434694,-1.6574406623898612,-0.8352963641571215,0.36114168792308393,-0.7835205970920553,-0.546857834076613,0
2024-06-03,one,Harmony,-0.26027605573322,-1.375003842730364,-0.46785095340057475,0.508157947839884,-0.7994609995408409,-0.7125519944049015,0
2024-06-04,one,Harmony,0.37331920160233617,-1.1801268964057872,-0.5211704427154331,0.5076536962462607,-0.8047974432193878,-0.6927222423118131,1
2024-06-05,one,Harmony,-0.4594897318271177,-0.9084275767492572,-0.5053785604654126,0.49976157347926453,-0.7624133053398906,-0.7642082681815344,0
2024-06-06,one,Harmony,0.12268143052704301,-0.9704404705474697,-0.5780862505990916,0.4793308859832809,-0.7647247753950049,-0.7316217443425935,0
2024-06-07,one,Harmony,0.8564857374363528,-0.909424928263847,-0.6664884207083472,0.46985223948456833,-0.8019213417711357,-0.6404020900565036,1
2024-06-08,one,Harmony,-2.6335014911894783,0.015268629598456354,0.2569862823394147,0.5606312926617903,-0.7588498455842905,-0.9054622024912095,0
2024-06-09,one,Harmony,-0.9347948910625642,0.14937130559387635,-0.42244743196087,0.38062517469645224,-0.728442565044232,-0.7554132514499589,0
2024-06-10,one,Harmony,0.3452838586001465,0.18066363341319824,-0.6059053866018149,0.3350503351481197,-0.7315084853398661,-0.6843460305998906,0
2024-06-11,one,Harmony,-0.36583247342674313,0.08892773858658062,-0.44537496943075344,0.36931420769125217,-0.7369732484717854,-0.7283461819811287,0
2024-06-12,one,Harmony,-0.43335339621417635,-0.24375147881271275,-0.03366562339056442,0.4416688878216499,-0.7457993232565845,-0.8162634580861428,0
2024-06-13,one,Harmony,0.491277901687874,0.03422964567655398,-0.3073169110093469,0.4085290365584828,-0.7409842672680188,-0.769755946224647,0
2024-06-14,one,Harmony,-0.6882867069305341,0.042766385545458065,-0.5396382710340674,0.30986844654117623,-0.7233105245714149,-0.6932687868598181,0
2024-06-15,one,Harmony,0.3321274943170231,-0.39105709783511755,-0.28961606037908766,0.3825811965367173,-0.7642940939047151,-0.7104394158586216,0
2024-06-17,one,Harmony,0.5061788539895664,-0.35601455915169483,-0.7268000547013347,0.26195362466103456,-0.7484652834393483,-0.5720315739651916,0
2024-06-18,one,Harmony,-1.0367831042284001,-0.03524071848969677,-0.1739168042981275,0.37784944353961536,-0.7676873581379526,-0.7132997693256292,0
2024-06-19,one,Harmony,-1.0627317643957357,0.03521685693783971,0.5628537724125559,0.4417609778211328,-0.7638787199449621,-0.8267865288845326,0
2024-06-20,one,Harmony,0.14169983526160482,0.12626768347795309,-0.09981627801299181,0.3509554258658367,-0.7481300389404726,-0.7353037949571034,0
2024-06-21,one,Harmony,-0.6508377774983081,-0.023505458626388788,-0.27145055468215873,0.2915771305709656,-0.7046937347170847,-0.7506488610118002,0
2024-06-22,one,Harmony,1.2522374617829422,-0.06382572676292692,-0.3463164246718891,0.3120321575726056,-0.7541718120276356,-0.6667341241940054,0
2024-06-23,one,Harmony,-0.26413706581865853,-0.09773147615904519,-0.7131170829580433,0.17718995635818335,-0.7274557986979199,-0.5477610105983337,0
2024-06-25,one,Harmony,0.016969870854210048,-0.27051152336917406,-0.2723596495750711,0.3198943377481241,-0.748529901045505,-0.6920540926458293,0
2024-06-26,one,Harmony,0.21958084369364123,-0.750805601265104,-0.6704883470884014,0.20610711697953107,-0.7360911984836824,-0.5640174633064667,0
2024-06-27,one,Harmony,-1.4908666660662557,-1.0620753035304833,-0.6283393159597762,0.15927774715450504,-0.6813859729784018,-0.6361236557047144,0
2024-06-28,one,Harmony,0.13626203612104706,-1.0456977686644608,-0.6100019738303882,0.17403020852252749,-0.6803562214568504,-0.6532763485722305,0
2024-06-29,one,Harmony,-0.520628540523746,-0.9892502861944935,-0.6422551515864812,0.13760763246774488,-0.6687711683460672,-0.6392878704257766,0
2024-07-02,one,Harmony,0.27020202711112723,-0.9893735445194334,-0.6219227452708864,0.1539094085140724,-0.6843458686090008,-0.6273827467769243,0
2024-07-04,one,Harmony,0.306556288429432,-0.5750926163744319,-0.4886783973228834,0.19517575029795456,-0.7313546733117188,-0.5951186295049867,0
2024-07-05,one,Harmony,-1.3359266892219723,-0.133649988177172,-0.19028242274985271,0.20478829003898713,-0.7275994853152986,-0.6444575091449619,0
2024-07-06,one,Harmony,-1.2415274491608894,-0.2046251025324186,0.4954826378633147,0.2615866633533983,-0.6868403276746087,-0.8175091846472933,0
2024-07-07,one,Harmony,2.965636092977074,0.6025477255235244,-0.5501744147095313,0.16647452353906592,-0.7317823385100188,-0.56120087569106,0
2024-07-08,one,Harmony,-1.1299287430635565,0.6424114854774301,-0.6117134498502392,0.09109603695799329,-0.7086209900624968,-0.5310969682594547,0
2024-07-09,one,Harmony,0.39411688784486754,0.7371366233004889,-0.3380294382503297,0.19262899985214677,-0.72792846158942,-0.6181952746893334,0
2024-07-10,one,Harmony,0.8413222872122548,0.9274090607079074,-0.5250911971786467,0.17754803495060406,-0.7332403538060509,-0.5718602289782233,0
2024-07-11,one,Harmony,0.016985074288263024,0.754997449800605,-0.6424216633669829,0.13630689973769775,-0.726491355201599,-0.5307453832356273,0
2024-07-12,one,Harmony,-0.042419032490919245,0.1724307166382639,-0.46699072315953183,0.19533261082533154,-0.7321442820369877,-0.5967938374172299,1
2024-07-13,one,Harmony,0.25944913965233524,0.14049308293482166,-0.6644498531733924,0.13810511016471358,-0.7246611641217517,-0.531260292182326,1
2024-07-14,one,Harmony,-0.1321553094281117,-0.333696604775839,-0.6885605457649061,0.12360186196936947,-0.7157797779429523,-0.5311490926252715,0
2024-07-16,one,Harmony,1.4769665996743278,-0.4037373942333519,-0.48146032569224906,0.2644262137221387,-0.7475609754091396,-0.6225153285866132,1
2024-07-17,one,Harmony,-0.01102364803913011,-0.2814382244102925,-0.45839664485798054,0.26939667405537643,-0.7535163344843901,-0.6190669442006481,1
2024-07-18,one,Harmony,0.6142603654686087,-0.33172095052495504,-0.2452170176155936,0.3519617443513941,-0.7711999478315928,-0.6791762652724576,1
2024-07-19,one,Harmony,-0.3117592559123181,-0.22276684708104894,-0.5387488786398702,0.25717652100760857,-0.755437695606357,-0.5934648079297575,1
2024-07-21,one,Harmony,0.45931851548431407,-0.2283170666330009,-0.6970590439019365,0.2181614002741283,-0.7507492330514393,-0.5411917730045779,1
2024-07-23,one,Harmony,-1.2178305968323822,0.016839091832893158,-0.6700876047878697,0.1765959680123088,-0.7151956319742936,-0.579317804520765,0
2024-07-24,one,Harmony,-0.7856174547183419,0.0980586162125484,-0.677740570024688,0.14001766174237182,-0.6904020960817695,-0.5942009634109223,0
2024-07-25,one,Harmony,0.5054291079633801,-0.39100778878948583,-0.6210992633635717,0.16827246996121187,-0.7355622412145606,-0.5439449039887849,0
2024-07-26,one,Harmony,-1.3402035188346928,-0.3910386313595202,-0.4599492841584239,0.1662668916019765,-0.6833218911684675,-0.6650104444945064,0
2024-07-28,one,Harmony,1.3137973437813655,0.016684777639035434,-0.4346617251491998,0.23144334218805176,-0.7055494720605934,-0.6805483657877259,0
2024-07-29,one,Harmony,0.8974927993684704,0.09716170099266168,-0.6380109518364366,0.18246398657865953,-0.7483126389482544,-0.5289121444088858,0
2024-07-31,one,Harmony,-0.4316096265830115,-0.042904135956036316,-0.2893171251093664,0.26872108779206233,-0.7548059711752801,-0.6370276658469931,0
2024-08-01,one,Harmony,-0.3405173747226446,-0.06258250665464087,-0.08881731896573598,0.2929833418529087,-0.7615738826280684,-0.66388832696293,0
2024-08-02,one,Harmony,-0.0610523903655824,-0.05081933148360184,0.4152533756115747,0.3703068822799881,-0.7691083434296399,-0.7504059051051347,0
2024-08-03,one,Harmony,-1.1507673988643934,0.10940826163987866,0.031911802736011415,0.25712751525118105,-0.74435239456057,-0.6754883958395179,0
2024-08-04,one,Harmony,-2.1286466336532195,0.20888385212953195,0.1996975265327812,0.18815671564791506,-0.6705436606950351,-0.7676881475070249,0
2024-08-06,one,Harmony,-1.9335034310329717,-0.2485485502066267,2.5719469269943174,0.4461061249932461,-0.6868521379715644,-1.1092802995713247,0
2024-08-08,one,Harmony,0.11519321966915765,0.0565368117509561,0.5878026869164062,0.15367644558108132,-0.6379478241361438,-0.8207199646345722,0
2024-08-11,one,Harmony,3.5010831158169036,0.9028481233586849,-0.3561672619785425,0.11864478247436008,-0.7062232683282638,-0.5936995330109375,0
2024-08-12,one,Harmony,-1.141269304935083,0.9816706975678566,-0.20879529277922104,0.09858691860872476,-0.6919467398925906,-0.6171977645694617,0
2024-08-14,one,Harmony,0.008912109155130733,1.3318376266985332,-0.1527776934492098,0.1181091646459107,-0.6579293218317939,-0.7046535091783489,0
2024-08-15,one,Harmony,-0.396879574429822,1.193641947448029,-0.12951253222670184,0.1042916223819549,-0.6528286887726711,-0.7041963822981324,0
2024-08-17,one,Harmony,-0.8293071870601102,1.165942989947545,0.029503168389752022,0.09480765800704737,-0.6434046393511732,-0.7257986053556379,0
2024-08-19,one,Harmony,0.6146182899510658,0.6813783343176715,0.17862570185201582,0.14811999897843595,-0.6519577401598895,-0.7667360767612408,1
2024-08-20,one,Harmony,0.1570842133957109,0.6785010072342536,-0.06008431437072836,0.11560408373247234,-0.6475747125870173,-0.7298238014523997,1
2024-08-21,one,Harmony,0.4691639019791958,0.2744455058025492,0.054703208750381316,0.1556987871567843,-0.6615085853556693,-0.7468432561587272,0
2024-08-22,one,Harmony,2.303306915586283,0.03936898359119034,0.4929828649405735,0.30311619535051204,-0.7350810732250705,-0.7617785479072032,1
2024-08-23,one,Harmony,-0.9301054554298931,-0.19964986419870795,-0.3004188263684099,0.13328792044750154,-0.6653954491811281,-0.6898163764882799,1
2024-08-24,one,Harmony,1.5482899884600838,0.05135505943633631,0.5047326207076551,0.33586296980343583,-0.7096842073299295,-0.8381014788462609,1
2024-08-25,one,Harmony,0.3557436331535993,-0.5295463041203142,0.49231057665087136,0.35231573118210885,-0.7094018086349526,-0.8515328000402753,1
2024-08-26,one,Harmony,0.14388626318104453,-0.40379943115996725,1.6088692111797092,0.461995979510781,-0.7321691594397758,-0.9482901775113881,1
2024-08-27,one,Harmony,-1.1939388366671093,0.17232715662860595,0.36731233600762103,0.2865116201680394,-0.6889582123909951,-0.827841610822713,1
2024-08-28,one,Harmony,-0.33125867722924157,0.4590664753660973,0.24705643460155638,0.24768063620911734,-0.6962451025103645,-0.7734081076819886,1
2024-08-29,one,Harmony,-0.5272774737578745,0.2977991543700364,0.11928511207882073,0.2079389742322331,-0.6709371320986476,-0.7788221977972843,0
2024-08-30,one,Harmony,-0.267115592913525,0.37277181252237923,-0.13865623654445652,0.1456068792133671,-0.6698278310561091,-0.707176049601684,0
2024-08-31,one,Harmony,-0.5202700201429327,-0.41302023731707554,0.19959497827897346,0.18183896738430655,-0.6647012209564496,-0.7733880684428095,0
2024-09-01,one,Harmony,-0.4561079141794409,-0.7981518547369532,-0.07635624854299194,0.11350516993465123,-0.6527340380157499,-0.7167809191363039,0
2024-09-02,one,Harmony,-0.5096466736011723,-0.9302589258554503,-0.1608671860947223,0.07210033342526603,-0.6465954335051057,-0.6851730271258695,0
2024-09-03,one,Harmony,1.03737971790272,0.08302718257782563,0.2140846262126505,0.18486749481145615,-0.6640704597403166,-0.7779763339759778,0
2024-09-04,one,Harmony,-0.7138021524362524,0.07467738938410555,-0.102627108199989,0.09745531958337464,-0.6477404477703756,-0.7102117705392086,0
2024-09-05,one,Harmony,0.4479745448247515,0.2015610813283928,0.16757584038322407,0.1644539335118943,-0.6597415774629074,-0.7654848029008633,0
2024-09-06,one,Harmony,-0.355795251610909,0.1504581542411032,-0.15206115724851962,0.09274754304376313,-0.643800266398212,-0.7095217680265483,0
2024-09-07,one,Harmony,-0.5662257199544152,0.19031334084239368,0.3056465412490898,0.14206500628858237,-0.6468659487388148,-0.7785261312319334,0
2024-09-09,one,Harmony,0.8779755712788874,0.26357302147738654,-0.25554599934068206,0.08135186238981683,-0.6510317650813303,-0.6764563183604827,1
2024-09-10,one,Harmony,2.835764371263401,0.31459410623451584,0.16009738429186118,0.25880795756825237,-0.741877243978407,-0.6908651297922805,1
2024-09-11,one,Harmony,0.004524611920324208,-0.018921813015203934,-0.05343672728294667,0.2229957577980015,-0.7369647929757623,-0.6537472241839097,1
2024-09-12,one,Harmony,-0.4022457454776381,-0.2187582388662948,-0.10861595782137817,0.1944899023619359,-0.7273861251849034,-0.6427363652759087,1
2024-09-13,one,Harmony,0.5801692035445885,-0.17345866273726476,-0.22639527768339218,0.19743587968770263,-0.7295387839049005,-0.6307787413418215,1
2024-09-14,one,Harmony,-0.5108781997630424,-0.24939294190436348,0.21711066929890604,0.25970725392545124,-0.705534277538708,-0.7643293651292022,1
2024-09-15,one,Harmony,1.9072139237752916,-0.5507673634372241,-0.07883642748991697,0.27642631715234967,-0.759997638394617,-0.6538027342311955,1
2024-09-16,one,Harmony,-2.378371003256105,0.0937753019778293,0.284556471635607,0.22616062800783995,-0.6864318880351079,-0.7758295775332149,1
2024-09-17,one,Harmony,-0.6561195531736628,-0.16337082046888307,0.3896300199122665,0.21257270405141798,-0.66942162769036,-0.8024898018520935,0
2024-09-19,one,Harmony,1.3991965686856567,0.2149689908542782,0.12941884003395643,0.2352228268362193,-0.6891977236113946,-0.7683608374958192,0
2024-09-20,one,Harmony,1.006389646635402,0.1892423730217616,0.17603457077229911,0.2833523697050829,-0.7157176367081327,-0.7623401785919267,1
2024-09-21,one,Harmony,0.5943662584574583,0.1862330530649233,-0.0850289245203729,0.26695397942972193,-0.7155549127113352,-0.7288591858925483,1
2024-09-22,one,Harmony,0.6826624018395505,0.23314282025641006,0.2025362558432896,0.3469162557312011,-0.7313528791064748,-0.7879233464345659,1
2024-09-23,one,Harmony,-0.4905353730426489,0.33505111238464963,-0.053189058942849074,0.2817854254307316,-0.7166608008151031,-0.7418708781074304,0
2024-09-25,one,Harmony,2.365375421067666,-0.21916422738665964,0.043718112808301186,0.3813251422674981,-0.7911022111067227,-0.6929448483934146,1
2024-09-26,one,Harmony,-0.26249951025946805,-0.24870352343078178,0.11375145252486735,0.380059270603765,-0.7902217861833195,-0.6989067337868365,1
2024-09-27,one,Harmony,0.31056672365095084,-0.48141168868773077,0.3146476954771387,0.4261797928703553,-0.7937800128002743,-0.7441534425530869,1
2024-09-28,one,Harmony,0.6670129167990194,-0.4789446434978951,0.127849457340602,0.4284883660023732,-0.8005539746630811,-0.7201366002549725,1
2024-09-29,one,Harmony,-1.596873601032071,-0.3610528853861239,-0.07303402167942645,0.32464546299656133,-0.7296824943073446,-0.7508925359354366,1
2024-09-30,one,Harmony,0.29613954370861234,-0.48417735188374655,-0.14515138630414873,0.32176439239147275,-0.7384927873997594,-0.7254641257679607,1
2024-10-01,one,Harmony,0.32015406277006836,-0.018774244666218787,0.3253590186537371,0.3914442474922789,-0.7953929313879022,-0.7129859752980338,0
2024-10-04,one,Harmony,-1.9922928044461916,0.5587026662184923,0.2505055960121705,0.2831057824998112,-0.7622922884455202,-0.6789634057604379,0
2024-10-05,one,Harmony,0.733269866108011,0.8847286613720461,-0.003370856108031184,0.27734749113773066,-0.7601501657043438,-0.6602534699018281,0
2024-10-06,one,Harmony,-0.24122966806812265,0.7775255222623241,-0.35857903948889025,0.1901857130134081,-0.7493658915794609,-0.5734320697248252,0
2024-10-07,one,Harmony,0.6180526308098206,0.8051427182007839,-0.25306647804188076,0.24382085136306322,-0.7604737535516176,-0.6091925940396732,0
2024-10-08,one,Harmony,-0.7424306690860027,0.8893020380352716,0.3593166071117378,0.3223206323439765,-0.7261316219217289,-0.7874557155562466,0
2024-10-09,one,Harmony,1.3261506316521803,0.8798635845009637,0.01961093562460596,0.3129469348255098,-0.7714655575706294,-0.6711144404660933,0
2024-10-10,one,Harmony,-2.0695679402641662,0.7539629750285042,-0.017598558727335123,0.2132743293042119,-0.693684509806781,-0.7303209361797551,0
2024-10-11,one,Harmony,0.01829492241872969,-0.16033221812656134,0.14543489103567608,0.24040290031363293,-0.6996881814752347,-0.753896906323504,0
2024-10-12,one,Harmony,2.1878870281725695,-0.41683669077509455,-0.02233497986984418,0.2850572914675064,-0.7683594138418574,-0.6499123728479189,1
2024-10-13,one,Harmony,0.6603429487898175,-0.2599584785107761,0.5812255037829523,0.4048207592821383,-0.7820511012978759,-0.7642891096561003,1
2024-10-15,one,Harmony,0.6862274358865506,-0.2966839199338065,0.23257608964096016,0.389291924420534,-0.7887080142013749,-0.717963981100016,1
2024-10-16,one,Harmony,-0.26923505971136497,-0.30923302628964966,0.6064893318823549,0.4269519742382749,-0.7843476337377326,-0.7793189078034416,1
2024-10-17,one,Harmony,0.16278319021057724,-0.2994416059360333,0.7791669143482093,0.45115737514015813,-0.7972505214467401,-0.7843407552700603,1
2024-10-18,one,Harmony,-0.38683187420145243,-0.5700992503631939,0.17458033648423255,0.3569492787418468,-0.7803805836242923,-0.7026509038709001,1
2024-10-19,one,Harmony,0.55190344169007,-0.5061303757611145,0.09446289288551438,0.37118910030120844,-0.7813907983121292,-0.7066976787978025,1
2024-10-21,one,Harmony,0.02454110110882593,-0.23516540269166858,0.4248017045088381,0.4275703147410052,-0.7500717143606814,-0.832989297945969,0
2024-10-22,one,Harmony,-0.7494607495699489,0.06373490532082877,0.12537379239106136,0.3477320653434745,-0.7377852512213697,-0.7710568009607184,0
2024-10-23,one,Harmony,0.8626931902566278,0.059166801907843077,0.04671017209624741,0.3582550165635714,-0.7797870144201314,-0.6953270560794877,1
2024-10-24,one,Harmony,-0.8030412687123181,0.22435607198466562,0.2581583206497389,0.35245998190623296,-0.7739049669940556,-0.7166079227632928,0
2024-10-25,one,Harmony,-0.524219235264455,0.3519428663124613,0.1879453926867377,0.3253151670122071,-0.7242495034701757,-0.7820934979689699,0
2024-10-26,one,Harmony,-1.3708982950578121,0.9369124129366757,0.3689958033989195,0.2790485727244337,-0.720338796890314,-0.7620874365456625,0
2024-10-27,one,Harmony,1.3090976625116195,0.7835636770170423,0.5146162461091333,0.3410670984187348,-0.773040390945704,-0.723660326025098,0
2024-10-28,one,Harmony,0.16467118402915293,0.3468061038170709,0.09069991079279513,0.2903521980627966,-0.7634060433215084,-0.6724600793615743,0
2024-10-29,one,Harmony,-0.01858315547718671,0.3153026082718665,0.3509266760247014,0.3288460694373957,-0.7654828553277042,-0.7181633603940757,0
2024-10-30,one,Harmony,0.5779669862084253,0.3753487209992179,0.5973687345079397,0.38338659614549525,-0.7858757830321353,-0.7397689680486079,0
2024-10-31,one,Harmony,-0.28054933734542925,0.25381490392420547,0.3577889706036931,0.3427334452507923,-0.7710846124505631,-0.7199987756989261,0
2024-11-01,one,Harmony,-0.9636842065024546,0.1680147142843784,0.5401893963523852,0.3217325079213577,-0.7550581579678116,-0.7425323534296668,0
2024-11-02,one,Harmony,-0.9424601199727708,-0.7701839387855279,0.536723841063833,0.28371885439385186,-0.708972501142933,-0.7969066434952978,0
2024-11-03,one,Harmony,-0.610304501871127,-0.7119249909807788,-0.12733369033223507,0.15585659264278495,-0.678391984368493,-0.7008131678607971,0
2024-11-04,one,Harmony,-0.8618675322232806,-0.5864648535605784,0.560866579407942,0.2196851867296932,-0.6799795040919578,-0.7975738440246533,0
2024-11-05,one,Harmony,-0.5108231180745719,-0.6483710568700485,0.2738333684004394,0.15979214350626958,-0.6624921154156713,-0.7625894097860263,0
2024-11-06,one,Harmony,1.8082084637815201,-0.44350564856289376,0.2877128876756392,0.22735766736857224,-0.7175644043235528,-0.7175665258662177,0
2024-11-07,one,Harmony,2.098325355229287,0.6238801773849022,1.325886851484488,0.42643923289566643,-0.7692562222928377,-0.838934668377293,0
2024-11-08,one,Harmony,0.12191128281754365,0.4562504708078607,0.3645811739865707,0.33294766754976274,-0.7568829922711221,-0.7389577286409417,1
2024-11-09,one,Harmony,-1.028403408391797,0.4530804159233842,0.6181932689937886,0.3233972069416447,-0.7033869096874326,-0.8455322494941658,1
2024-11-11,one,Harmony,3.81873538083386,0.8872808163196618,1.7556250163340106,0.5624569334647573,-0.8089647764777159,-0.8922783806256016,1
2024-11-12,one,Harmony,1.4077840961116188,0.6393421033269724,2.329677843257769,0.6636678585800759,-0.8242912089600853,-0.9617860909270135,1
2024-11-13,one,Harmony,-1.1756627239218167,1.117592453545364,2.335178367737925,0.6094094631927084,-0.8064047782655469,-0.953261650014076,1
2024-11-14,one,Harmony,-2.0200793886201267,1.5705555215302835,2.448700720235434,0.5233411545066187,-0.7429589347064587,-1.0038115968175214,1
2024-11-15,one,Harmony,0.4171848828669604,1.4478915124200387,1.2620945069322433,0.4436023419386114,-0.7718873256477798,-0.8462106596004861,1
2024-11-17,one,Harmony,1.9262348295780252,1.9319549005267846,1.3601324011207239,0.538034448814977,-0.7933131448115752,-0.8876864012373185,1
2024-11-19,one,Harmony,0.9909335002625042,1.9813740954369177,2.5719469269943174,0.7282011072633859,-0.8235636620494404,-1.053608511759017,1
2024-11-20,one,Harmony,-0.6582559133828385,1.7968542740874522,1.876105958998056,0.5892889270387197,-0.8018336126326431,-0.9311875557271418,1
2024-11-22,one,Harmony,0.2681973080022209,1.3967213571216903,1.881611961243476,0.6030342765785817,-0.8043142128175504,-0.9379578811670516,0
2024-11-24,one,Harmony,4.9952475026031715,3.52022843928398,2.5719469269943174,1.1047837341370923,-0.9081857309452026,-1.2836108232678483,1
2024-11-25,one,Harmony,2.250773781947265,3.2754503796364216,2.5719469269943174,1.3134770175262553,-0.9427998825756658,-1.4265227912115435,1
2024-11-26,one,Harmony,-1.0599489583838593,2.916747722138444,2.5719469269943174,1.0658878982684203,-0.8575520767506996,-1.2853579339864762,1
2024-11-27,one,Harmony,0.29219171253836634,3.288499887996808,2.5719469269943174,0.9828828705631267,-0.8828418381642323,-1.1386062878459624,1
2024-11-28,one,Harmony,0.6709137452476535,3.3050286355244727,2.52981958015834,0.9330427438215778,-0.881809520397095,-1.0582949691021022,1
2024-11-29,one,Harmony,0.0012062281371802235,3.069389595041384,1.6835591738744025,0.8817373185738074,-0.8698916271997921,-1.0126675857936427,1
2024-11-30,one,Harmony,1.5396936513093258,3.0072481845463463,2.5719469269943174,1.084069412269426,-0.9042691378993054,-1.164070222662778,1
2024-12-01,one,Harmony,1.1036881666538496,0.9448061035345354,2.5719469269943174,1.2478156880339484,-0.9397597112762157,-1.2779007345776503,1
2024-12-04,one,Harmony,0.8296620313098354,0.21915269884356245,2.5719469269943174,1.2190458576760048,-0.9334538004695557,-1.2233246441195982,1
2024-12-05,one,Harmony,1.551629569248416,0.275477394665065,2.5719469269943174,1.2996988583699687,-0.9593037396395404,-1.2322213986866177,1
2024-12-07,one,Harmony,2.543779789299494,0.703648141368958,2.5719469269943174,1.422309150636686,-0.9582111108920949,-1.2899317526407583,1
2024-12-08,one,Harmony,2.0406431776408995,0.6627878578735685,2.5719469269943174,1.6737142812495027,-0.9975722235793988,-1.460155109363676,1
2024-12-09,one,Harmony,-0.905957308507835,1.2749062909510551,2.5719469269943174,1.4846705068944572,-0.9694588665634088,-1.3087456405963291,1
2024-12-10,one,Harmony,-2.92484095424015,3.0709920585499106,2.5719469269943174,1.3794837754112885,-0.9518194878150477,-1.3358928712043991,1
2024-12-11,one,Harmony,-0.43486040584828684,3.11410212818049,2.5719469269943174,1.304036308893369,-0.9294010823360853,-1.2911816114809596,1
2024-12-12,one,Harmony,0.7801209903717417,3.0957718046428773,2.5719469269943174,1.2769431384825085,-0.928784141225039,-1.2300265813311042,1
2024-12-13,one,Harmony,0.25265260884593554,3.030644100269454,2.5719469269943174,1.3141617190956212,-0.9436885749069789,-1.245852718263707,0
2024-12-14,one,Harmony,-0.47690404650534274,1.8818574856911001,2.5719469269943174,1.1928665591902676,-0.9231984947655008,-1.1449126584029723,0
2024-12-15,one,Harmony,-0.8305050684722999,1.0544003213744675,1.6369533549953008,1.0802467371195934,-0.9083311639350815,-1.060406204867758,0
2024-12-18,one,Harmony,-0.23718339520367263,1.0515694142460053,1.7713488973571319,1.0758526230902772,-0.913487743851674,-1.0569556914487115,0
2024-12-19,one,Harmony,-1.7758559248024945,0.1606867883897155,2.1480026284209326,1.0095708167009785,-0.8961573653411103,-1.0663009806700314,0
2024-12-20,one,Harmony,-1.5519979387512421,0.300337346984782,2.5719469269943174,1.0039562331197673,-0.8803477302213982,-1.1360961219988512,0
2024-12-22,one,Harmony,-0.7700584211516657,-0.1174566707474753,2.5318482358013354,0.9239607756233899,-0.841250421487616,-1.1208244833942185,0
2024-12-23,one,Harmony,0.9453544805478429,-0.033655007567524195,1.3716131142462376,0.8841698572340904,-0.8619839727271527,-1.0131720322597864,0
2024-12-24,one,Harmony,2.819866188688917,1.9490962541309682,2.5719469269943174,1.094323949023777,-0.9016238589076921,-1.125936151657761,0
2024-12-25,one,Harmony,-0.011024108234021987,1.9884037665260708,2.5719469269943174,1.114268886930551,-0.8688422994847931,-1.1975694487698196,0
2024-12-26,one,Harmony,0.9620868562143174,1.9621151806161263,1.000615455118675,1.0156927444417725,-0.8923573191023605,-1.0143603107479437,1
2024-12-27,one,Harmony,-1.9639750189437841,1.7290326694710099,1.273923083333948,0.9474742529967972,-0.8441524660654367,-1.0740730547137922,0
2024-12-29,one,Harmony,-0.03573410240665893,1.3470298783340713,0.34924001844105734,0.851349147091329,-0.8218027199132445,-0.989281191802952,0
2024-12-31,one,Harmony,-0.47930491074725157,1.6739767319999015,0.7632776369916142,0.8652590541334065,-0.8483496338241568,-0.987109116058005,1
2025-01-01,one,Harmony,-1.268122843981698,1.7597711782784704,0.6212681299024576,0.7937334508388127,-0.8070215120359677,-1.0037259348020309,0
2025-01-02,one,Harmony,0.9038443334553521,0.40398209020185377,0.09210603949503064,0.7622590610470312,-0.8114912430991359,-0.929390543317992,0
2025-01-03,one,Harmony,0.47893322585819986,0.21751717590818662,0.5116070230341516,0.8449513003847527,-0.8233518676892786,-0.9977017758430603,0
2025-01-04,one,Harmony,2.334087254273751,0.9139925441977642,0.8972018095279716,0.9857979027684162,-0.8704920782664837,-1.0271121877820413,0
2025-01-05,one,Harmony,-0.4134189054275777,0.6630042378777837,0.5082766894601399,0.9222440375635476,-0.8616182892101829,-0.977157775944589,1
2025-01-06,one,Harmony,0.002748996640845719,0.6639825069670175,0.050648625442038735,0.857371759628812,-0.8515651548694199,-0.9119179817150052,1
2025-01-08,one,Harmony,-2.930489388104046,1.3221684729053509,2.000414109089035,0.9039950728377324,-0.8199921822361766,-1.125104157772723,0
2025-01-09,one,Harmony,-0.8607886635111126,1.3491680503664965,1.47419308713802,0.8264378312281989,-0.8003599254976093,-1.0870016821216861,0
2025-01-10,one,Harmony,0.15788221246448816,1.2644570436857236,0.8142712645436407,0.7623226168495778,-0.8198457910309127,-0.97534513909824,0
2025-01-11,one,Harmony,0.2003266762146942,1.1994344132027566,0.6616742345965018,0.7566606028214938,-0.8179994405844312,-0.96502524600876,0
2025-01-12,one,Harmony,-0.16817473687371257,0.32579937426130473,0.6951031923592764,0.7530489679838753,-0.8143093112446919,-0.9712685343906676,0
2025-01-13,one,Harmony,-0.42293129573154875,0.3309991418364277,-0.02370574206441457,0.6330473567628693,-0.7932113925131317,-0.8677706708539993,0
2025-01-14,one,Harmony,-0.8861561123712629,0.28382699613460294,1.4153745186804143,0.7631433931130438,-0.7827976192364388,-1.0732284642519427,0
2025-01-15,one,Harmony,1.8473297091211032,-0.34163302363612974,0.1826106385634544,0.7025474432316247,-0.8117030476959455,-0.9023901662235687,0
2025-01-16,one,Harmony,0.7183806754345294,0.17676284940509515,1.2329928322247037,0.8606470814367967,-0.8105138181237295,-1.0776148924317692,1
2025-01-17,one,Harmony,-0.4468690136225542,0.14293204315606442,0.7674632414726378,0.7923800361209266,-0.8049931259524203,-1.0166381919782699,0
2025-01-18,one,Harmony,2.5330570013859925,0.6589162169267635,1.0427633108097603,0.9252555008158614,-0.8553468493703082,-1.029218562300057,1
2025-01-19,one,Harmony,-1.7293606388824705,1.316282810051697,0.7416929801976495,0.8072750435480677,-0.8290397311609585,-0.9832915897457379,1
2025-01-20,one,Harmony,-1.2795286680484061,1.8652615934769945,2.5719469269943174,0.8869040652757284,-0.8573398500944943,-1.082118063509887,0
2025-01-21,one,Harmony,-0.6905565577975202,1.8751939612469926,2.5719469269943174,0.8862323053886009,-0.842212192448867,-1.125397165067985,0
2025-01-22,one,Harmony,-0.06784726956790921,1.833922383988414,1.0857556871520586,0.7406036424482507,-0.7956244743835691,-1.019204282785829,0
2025-01-23,one,Harmony,-0.6676446981561953,1.3976795962899955,0.17868089211606353,0.605175416219127,-0.7666438609958339,-0.9159820036279999,0
2025-01-25,one,Harmony,0.40913508225346307,1.3965857089337788,-0.14255049905984496,0.5535338643737859,-0.7929978577046801,-0.8011099540414843,0
2025-01-28,one,Harmony,-1.9296703796778143,0.40258123400481327,1.7596332501262262,0.6791847012064037,-0.7700055822804487,-1.0528294808466012,0
2025-01-29,one,Harmony,-0.3717566089404853,0.26237438473917707,0.1860400447911973,0.4917479395794807,-0.7669957102414379,-0.8346846993419579,0
2025-01-30,one,Harmony,-0.016788266797735606,0.09445242222835719,0.7956088464712995,0.5751304616002059,-0.7584891216898997,-0.9546218215116173,0
2025-02-01,one,Harmony,0.8683368197436362,0.6247969371079967,0.7361191835132674,0.6092920051596963,-0.7588631909571472,-0.9733559837726795,0
2025-02-02,one,Harmony,-1.4712285521712,0.7404215351565023,0.35911420679957246,0.4914808812461172,-0.7336060014070351,-0.9083956927586005,0
2025-02-04,one,Harmony,-1.1713694369137702,0.9037851207631782,2.5719469269943174,0.7708145921189166,-0.77744791806458,-1.2187282823704835,0
2025-02-05,one,Harmony,-1.3190396072450612,0.9474925967760726,2.5719469269943174,0.5537607684835671,-0.7295141334372683,-1.058387317164578,0
2025-02-08,one,Harmony,-0.08367005983676858,0.9282975077249135,1.1780669588720105,0.4386335049613822,-0.739432361024372,-0.8992433778928052,0
2025-02-09,one,Harmony,0.5617596360571602,1.1193877206447542,0.257985738661521,0.3651870432390397,-0.7261037105934727,-0.8163392134902668,0
2025-02-11,one,Harmony,-0.050610807854962615,1.2019601876076336,0.6891857188520661,0.4235581088990008,-0.7067711502121765,-0.9251445758142832,0
2025-02-12,one,Harmony,0.4732575226175407,0.7661885995535256,1.4526485834549923,0.5118612062771406,-0.7335935266397589,-0.9804779366674478,0
2025-02-13,one,Harmony,1.6708399463216548,0.8861729051087638,1.4595941787883924,0.5810333365169809,-0.7696291028305839,-0.9685688259022145,0
2025-02-14,one,Harmony,-0.6494166572899852,0.5339154370171451,0.5648519130535502,0.4669009787295323,-0.7438618875134606,-0.8841362607816252,1
2025-02-16,one,Harmony,-1.1947830042003027,0.34453031712791243,0.3321502025956157,0.3844597645396194,-0.7055474231774641,-0.8747823668746053,1
2025-02-18,one,Harmony,0.1023941730167416,-0.008734666916708727,0.5576523733465574,0.41735705486024244,-0.7127057899954375,-0.9017862964807686,0
2025-02-19,one,Harmony,-0.10847029431441213,0.12437549960018394,1.0497348205755639,0.4548419920634249,-0.7387877775857354,-0.9086357628469538,1
2025-02-20,one,Harmony,0.5316857449182351,-0.015604210202054212,0.3190173611903778,0.3962246791501406,-0.7390457727731726,-0.8218018093130687,0
2025-02-22,one,Harmony,0.8910736198595828,0.26886038806644424,2.0726118644258533,0.5968966561399026,-0.7699344720251188,-1.0023077812008572,1
2025-02-23,one,Harmony,0.20455999641331868,0.07660594376008817,0.6011145610271581,0.48767056988460683,-0.7379902090816373,-0.9130507758407568,0
2025-02-24,one,Harmony,0.1382878718696457,0.043295311763243874,0.7060113735375668,0.4993854574337369,-0.757224886049751,-0.8930500230195644,1
2025-02-25,one,Harmony,-2.7051938744915205,1.0397870756520617,2.016143808806499,0.4735469687387331,-0.7186060659588822,-0.9960954279058414,0
2025-02-28,one,Harmony,0.655472272963616,1.203535616468869,0.6865688228811584,0.39527713315232355,-0.7052001848117272,-0.9050815537137172,0
2025-03-01,one,Harmony,0.0637238029001662,1.0968053937137108,1.8288120409645794,0.4956546337007829,-0.7219254285937936,-1.0021617637292857,0
2025-03-02,one,Harmony,-0.4242163380533828,1.0959580571949807,0.08532909470098299,0.29862782554847633,-0.6870153468405654,-0.822162184162655,0
2025-03-04,one,Harmony,0.07153431350616939,0.8723032369798892,2.5719469269943174,0.5336383711478321,-0.745823907707805,-1.018704119157485,0
2025-03-05,one,Harmony,-0.9940475779154087,0.6281100338143993,2.5719469269943174,0.5056143544344057,-0.7112296435849591,-1.0662803225119415,0
2025-03-06,one,Harmony,0.16305420889515235,0.7154418126393622,1.5791918438570105,0.4193119288743166,-0.6970642616896757,-0.9775242056955272,0
2025-03-07,one,Harmony,-0.15980502235472177,-0.44678033925032884,1.5393660612492988,0.4089904221792422,-0.6941345564005973,-0.9730330956160497,0
2025-03-08,one,Harmony,-0.060128667953381065,-0.9318913951905133,2.104701572275814,0.44270334478758727,-0.7051180166727069,-0.9982664987426985,0
2025-03-09,one,Harmony,-0.5364440626302952,-0.9458337445519629,1.0520263462581398,0.33901693807159733,-0.6841583225797727,-0.9148044830036896,0
2025-03-10,one,Harmony,-1.3265097883448824,-0.5354714581915775,1.754016143751188,0.3305920274560785,-0.6704387987617867,-0.9574178029529804,0
2025-03-11,one,Harmony,-1.4755326187536935,-0.34480784515959384,2.5719469269943174,0.3537253331383993,-0.6516787065584507,-1.0517752791323005,0
2025-03-12,one,Harmony,0.7437321624100006,-0.18433510463534933,2.5719469269943174,0.43999976566836446,-0.6847556684548493,-1.0887040465175808,0
2025-03-13,one,Harmony,0.6208266185460944,0.040933775617938005,2.532719667014592,0.367689161671048,-0.6770713926009453,-0.9976551950675777,0
2025-03-14,one,Harmony,-0.5754279558290446,0.02880090530228997,1.1058658862448008,0.243653592260129,-0.6486154119295482,-0.9017427336976774,0
2025-03-15,one,Harmony,1.1756665062019631,0.14207634116040593,1.366243749246359,0.3086687840097772,-0.6911613880067112,-0.8868735530616603,0
2025-03-16,one,Harmony,-0.28459605905262153,0.19828394587747283,0.35269414404405913,0.19612506365391216,-0.6539834232642666,-0.8154387879156315,0
2025-03-18,one,Harmony,0.21568374142944424,-0.16854532429464444,1.9421594828097692,0.35056368710687796,-0.6826539819693762,-0.9573146664897293,1
2025-03-19,one,Harmony,0.39847851422134495,-0.8313342130158778,1.144879625974424,0.3033642905364507,-0.6927757505559481,-0.8713596643620861,1
2025-03-20,one,Harmony,1.0494490765856137,-0.4752384781669502,1.2882429158756863,0.3630833073696098,-0.7084866260552534,-0.8984703602159513,1
2025-03-21,one,Harmony,-0.9995106207584923,-0.3318128567095109,0.24465551934027532,0.20617988459466177,-0.6643650107811365,-0.7980072358901664,1
2025-03-22,one,Harmony,-0.6021101772487869,-0.3891294790320988,0.3829977798581938,0.20049139667493102,-0.6467659092416779,-0.8346999526225455,1
2025-03-23,one,Harmony,0.7953947378146421,-0.3454631766592057,0.17909608047432687,0.20479623132624777,-0.6614949142339027,-0.798033556983091,0
2025-03-24,one,Harmony,-0.04688337359536746,-0.3205445478438258,1.213787718533341,0.3176875657014258,-0.6824209013458866,-0.9060865995853554,1
2025-03-27,one,Harmony,1.984240949207537,0.0038023370900308485,1.1167071760961682,0.4371971171950469,-0.7030387962275373,-0.9867730363914045,1
2025-03-29,one,Harmony,-1.4233524449929778,0.4715120244913389,0.7769907649949204,0.33748548681531193,-0.6705046379772219,-0.9485944907065865,0
2025-03-30,one,Harmony,-0.8666696329710974,0.37852315772864126,0.6118122528832561,0.27594626500684966,-0.6603834268368756,-0.9063268099548234,0
2025-04-01,one,Harmony,0.5771007795024367,0.34084570990230956,0.639750144962706,0.29627879951588937,-0.691045671434583,-0.8670536814737483,1
2025-04-02,one,Harmony,0.3157325864289838,0.4068465121409343,0.5263150700890372,0.29884653156078095,-0.691014216096966,-0.8641343293949604,1
2025-04-03,one,Harmony,-0.839650313965702,0.40542237162451544,2.3275859703014805,0.4053672161270461,-0.7022129104918903,-0.9974215557284913,1
2025-04-04,one,Harmony,0.27834134242391545,0.5065673815115178,0.9891963791564029,0.32247424703707805,-0.6870027107681222,-0.9132759897471666,1
2025-04-05,one,Harmony,-0.09969917207193811,-0.0014357287175866438,1.2989945834654537,0.34546635317015334,-0.6865941755928553,-0.9453328767065539,0
2025-04-06,one,Harmony,-0.9413319130708915,-0.2708201528906518,0.20250067975668845,0.18565806695157075,-0.6337451946340753,-0.8551991691517602,0
2025-04-08,one,Harmony,-1.0718274985733447,-0.20069395524410955,2.5719469269943174,0.4568845466486964,-0.6682058747270455,-1.161850307144148,0
2025-04-09,one,Harmony,-0.6637165735947846,-0.14668769310486812,1.7857732708523988,0.25931923239159876,-0.6339392205246653,-0.9832763527362366,0
2025-04-10,one,Harmony,3.1213183308820955,1.2002050991328,2.0778816058820433,0.40352195653290246,-0.6978189413230671,-0.998322063484986,0
2025-04-11,one,Harmony,-0.42000521769041105,1.1086607523048735,1.2129847931881266,0.3198475434384423,-0.6848597013567675,-0.922869258178954,1
2025-04-12,one,Harmony,0.41355736253254294,1.1142179707199686,0.8507719403931454,0.30572541459598446,-0.6845521758183876,-0.8973206118163063,1
2025-04-14,one,Harmony,0.05964672404098339,1.1178117875388074,1.0617780033048663,0.3270388080011999,-0.6937252812071201,-0.9069990489884783,1
2025-04-15,one,Harmony,-0.6357779233640878,1.104841590326817,0.8631108089739319,0.28441220851053467,-0.6541876880480929,-0.9370803157992739,1
2025-04-16,one,Harmony,-0.5467686509334184,0.9132298876433371,0.7290276253068776,0.24386964020941046,-0.6469017839753436,-0.9092057104471118,1
2025-04-17,one,Harmony,0.19859101064393422,0.7672319173925614,0.7057106658868627,0.24823323540997813,-0.655116356274597,-0.8961873191497508,1
2025-04-18,one,Harmony,0.4879172109188315,-0.4238130081145557,0.388303165650437,0.23570755593245993,-0.6474323713516664,-0.8846681645143005,0
2025-04-20,one,Harmony,1.4657892176898124,-0.38887092615168795,-0.035032312678089074,0.22864556923030363,-0.6752514895844371,-0.7981093775200472,1
2025-04-22,one,Harmony,-0.2346105636865391,-0.4062274253101314,0.5716600285427647,0.31031187332780513,-0.6672734419360777,-0.9217081945122593,0
2025-04-23,one,Harmony,1.338976258486035,-0.06923331003373123,1.2515521224194135,0.43793647344222225,-0.6942054923041999,-1.0097024345111472,0
2025-04-24,one,Harmony,0.766393447308083,-0.07289806757873371,1.797216242448065,0.5127533918766187,-0.7143555065495081,-1.0532866433467327,1
2025-04-25,one,Harmony,0.4021194582239275,-0.5634991935014674,0.7858323317621235,0.4451367835070742,-0.7106702362576658,-0.9649115103932615,1
2025-04-26,one,Harmony,-0.054384655335618155,-0.5472877044509683,1.096002152450165,0.4735404674116188,-0.7133171241187758,-0.997621971844221,1
2025-04-27,one,Harmony,0.2586460608762124,-0.4832492901650201,0.39683772676260715,0.40829649317858213,-0.7102491641392257,-0.9143403496997967,1
2025-04-30,one,Harmony,-0.17763913506221463,-0.4004585724468931,1.9099304059581466,0.5380120709376065,-0.7276516211133387,-1.0529199598950738,1
2025-05-01,one,Harmony,-0.3010849136189814,-0.3414305085815636,0.21124766447922197,0.3635234096169619,-0.6909300154497022,-0.9017160684381575,1
2025-05-02,one,Harmony,0.5596703251010662,-0.9817865295273642,-0.0322220778203632,0.34210746044817003,-0.7101829122820746,-0.8295682796268333,1
2025-05-03,one,Harmony,-0.32848969385813837,-1.1892291467408076,-0.19574125988418334,0.30063988252699925,-0.6786013046101801,-0.8395047667245936,1
2025-05-04,one,Harmony,-0.8753178562394434,-0.5557147522053814,-0.052551480564070184,0.2841162758293657,-0.6771619098550312,-0.8411458463715238,0
2025-05-05,one,Harmony,-0.2479188507291722,-0.4506200271581499,-0.15061055929181205,0.24817143226219104,-0.6840068600783673,-0.7891803659118649,0
2025-05-07,one,Harmony,0.1878146258547931,-0.4625100692297615,0.23037691413653835,0.3213452988546693,-0.7000210114609141,-0.850329705142722,0
2025-05-08,one,Harmony,-0.8366706547187381,-0.45664730879518056,0.6257389918130507,0.33877813474547924,-0.6709659701476306,-0.942462575763607,0
2025-05-10,one,Harmony,3.6943506350090782,1.9760449616935287,1.8378644735037677,0.5973439731604664,-0.738125547465254,-1.0803255564417777,1
2025-05-12,one,Harmony,0.9491022318849444,2.0045384396923613,0.969740589277753,0.5719972192181865,-0.738920600994161,-1.0247057349333748,1
2025-05-13,one,Harmony,0.043317374451068966,2.0308752262169416,1.7381780324737894,0.6348799692156829,-0.7518495426565692,-1.0812621993396931,1
2025-05-14,one,Harmony,0.5790843295822036,1.6824633960157436,0.9486121680546485,0.597742764128388,-0.7481575036231065,-1.026426321809595,1
2024-06-02,stars,Stargaze,-0.0016206599839737603,-1.6574406623898612,-1.0664075449724428,-1.2920869073264518,-0.0462350686946151,-0.21248906256607203,1
2024-06-03,stars,Stargaze,-0.07426695735149588,-1.6574406623898612,-1.0425743249695965,-1.2446325364536122,-0.060011210933430016,-0.251649679446537,1
2024-06-04,stars,Stargaze,-1.1803675458465124,-0.9285301233796748,-1.0842254572059151,-1.4027042411511061,-0.012581553976644688,-0.16258113871858096,1
2024-06-05,stars,Stargaze,-0.06765521882323587,-0.7578549659318371,-1.0748490127142947,-1.3792209901374868,-0.014839677452216444,-0.18963044060813206,0
2024-06-06,stars,Stargaze,-0.002229247844916309,-0.47032117887346275,-1.0587155489344984,-1.342237305181946,-0.011744759457685173,-0.24005083775998234,0
2024-06-07,stars,Stargaze,-0.8960787010150303,-0.15766140993888267,-1.0100618484645498,-1.2851667940007092,-0.0153921370407101,-0.3307677525838328,0
2024-06-08,stars,Stargaze,-1.187902952869148,-0.08808599581531575,-0.9865217166882864,-1.3104505986406112,-0.0031143264501678277,-0.3491938667288001,0
2024-06-09,stars,Stargaze,-0.28513245119343195,-0.2029696044466979,-0.966419429262732,-1.2989160313055708,-0.0002506573296985751,-0.37534224831065915,0
2024-06-12,stars,Stargaze,-1.512091906035515,0.5957504941068025,-0.9969044937142557,-1.423784734051139,0.0021709382956664972,-0.2584309939838238,0
2024-06-13,stars,Stargaze,1.6944631505612473,1.4543447363343345,-1.1382758694422146,-1.9837484190268886,0.07204506790478012,0.36711971024174594,0
2024-06-14,stars,Stargaze,-1.3283869326105733,1.4222789617551306,-0.9954070517980824,-1.4045864782736799,0.023991338965657936,-0.316895776145855,0
2024-06-15,stars,Stargaze,2.0801285661025286,2.7008132708109924,-0.996410107397715,-1.3097245669204447,0.021456084188341593,-0.3887479869374266,0
2024-06-16,stars,Stargaze,-1.4505228276387248,3.2683939889426368,-1.0012147551826855,-1.4102248468352923,0.005532208440808626,-0.273522847217532,0
2024-06-17,stars,Stargaze,-0.49879826981217823,3.2962912823599244,-1.0363155421949353,-1.480372380899006,0.07071649484922123,-0.3123062173164871,0
2024-06-18,stars,Stargaze,-0.5747266742464803,3.324709344795927,-1.0152394436332475,-1.4692664460693077,0.07308727740828144,-0.34371372129101724,0
2024-06-19,stars,Stargaze,0.18932998934172532,2.7530261078619414,-0.9012798711123011,-1.3448637186313013,0.03417851965448141,-0.43039942287174077,0
2024-06-20,stars,Stargaze,1.0313915457277842,2.4856122747376497,-0.7721353742400497,-1.2214625336360974,-0.01357268751043159,-0.48311054943985177,0
2024-06-21,stars,Stargaze,0.5083040562057742,2.537970353939675,-0.9300901436339567,-1.3048423865215613,0.010705781417807682,-0.4085031110302851,0
2024-06-22,stars,Stargaze,-1.5372454891411815,1.7815591940887714,-0.9592543703583049,-1.427073017038922,0.018825575621193535,-0.30317794516916297,0
2024-06-23,stars,Stargaze,2.169036578653236,1.3018308818302986,-0.968500155461098,-1.3391095964702902,-0.019778695107186883,-0.30460486528169084,0
2024-06-24,stars,Stargaze,-2.3006783496505894,1.6227311432023794,-0.9141715673099006,-1.3947895259408918,0.0229738888420362,-0.36159593196938666,0
2024-06-25,stars,Stargaze,0.21393946417297938,1.610570095058574,-0.9088254338778723,-1.382910912430989,0.013290813883615752,-0.35523960866839527,0
2024-06-26,stars,Stargaze,1.287096076261928,1.952338948536793,-0.9962019946584474,-1.4390951284277154,0.005557184461975165,-0.24283032386949818,0
2024-06-27,stars,Stargaze,-0.9418830619512699,2.342747726120058,-0.9375831443117393,-1.4006748784350094,-0.00675187520861221,-0.2924689817118439,0
2024-06-28,stars,Stargaze,0.26872995282151213,2.1864659264850212,-0.9363511838012294,-1.3869361029171223,-0.009802485792184871,-0.29915117245594325,0
2024-06-29,stars,Stargaze,-0.3450483434523899,1.7480289846094272,-1.0075641946653195,-1.4653296395573652,0.043002020253252136,-0.303084010674651,0
2024-06-30,stars,Stargaze,0.07804536178992942,1.3142233476432867,-0.9973344812828816,-1.468105557775457,0.028589562135332064,-0.27199665023937203,0
2024-07-01,stars,Stargaze,0.6401825596148825,0.7852878300017004,-1.01059086689081,-1.4597528630705066,0.017100896283767535,-0.24932467215389803,0
2024-07-02,stars,Stargaze,0.04497940932248908,0.783343425070652,-1.0006803661844725,-1.4417997547325634,0.017367167097806474,-0.2717346068288419,0
2024-07-04,stars,Stargaze,-1.7102466308776887,0.6086515846547853,-0.9717674530002184,-1.4880073543186503,0.04703827890047407,-0.30228701038439154,0
2024-07-05,stars,Stargaze,-1.3386201368842974,-0.0090665245072036,-0.9947516766141499,-1.5734169442274835,0.0930516511829567,-0.3036294619233516,0
2024-07-06,stars,Stargaze,1.570760244667722,-0.07452850571214137,-0.8820396732700919,-1.4133740080780424,0.011781079764907509,-0.3361981575106883,0
2024-07-07,stars,Stargaze,-0.06500433142032351,-0.007497123626071864,-1.0154999642663471,-1.554337111272486,0.053001132260143254,-0.23165599201008938,0
2024-07-09,stars,Stargaze,1.0477146613754886,0.6834502279799759,-0.9980745184140232,-1.4900610435201112,0.044337587992050134,-0.27735551658421137,0
2024-07-11,stars,Stargaze,-0.011729209313010119,0.8266616837787505,-1.0194547740431903,-1.5203528536925006,0.026978686073139985,-0.2096077752748741,0
2024-07-12,stars,Stargaze,-0.24832599032620623,0.8093620023474908,-0.9736078840857664,-1.4677967292843352,0.025201925041322834,-0.2785915979931685,0
2024-07-13,stars,Stargaze,0.46827352506917824,0.4727964967577175,-1.0298730986715356,-1.527308526623256,0.027831123621018295,-0.19794669797862838,0
2024-07-15,stars,Stargaze,0.09919580735433726,0.2987181097182775,-0.9925840707477271,-1.4667873958187398,0.01722984202420245,-0.2543188564762037,0
2024-07-16,stars,Stargaze,0.05133639363951894,0.2556099306522655,-1.0046371368444715,-1.4775286989021736,0.025478334865234827,-0.2543256396051516,0
2024-07-17,stars,Stargaze,0.2504231320040154,0.23839423637083015,-0.9700161501670713,-1.4211249356243418,0.019284847333443666,-0.3101313134000882,0
2024-07-18,stars,Stargaze,-0.21772251197055054,-0.4835685483909834,-1.029676494089283,-1.5148220571843993,0.0377516004070517,-0.2277519238745585,0
2024-07-21,stars,Stargaze,-0.20494080360486833,-1.0846210210771305,-1.0351289392553802,-1.532786071726644,0.04445103515092898,-0.22094488507982396,0
2024-07-22,stars,Stargaze,-0.45484953912675563,-0.9247424361910027,-1.009725254602347,-1.5116647186642707,0.04587353639985921,-0.25982797957887954,0
2024-07-24,stars,Stargaze,-0.7375394950864509,-0.577000237704796,-1.0017671508548014,-1.5372084754667872,0.049369655084733906,-0.24857672444240478,0
2024-07-25,stars,Stargaze,-0.8678595377794085,-0.5578289350443276,-1.003329414530282,-1.5767211410875903,0.07460094336806586,-0.26085021785900137,0
2024-07-26,stars,Stargaze,-0.503164612875336,-0.6631064342299701,-1.0259090642265583,-1.6378481711731818,0.08919934912109959,-0.2185607311624776,0
2024-07-27,stars,Stargaze,0.6609524272118019,-0.6675865462842694,-1.0164293027020055,-1.5910513494751153,0.07186391219907491,-0.23489512993579048,0
2024-07-28,stars,Stargaze,0.044625246980573866,-0.6194617023827669,-1.0264144103176553,-1.6049488204257998,0.07446323313253934,-0.22089181356076365,0
2024-07-29,stars,Stargaze,-0.28666204383537297,-0.6263441769387569,-1.0417792144577465,-1.6457590272087101,0.08501638433281981,-0.19318829236986845,0
2024-07-30,stars,Stargaze,0.08529894334004698,-0.6222312196151578,-0.9939720004894704,-1.5661032285371908,0.05932542809337359,-0.2475337344554993,0
2024-07-31,stars,Stargaze,-0.9479220822530026,-0.8526719074291998,-1.0128691326901873,-1.6372596828219539,0.09227459927792324,-0.23451495289976132,0
2024-08-01,stars,Stargaze,-0.44965294426470725,-0.8597910921397264,-0.9277870641543805,-1.558006931057408,0.0834499297967178,-0.3285784025608267,0
2024-08-02,stars,Stargaze,-0.5297949673441354,-0.8548585616150817,-0.8904336962396198,-1.5514322001261989,0.08948929987293783,-0.35784128000013815,0
2024-08-03,stars,Stargaze,-1.5206492997070284,-0.3629243612961177,-0.9265549170150724,-1.6550052157814148,0.11557937360890104,-0.3008321398721683,0
2024-08-04,stars,Stargaze,-0.6387639445134146,-0.5118557098080997,-0.9618017907083407,-1.7187394441198816,0.1357227607177741,-0.2672001666864258,0
2024-08-05,stars,Stargaze,-1.6842333397894746,-0.5745092629144283,-0.9681284089400833,-1.7982844073743043,0.20519570335418497,-0.3259344917329983,0
2024-08-06,stars,Stargaze,0.43717586199445163,-0.5585223444291509,-0.8322271375625226,-1.6816753359435568,0.1469105514691391,-0.3620276477650471,0
2024-08-07,stars,Stargaze,2.043012796839143,0.9344435046529624,-0.883851476057626,-1.6318776725130155,0.11737656284790125,-0.3392011279163518,0
2024-08-08,stars,Stargaze,-0.12760165667705162,0.9322472629342223,-1.0069231511004737,-1.7654642397951223,0.1331137083279117,-0.1983570797863151,0
2024-08-09,stars,Stargaze,2.1327330911671623,1.7051990637784389,-0.9937611250103909,-1.659384682414203,0.09474643917314321,-0.22927393555379016,0
2024-08-10,stars,Stargaze,-0.23921872407597408,1.2522164849891853,-1.0100909425342846,-1.6931007280443693,0.10357007992537857,-0.20640029900216877,0
2024-08-12,stars,Stargaze,-1.0511889114536876,1.2486280037701447,-1.0226867446194696,-1.7574164417752138,0.14180434734136152,-0.21369266226030917,0
2024-08-13,stars,Stargaze,-0.07678335668250469,1.1526217904749143,-0.9997247639663258,-1.7237416230326847,0.14521954038692428,-0.2647770321288827,0
2024-08-14,stars,Stargaze,-0.008399460353284758,0.8998847136490067,-1.0180535935431119,-1.75317035473694,0.1446141122054261,-0.22591794727818854,0
2024-08-15,stars,Stargaze,-0.6125592893845155,0.44528363123200454,-1.0228543272970392,-1.7872006706843824,0.16225703187380336,-0.2256183142918432,0
2024-08-16,stars,Stargaze,-1.3615644225434451,0.6668844818752694,-1.0010894087589979,-1.8160799817461188,0.18884634761618213,-0.26204587083870634,0
2024-08-17,stars,Stargaze,0.292332115832947,-0.7409528349025131,-1.0063151615782353,-1.8139818152265235,0.1735977657517598,-0.23154664838584957,0
2024-08-18,stars,Stargaze,0.9928246962779179,-0.40814252367058523,-0.995027022591386,-1.758609956757015,0.14569922589236178,-0.2348502830846516,0
2024-08-19,stars,Stargaze,-0.4503582254126943,-0.4266218232683967,-0.9738189450041999,-1.7482120223393713,0.16300689974797236,-0.28849240055719566,0
2024-08-20,stars,Stargaze,1.2228000387684557,-0.2645854151546015,-1.01278893757233,-1.753614695159659,0.1364708980877161,-0.2123352107228558,0
2024-08-21,stars,Stargaze,0.7371052719595452,-0.20514071488855107,-0.9930902862888158,-1.6948180063012774,0.11264817339023285,-0.23148424671976686,0
2024-08-22,stars,Stargaze,0.8583524558709924,-0.227168093891245,-1.0174932651322348,-1.696119331365607,0.0936774398373918,-0.18019573589922191,0
2024-08-23,stars,Stargaze,-0.1248812609114404,-0.8114940942041358,-1.0055604016640327,-1.6843020090294432,0.09090610078004038,-0.19247938634074185,0
2024-08-24,stars,Stargaze,0.34763741474627463,-0.8794658356013078,-1.0062248932894566,-1.6671707281884471,0.09346487029253732,-0.21323433161512273,0
2024-08-26,stars,Stargaze,-0.6340076024683933,-0.8033340044972495,-1.0703024606767748,-1.8164571255555508,0.13702904461904952,-0.11318371316057704,0
2024-08-27,stars,Stargaze,-0.08815955758356014,-0.7871005088040479,-1.0060671161367085,-1.7010837614659118,0.1178929451620491,-0.22791725125242285,0
2024-08-28,stars,Stargaze,-0.9297162780918593,-0.48779325239525145,-1.040137406504368,-1.79535743073691,0.14764513564093856,-0.17835054877292383,0
2024-08-29,stars,Stargaze,0.35886481947351523,-0.5556275953410804,-1.0286538698480132,-1.7621114243624407,0.1281004483686773,-0.17894413812890267,0
2024-08-30,stars,Stargaze,0.0842607747327765,-0.6594439194753225,-1.0166384041188394,-1.738776473955819,0.1226671339389111,-0.1974547467502718,0
2024-09-01,stars,Stargaze,-0.7035430460257944,-0.5848724790102855,-1.0018237335015092,-1.7476447324685822,0.136045135640007,-0.2232263404498672,0
2024-09-02,stars,Stargaze,-0.21924543582946032,-0.8871540006747264,-1.035489966645747,-1.8149838185217537,0.1386080673248112,-0.14497735389084018,0
2024-09-03,stars,Stargaze,0.3675772615878599,-0.6095124366914212,-1.0357680813670032,-1.7979301567011927,0.13606202155855407,-0.15610129020780475,0
2024-09-05,stars,Stargaze,-0.7940999103254179,-0.42702832530660567,-0.9935755002433518,-1.7710599360665806,0.13390208563318942,-0.20042376140045073,0
2024-09-06,stars,Stargaze,-0.601094929318565,-0.47592181080711543,-0.9981999101488606,-1.8053500963878961,0.14350227212683278,-0.18412755814866907,0
2024-09-07,stars,Stargaze,-1.3046321383879318,-0.44632004811523535,-0.9611266466537983,-1.8173691549603905,0.1742457782756173,-0.24858654789097462,0
2024-09-09,stars,Stargaze,1.3298732089093064,-0.03597308444991577,-1.0653590679456826,-1.932965541526836,0.16610938557923327,-0.06341297571774977,0
2024-09-10,stars,Stargaze,0.8357269129714583,0.18584743948544893,-1.0022898288669448,-1.7786915420024427,0.13262749406292013,-0.18652085268533133,0
2024-09-12,stars,Stargaze,-0.030641654923008577,0.13308106065765957,-1.0307899398691125,-1.8256935251012945,0.1376532736525059,-0.13571950360806445,0
2024-09-13,stars,Stargaze,0.18926955763900905,0.09874971120043062,-1.048366030635291,-1.8497211936378366,0.14412337392285382,-0.1137231946753698,0
2024-09-14,stars,Stargaze,0.09024782980577889,-0.15252247889358184,-1.0522897009575631,-1.851951577435133,0.14968837207009428,-0.11977866201869086,0
2024-09-16,stars,Stargaze,0.7054900845759923,-0.19307645134094836,-1.0150532888052572,-1.7497007380711562,0.13625658650896028,-0.21499892047916921,0
2024-09-17,stars,Stargaze,-0.9266978998566499,-0.010546092556942758,-1.0136084745342357,-1.7923828682082636,0.14763605090967832,-0.19738012034763802,0
2024-09-18,stars,Stargaze,0.9706434370770867,0.07323769775643753,-0.9543472900413213,-1.6731222836280295,0.1238653279567979,-0.29093353854949355,0
2024-09-19,stars,Stargaze,-0.03912813274398425,0.026899736154381827,-0.9967503636911834,-1.724450065446436,0.13561090609271387,-0.24725161433479143,0
2024-09-20,stars,Stargaze,0.7962925661346274,0.07525221569708967,-0.9523821372397702,-1.6354542448351954,0.11791716847516827,-0.3155176825999437,0
2024-09-21,stars,Stargaze,-0.05721733887284644,0.15529012473307396,-0.947179905728395,-1.6336410843541627,0.11381714039173428,-0.311309547355611,0
2024-09-22,stars,Stargaze,-0.1405437232175822,0.1575207099254507,-1.0158572112458897,-1.7236405184021708,0.1383844116713968,-0.24339044786295444,0
2024-09-23,stars,Stargaze,-0.5901251275077578,0.24841852369791687,-0.9553603082783413,-1.6767879612995116,0.12790751155890995,-0.29500543381688227,0
2024-09-25,stars,Stargaze,0.553425786830415,0.08022856129184038,-0.9725189757576833,-1.6673146503502903,0.13635944908863307,-0.3136296112402331,0
2024-09-26,stars,Stargaze,-0.9247214036991396,0.12504039311951148,-0.9546850742892298,-1.6898097394659926,0.1522164688008347,-0.3306866444797663,0
2024-09-27,stars,Stargaze,0.1914501632619512,0.13733383156251688,-0.981814311652103,-1.7159041481578299,0.14348842462076936,-0.2777249050664376,0
2024-09-28,stars,Stargaze,0.37889591296277525,-0.08060750347292292,-0.944661257877652,-1.6589125055104235,0.1276874923800645,-0.3153600735723427,0
2024-09-29,stars,Stargaze,-0.3529759965530347,-0.06271117524877295,-1.0035218995730215,-1.7456242249547436,0.14329727912561518,-0.23872719524111782,0
2024-09-30,stars,Stargaze,0.4855228675396692,0.022119718697365596,-0.9963434833093113,-1.712771024383132,0.13565017483137,-0.25857196765939955,0
2024-10-01,stars,Stargaze,-1.3128778569926798,0.17852839750590208,-1.016493549780149,-1.80367782644109,0.16521002826760162,-0.2197735442550326,0
2024-10-02,stars,Stargaze,-0.451950237844551,-0.22207084362838533,-0.9389480656833752,-1.7318227463777602,0.15070599576464358,-0.2931012779828867,0
2024-10-03,stars,Stargaze,-0.43905501394592494,-0.29202808820021997,-1.0103717431115566,-1.83586286618611,0.17811521794342627,-0.21749306921064587,0
2024-10-05,stars,Stargaze,0.03230863132922745,-0.22313943960764315,-1.0184902153792732,-1.8453655200300791,0.18457639293924308,-0.21683763608883921,0
2024-10-07,stars,Stargaze,0.2776984691946703,-0.30613981738207174,-0.9873217030142045,-1.7942729251959708,0.15938517780372513,-0.23131180583437602,0
2024-10-08,stars,Stargaze,-0.4359547464172483,-0.28190569211261435,-0.9371400527912999,-1.7538195972378463,0.17252856414143047,-0.3157446082884112,0
2024-10-09,stars,Stargaze,0.13369262567080226,-0.528857639581428,-0.9804871361779143,-1.8008984525752385,0.16377500560529024,-0.23654008461222453,0
2024-10-10,stars,Stargaze,-0.393852806384992,-0.9373892041487331,-1.0112916997822792,-1.8581518249676607,0.18519683868257386,-0.20938654570404128,0
2024-10-13,stars,Stargaze,0.19637015700641758,-0.9059528882510253,-1.0152530773972341,-1.8522352482260183,0.1932289698619983,-0.2291246713395647,0
2024-10-14,stars,Stargaze,0.39008858405336194,-0.9214801271377288,-0.9873325045771155,-1.800059912214521,0.16887915525290464,-0.24467523157580373,0
2024-10-15,stars,Stargaze,0.6172330597765463,-0.7413540239781802,-1.0108676774066152,-1.8054746015758412,0.1639774674184127,-0.2184822545510159,0
2024-10-16,stars,Stargaze,-0.10743479085685363,-0.7919988049735889,-0.9708372700955689,-1.756623762486685,0.15992668582383268,-0.27573919635432115,0
2024-10-17,stars,Stargaze,-0.2421610793645299,-0.7789276532871212,-1.0509850840676518,-1.8904276764900756,0.18722816504552792,-0.15814480987876078,0
2024-10-19,stars,Stargaze,-0.2040210235105497,-0.7972575488860237,-1.025823972861812,-1.853135775739708,0.1796536323340202,-0.19549857753565536,0
2024-10-21,stars,Stargaze,0.9678040529925012,-0.5780421019104117,-1.0200574266013671,-1.800002995867872,0.1611557628786255,-0.2137941000969515,0
2024-10-22,stars,Stargaze,-0.2519000186111284,-0.5607935907930532,-0.9120231927926888,-1.6795832848147403,0.17277414599387203,-0.39599255803471467,0
2024-10-23,stars,Stargaze,-1.0078866546413514,-0.25893814941807963,-0.9123932558382116,-1.7247916733656263,0.19692801978645,-0.4003622761506322,0
2024-10-24,stars,Stargaze,-0.20848594447446217,-0.3265615393118066,-0.9937831552874078,-1.822140364828555,0.21114898180672442,-0.30478493143758956,0
2024-10-25,stars,Stargaze,-0.014531336490344295,-0.32379984227811975,-0.9808480904096306,-1.8048583385035133,0.2124256673522814,-0.32971849645185686,0
2024-10-26,stars,Stargaze,-1.3005555758604377,0.15740584257066428,-0.9978857115060242,-1.8887030484150371,0.2363795202788047,-0.2885296215632499,0
2024-10-27,stars,Stargaze,-0.6980184627869951,0.18405303070039195,-0.9524033923065226,-1.865480004275335,0.24430122152055908,-0.34488281986795427,0
2024-10-28,stars,Stargaze,-0.4129123167781874,-0.18162049943443254,-0.9945965973075335,-1.9337425866890283,0.2605729233637954,-0.2938893073604134,0
2024-10-29,stars,Stargaze,0.25174186884970606,-0.511515256367476,-0.9696324518108849,-1.8940350600654823,0.24371518568688288,-0.30946151467156024,0
2024-10-30,stars,Stargaze,0.022660515556357,-0.45608522322863077,-0.8865529320638774,-1.8138868600240992,0.23435619595068305,-0.3951313074619724,0
2024-10-31,stars,Stargaze,-0.14643949724966113,-0.4339898386100612,-0.9596137300099428,-1.8869848502266922,0.2486793313766324,-0.32993240134938484,0
2024-11-01,stars,Stargaze,-0.873455096394083,-0.4248380977022567,-0.9396713110482383,-1.9070001537807055,0.26005639577757833,-0.3394451131614799,0
2024-11-02,stars,Stargaze,3.4359112469346846,-0.8525330947215957,-0.9712386079679821,-1.8528307301606646,0.14299578437516175,-0.14770880934889055,0
2024-11-03,stars,Stargaze,-0.22336023339559496,-0.8869781213853404,-1.0009940075553596,-1.9018389455425109,0.1500523099912572,-0.10098634885168366,0
2024-11-04,stars,Stargaze,-0.11068915254718514,-0.8834626022485791,-0.9918617764620951,-1.8945173592768376,0.148811248522349,-0.10972332144547463,0
2024-11-07,stars,Stargaze,0.529198967954582,-0.4843754188788066,-0.9394538872972462,-1.8096452003622256,0.13675554861004582,-0.1890051783762999,0
2024-11-08,stars,Stargaze,0.001397884223014126,-0.5052798939259299,-0.9895786408423952,-1.86585557342658,0.145155510089753,-0.13210627765359237,0
2024-11-09,stars,Stargaze,0.14076945947923794,-0.4623989440323142,-0.7580522428920436,-1.6749110101003009,0.11680294502685505,-0.32342805793463236,0
2024-11-10,stars,Stargaze,0.1536423520396127,-0.7524786425666802,-0.9210557162628102,-1.7766179821941763,0.1321343297976245,-0.2184207348491856,0
2024-11-12,stars,Stargaze,1.0661231942937612,-0.15300277014770766,-0.9053299052207724,-1.7154168482103194,0.12465029508373941,-0.2676972582775799,0
2024-11-13,stars,Stargaze,-0.9576138805281851,0.4312858384902219,-0.9057432434336135,-1.7634351307989236,0.13025184840404078,-0.23172034194405802,0
2024-11-14,stars,Stargaze,-0.6386369956708082,0.624141606839822,-0.880169314808698,-1.7751425953124829,0.13116267891673392,-0.22819786199675532,0
2024-11-15,stars,Stargaze,-0.20083222330570755,0.5252087979359572,-0.9574382497452277,-1.8543639862956993,0.14274771909902492,-0.1505642439036637,0
2024-11-16,stars,Stargaze,0.43787184686638136,0.6103708315895287,-0.9503881838749731,-1.8256114172412048,0.13895937702920552,-0.17418069954302642,0
2024-11-17,stars,Stargaze,0.6708480613548005,0.7645071669620339,-0.8978607157096902,-1.7461166803422639,0.1279899317275102,-0.24641353816134073,0
2024-11-18,stars,Stargaze,0.04882302519971453,0.7633693701670424,-0.8730821522888449,-1.7246862244986696,0.12488191541411753,-0.2675032789565691,0
2024-11-19,stars,Stargaze,1.703221908873031,1.2472019917929067,-0.7752418021656172,-1.584285379754063,0.10636355694222098,-0.3888909853042528,0
2024-11-20,stars,Stargaze,-0.10512292673058198,0.8087987908251748,-0.870894485716316,-1.6497307914954213,0.11595682602915934,-0.3240595674189411,0
2024-11-22,stars,Stargaze,-0.6156213076806551,0.7944429675975141,-0.715895908571927,-1.5904205950950894,0.10602856106413282,-0.39227691503043854,1
2024-11-23,stars,Stargaze,0.1996462859798556,0.702951619905089,-0.8701036532148727,-1.6703018766585,0.1182821008695115,-0.3088806828693668,1
2024-11-24,stars,Stargaze,1.0542893665371846,0.8639784742235274,-0.7105913381268435,-1.5281296600392482,0.09879465470987601,-0.4394013313684564,1
2024-11-25,stars,Stargaze,0.6266164118321105,0.8560404201281606,-0.734557621577776,-1.5100554459368851,0.09735859770016907,-0.44965213052793357,1
2024-11-26,stars,Stargaze,-0.46340384074659896,1.0556179439954634,-0.8783912462236707,-1.6207803473986548,0.11299317897944448,-0.3440377856578262,1
2024-11-27,stars,Stargaze,-0.3280836286956471,0.3350678133686952,-0.8991121768955203,-1.6523940322317798,0.117000468339424,-0.3162752311333812,0
2024-11-28,stars,Stargaze,0.2813376332249833,0.3341862348963178,-1.0314576935837538,-1.7934401562768023,0.1385070323691315,-0.1697323381715737,0
2024-11-30,stars,Stargaze,0.27527737752209924,0.049934251970778366,-0.9669620227834014,-1.6907544847140035,0.12383599512201841,-0.27022805898287466,0
2024-12-02,stars,Stargaze,0.44852981462284014,0.06786676342782784,-0.9759747049972454,-1.679441667502979,0.12305330032671029,-0.27576096193433725,0
2024-12-03,stars,Stargaze,-0.42181392742913293,-0.17111572190365434,-0.8474108278552739,-1.5866547614996036,0.10831599634555188,-0.3753721860068333,0
2024-12-04,stars,Stargaze,0.6409380819179722,-0.23207957436767612,-0.9178937382278726,-1.6111825106812532,0.10966881588056845,-0.33542900959194116,0
2024-12-05,stars,Stargaze,0.4852794933652755,-0.2637121627730142,-0.8649529907810302,-1.5419935020031226,0.10900560449424665,-0.4150837742375558,0
2024-12-06,stars,Stargaze,-0.2746356167768893,-0.3562136738868886,-0.9496034128965803,-1.6289456239442985,0.12311684023545985,-0.33412301652793813,0
2024-12-08,stars,Stargaze,2.6980680715623957,0.12234277913773599,-0.9518995680399901,-1.5266975723609562,0.06045715330062686,-0.30589775225907645,0
2024-12-09,stars,Stargaze,-0.1344936342646888,0.21679063985726385,-0.9587035352039158,-1.5401068580964545,0.063300945468969,-0.2963625171328597,0
2024-12-10,stars,Stargaze,-2.4639180977029493,1.6372113093910174,-0.7122727978615064,-1.4872699861783392,0.07694425981963261,-0.43724355215708566,0
2024-12-11,stars,Stargaze,-0.19363365593782686,1.6137379422938958,-0.9165687946933969,-1.6350142974547268,0.0906076501068417,-0.27566112303812457,0
2024-12-12,stars,Stargaze,0.5213612621559653,1.6526653847386887,-0.9548256143193007,-1.6457139105827105,0.09886451526241809,-0.26869951096261413,0
2024-12-13,stars,Stargaze,1.16270600122547,1.5141207260917078,-0.9671043426802005,-1.6250262972142804,0.0489171876688069,-0.18516327502264088,0
2024-12-14,stars,Stargaze,-0.3789555959921445,1.5153397735486065,-1.032767707050913,-1.7317522783411292,0.08098851077569386,-0.11393259658225934,0
2024-12-15,stars,Stargaze,-0.08670309903350573,0.9100696866542577,-0.9099798958037388,-1.588485590103438,0.053954118574994187,-0.2498776143710878,0
2024-12-16,stars,Stargaze,-0.2526378429306877,0.9235601070394567,-0.9935820658508271,-1.68703121078817,0.07762159109604601,-0.17121772587010844,0
2024-12-17,stars,Stargaze,-1.2069375981915655,-0.30669995848081333,-0.9798102116261728,-1.7241983852807983,0.10215941440646413,-0.19008033375813377,0
2024-12-18,stars,Stargaze,-1.631444371151532,-0.04812029764582315,-0.9973920536654032,-1.820554834506402,0.14910915814635473,-0.181948238810524,0
2024-12-19,stars,Stargaze,-0.7262010657282796,-0.43429419901194183,-0.9372787265482322,-1.7894160650258988,0.13957575766080615,-0.21599535647713938,0
2024-12-20,stars,Stargaze,-1.6089014622272726,-0.4046492489832841,-0.9552438730975445,-1.879013154797027,0.18829583124239796,-0.2187937246503884,0
2024-12-21,stars,Stargaze,0.8179332497988973,-0.2397644889066217,-0.8576368914442406,-1.7654232263461862,0.1493999757537617,-0.2800051917344457,0
2024-12-22,stars,Stargaze,-0.37810801238865543,-0.27487634168319325,-0.956919991437857,-1.8702072020810516,0.16187011607043694,-0.17364657970447384,0
2024-12-23,stars,Stargaze,0.4180014726503191,-0.09486943842449722,-0.9078589685108456,-1.8048311937694352,0.14609586032423238,-0.2220789563351752,0
2024-12-24,stars,Stargaze,0.5970615422716775,0.16467364030061393,-0.9233473850147473,-1.7919073491097914,0.1381263274565181,-0.21476808204499453,0
2024-12-25,stars,Stargaze,-0.10831050698451042,0.025627770747680113,-1.0058443333122509,-1.8886111792027032,0.1601161527369539,-0.13302994383955546,0
2024-12-27,stars,Stargaze,-0.34623190011073046,-0.19420901827907627,-1.0293626376957319,-1.9447286988176864,0.16384124892825863,-0.07270639183622181,0
2024-12-28,stars,Stargaze,0.3194503920056258,-0.524486065850829,-0.9999167336868529,-1.8892511240781036,0.1395896132847974,-0.09368360467432697,0
2024-12-30,stars,Stargaze,-0.9505618612364947,-0.5626000269709786,-1.0729812230389444,-2.0707160182286413,0.19730045303938035,0.016152905107962173,0
2024-12-31,stars,Stargaze,-0.44362742434175734,-0.694140904970983,-1.0215434734732722,-1.9793370676873518,0.19470966634753106,-0.10412882324912733,0
2025-01-01,stars,Stargaze,0.05061979194997144,-0.7472956883286619,-1.0186945848178788,-1.9712594498135194,0.196055546858827,-0.1164444825247122,0
2025-01-02,stars,Stargaze,0.03240016644760978,-0.9987421616549006,-1.0940157332144138,-2.1535406093517695,0.22452485043669052,0.06600919237463876,0
2025-01-04,stars,Stargaze,2.5093349863639482,-0.16804728254060944,-0.9382590753599214,-1.7748484367266133,0.11791247661605385,-0.1868853451689253,0
2025-01-05,stars,Stargaze,-0.11183682190902708,-0.2936239225869739,-1.0299645353842104,-1.8996408055265057,0.13364310081002861,-0.056816944703617374,0
2025-01-06,stars,Stargaze,0.23601969190411504,-0.31680484777813533,-1.056084264064281,-1.940387551923158,0.13769775666045833,-0.008106626130805105,0
2025-01-07,stars,Stargaze,0.08679072419307585,-0.3707470683288389,-0.9201152730774622,-1.746661364951387,0.11863979274473678,-0.22170356894569693,0
2025-01-09,stars,Stargaze,-1.2646734452296688,0.4918106198723117,-0.973457285816819,-1.865647655715067,0.13707357076058807,-0.12280029310996071,0
2025-01-10,stars,Stargaze,-0.47521222399042456,0.5582325568893626,-1.0229401116302497,-1.956776849659236,0.1527330356810948,-0.041597169374381016,0
2025-01-11,stars,Stargaze,0.7028174746545297,0.60650437638231,-0.9283525362058971,-1.8118959207012537,0.11805425840378189,-0.15301764527615316,0
2025-01-12,stars,Stargaze,0.09295143321229539,0.1386298740685637,-1.0357250302887773,-1.9460342547834664,0.13662578028973138,-0.013134296023177054,0
2025-01-13,stars,Stargaze,-0.4191006895763674,0.21193004505788646,-1.0065871585348176,-1.9214591260138343,0.12729565878338195,-0.0334436817407933,0
2025-01-14,stars,Stargaze,-0.28536134586759515,0.1493597535926334,-0.9882817994700002,-1.910719539290077,0.1232161040979362,-0.043648691983937754,0
2025-01-15,stars,Stargaze,-0.20212569117957102,0.2054203779228144,-0.9398633653951252,-1.8601230631311991,0.1419870806531242,-0.1492639558575008,0
2025-01-18,stars,Stargaze,2.8767035582326357,0.44129414195699446,-0.7962946526785389,-1.6430071980181153,0.057898775937869046,-0.23108816514869918,0
2025-01-19,stars,Stargaze,-0.6653273823393162,0.43431930990908707,-1.0212330977866995,-1.881983843699123,0.10340935851180154,-0.018344604847180875,0
2025-01-20,stars,Stargaze,-1.7800502682777721,0.7874345477854998,-0.8655178662519136,-1.7980247126830906,0.12370388900259321,-0.19412092892007018,0
2025-01-22,stars,Stargaze,0.5146525697786413,0.816992711754062,-0.9425701269170573,-1.8534157369348685,0.09790629016448565,-0.06608239465401061,0
2025-01-23,stars,Stargaze,-0.7592138841787273,0.7655374514544951,-1.0143979084713837,-1.974336382852528,0.1334791668510729,0.011273902547375996,0
2025-01-24,stars,Stargaze,0.5100699876664895,0.7417056385255023,-0.9741883639278007,-1.904563564615842,0.0995882013668039,-0.007104412218460429,0
2025-01-25,stars,Stargaze,-0.6618670883030079,0.6448926919269892,-1.0030683912790481,-1.9669914250202472,0.13913969477180174,-0.01263628956289473,0
2025-01-26,stars,Stargaze,-0.43466968616766494,-0.5771414112849239,-1.0284681459635796,-2.0247386979196818,0.15805133084598197,0.019667103463656996,0
2025-01-27,stars,Stargaze,-0.364615632671339,-0.561147167677335,-1.021997836239959,-2.0306216822300596,0.16588522655397622,0.006915905315032887,0
2025-01-28,stars,Stargaze,-0.8063035609777987,-0.2988588105448775,-0.7971509169866441,-1.8676351169088397,0.12622767514010058,-0.13997172158422547,0
2025-01-29,stars,Stargaze,0.22323381307030976,-0.2962418057872361,-0.9475336123557628,-1.976383324209801,0.1272558759851142,0.0026436156941569908,0
2025-01-30,stars,Stargaze,-0.01033176987237988,-0.23634027337724195,-0.9861251730874379,-2.020138400271178,0.13544913128964164,0.043536393880221895,0
2025-01-31,stars,Stargaze,-0.166869409098503,-0.1265842443521355,-0.9238685641364566,-1.9572799398407557,0.14121243427081392,-0.052151372215919076,0
2025-02-01,stars,Stargaze,-0.9012113526436621,-0.1773122500252599,-0.9598022559757909,-2.0303729121283327,0.1795016980240361,-0.044426741001807206,0
2025-02-02,stars,Stargaze,-1.2659666645550627,-0.10733224978810452,-0.9613419052303274,-2.0876276997434675,0.21353254644885816,-0.05381204315481916,0
2025-02-03,stars,Stargaze,-1.6656391091537597,0.5727906532542685,-0.7675753912374554,-2.0307175252913794,0.20437373342567922,-0.13286100965071082,0
2025-02-04,stars,Stargaze,-0.32905840568367833,0.3441128664298162,-0.6585863176509684,-1.9951240817052989,0.19894747391827666,-0.17263971227153221,0
2025-02-05,stars,Stargaze,-0.20102249573229367,0.34064197301940174,-0.9420238606908314,-2.180762810286051,0.2266298271131421,0.012837437489683436,0
2025-02-06,stars,Stargaze,-0.09224184824724171,0.3057675544325218,-1.0306956205062276,-2.3022806360950807,0.2448274192115411,0.13443981043619688,0
2025-02-07,stars,Stargaze,-0.7755609862509693,0.11817293341211711,-0.9590196984013857,-2.241715780219827,0.23560084331224768,0.06409221086421632,0
2025-02-09,stars,Stargaze,0.12536042380091672,0.27858693053650185,-0.9867849562786514,-2.2679760384437326,0.23952856362910618,0.09216644057194853,0
2025-02-10,stars,Stargaze,-0.056006863529916066,0.34366363799285815,-0.9821916001191514,-2.264933894343979,0.23907158222167646,0.08843882968067715,0
2025-02-11,stars,Stargaze,0.12828885691144035,-0.6094096171935321,-1.0559728242045816,-2.3806935035655257,0.2563901279134773,0.20700201245441216,0
2025-02-12,stars,Stargaze,0.04569784198413876,-0.6097807443647157,-0.9696995788724666,-2.241452612195632,0.23558349551735686,0.06673803215778948,0
2025-02-13,stars,Stargaze,0.43645165706241573,-0.4243174227626633,-0.9557973342439949,-2.205163054413477,0.23022312922185306,0.0350420139934344,0
2025-02-14,stars,Stargaze,0.7348552480510195,-0.11261676873615253,-0.8339034167191133,-2.070407279782809,0.2102426512972913,-0.09294710567051026,0
2025-02-15,stars,Stargaze,1.4774818124401805,0.12044834904424864,0.05843877772647911,-1.7310736236738917,0.16002683269909923,-0.4199126914610255,1
2025-02-16,stars,Stargaze,0.19926920658253483,0.10431228313870168,0.04007240112254356,-1.723595863926195,0.1589509278794078,-0.424932628903463,1
2025-02-17,stars,Stargaze,-0.14349364160713457,0.14413846830453075,-0.7734029793303927,-1.9648417742340174,0.19497329808484248,-0.18275802179007442,1
2025-02-19,stars,Stargaze,-0.5257980079309478,0.4817474522597766,-0.6280319994676011,-1.9239165929406676,0.18861661378273742,-0.230419363405059,1
2025-02-20,stars,Stargaze,0.0720053478477212,0.4750126773268643,-0.7378938237829764,-1.968738814787398,0.19535554735046456,-0.1842686580638955,1
2025-02-21,stars,Stargaze,0.3099206793889139,0.46887610949290276,-0.27750645883811004,-1.8012152903203726,0.17043130073229013,-0.3500306235085045,1
2025-02-22,stars,Stargaze,-0.5808903988455882,0.6086387233789834,-0.9137282186901822,-2.096666109975924,0.21436398015268204,-0.05826612545963719,1
2025-02-23,stars,Stargaze,0.22087748347871372,-0.4742600461357177,-0.8191782940045134,-2.0168111410983776,0.2025073378089306,-0.13642734201533516,0
2025-02-25,stars,Stargaze,-0.8746838875230837,-0.1795109175040955,-0.8994121841314119,-2.1176409142461123,0.21727543920115922,-0.045089692587115954,0
2025-02-26,stars,Stargaze,-0.15836349092965976,-0.18184531803257584,-0.7505453277613404,-2.0296882184421747,0.20408912423752013,-0.13588020352525546,0
2025-03-01,stars,Stargaze,-0.3607161702716622,-0.2311236017730651,-0.9281832508889448,-2.1678162928061755,0.2246387834582082,-0.0003881176877378636,0
2025-03-02,stars,Stargaze,-0.23806147241218026,-0.28661865405339193,-0.9250451758583735,-2.1763601842303752,0.22586705120720424,0.005493401970424553,0
2025-03-05,stars,Stargaze,-0.6832899460098423,-0.45574275004688225,-0.6685233508396468,-2.054236150924076,0.20750261487226868,-0.12611303527179088,0
2025-03-06,stars,Stargaze,0.2052633224300526,-0.299500778513791,-0.9369523071529388,-2.2116721044191827,0.2310651220109517,0.035434653730167937,0
2025-03-08,stars,Stargaze,-0.4198573851459243,-0.4954567627287324,-0.9368720148505388,-2.2320260915446584,0.2340576218037811,0.0511274947997967,0
2025-03-09,stars,Stargaze,-0.3086113289162782,-0.7629839231155027,-1.0756741920541955,-2.469131134995549,0.26946776674046574,0.2873660666337527,0
2025-03-11,stars,Stargaze,-1.085598139136892,-0.3509417415005748,-0.9572079756422817,-2.3226308074180118,0.2475645476660539,0.126167991797673,0
2025-03-13,stars,Stargaze,0.6585102631943732,0.20909043066816846,-1.0228868075436752,-2.3786749360682453,0.2559281164078459,0.1901548127609428,0
2025-03-15,stars,Stargaze,0.6364694986924949,0.5195239074844193,-1.015235592892282,-2.336434355133461,0.2496311050019705,0.15456055552167355,0
2025-03-16,stars,Stargaze,0.14319713943280207,0.38841200469069226,-0.9999128417320168,-2.3069143029315735,0.24522957270814255,0.12636313702909027,0
2025-03-19,stars,Stargaze,-0.16627084622646968,0.3642624475739524,-1.0277529290380412,-2.3579754022574586,0.2528483629806609,0.17609630282632024,0
2025-03-21,stars,Stargaze,0.16034617683394628,0.3148905534465435,-1.003366669266462,-2.3118247700821217,0.24595431232228232,0.1313113438380937,0
2025-03-22,stars,Stargaze,0.07224139428763691,0.262119631150314,-1.0390598592696123,-2.366905853282529,0.2541890010519857,0.1878765062573415,0
2025-03-23,stars,Stargaze,0.4043730615145953,-0.6594511196548799,-1.018765956574755,-2.312223812830841,0.24605603948088733,0.13717521620436554,0
2025-03-25,stars,Stargaze,0.0745511211111102,-0.8151290747670498,-0.8423784215915022,-2.132428553773425,0.21920885355118175,-0.04385323276301448,0
2025-03-26,stars,Stargaze,0.00708486163077714,-1.0935579601642416,-1.0649950438181133,-2.400443722031278,0.25925601009549043,0.2273556321869777,0
2025-03-27,stars,Stargaze,-0.11231602538329981,-1.0407391657304725,-1.0246017087750605,-2.322907234316896,0.24764219948077193,0.14770569682678078,0
2025-03-28,stars,Stargaze,0.010908396033793764,-1.1238471625730537,-1.0886848444676978,-2.476132209570837,0.2705466547685851,0.3028043256560344,0
2025-03-29,stars,Stargaze,-0.3133108093189401,-0.9543057820876931,-1.0193071163992473,-2.329329804166255,0.24859166880222283,0.15060118153047006,0
2025-03-30,stars,Stargaze,-0.6360243853221116,-0.5985514394069308,-0.973758335792101,-2.2986475702932814,0.2439745137492934,0.11201461059444669,0
2025-04-01,stars,Stargaze,-0.11812843824507487,-0.8580426152295829,-0.9870194116396207,-2.3199797271452596,0.24713567402446585,0.13236698238733044,0
2025-04-02,stars,Stargaze,-0.05620433267252692,-0.9181422138741915,-0.9533850785088759,-2.2831287958653266,0.24160745952118945,0.09457436593388899,0
2025-04-03,stars,Stargaze,-0.3948272852498611,-0.9250160414185092,-0.9861419557798129,-2.3401772116290607,0.2501305527765118,0.14771812330202036,0
2025-04-05,stars,Stargaze,-0.17459558532802197,-0.9383014518720767,-1.0507600912888684,-2.4539768373660538,0.2671419773969106,0.2608404501741101,0
2025-04-06,stars,Stargaze,-0.17893033528707578,-1.0244340153430445,-1.0785786717362345,-2.5334142066510976,0.2790221307543605,0.33914337114207144,0
2025-04-07,stars,Stargaze,-0.5068555513074771,-0.9528388187345341,-0.996110222931592,-2.3945424458395856,0.25828651887109677,0.19292818967592715,0
2025-04-08,stars,Stargaze,-0.14370184831955915,-1.1269535620770688,-0.8244205433887422,-2.2461679801695342,0.23610448034636666,0.04135556277268512,0
2025-04-09,stars,Stargaze,-0.3788635795991198,-1.1289841884227445,-0.9532563895716222,-2.3692587822801467,0.25458505638505285,0.1613096267521584,0
2025-04-11,stars,Stargaze,-0.1115830050356642,-1.158654471792889,-0.9030621391714885,-2.3274590936098316,0.24834625295360285,0.11782779005149276,0
2025-04-12,stars,Stargaze,0.00988845689989082,-1.0929290231325102,-1.0125860205542392,-2.4485536685216167,0.26644227447265223,0.24043218752720216,0
2025-04-13,stars,Stargaze,0.14093312814630637,-0.9402362405371693,-1.0699620202834261,-2.5566156840059704,0.2825760415707831,0.3513097023359543,0
2025-04-14,stars,Stargaze,-0.5585280493737261,-0.7941121201776422,-0.8819551529633008,-2.3308448482435558,0.2489255654811326,0.11650574495428308,0
2025-04-15,stars,Stargaze,-0.5438845180060472,-0.7740326144492268,-0.9148298863952812,-2.3842622925718095,0.2570128112564347,0.16432615756037014,0
2025-04-16,stars,Stargaze,-0.42295429752217073,-0.7495291266234992,-0.9738693070104177,-2.4644926971322767,0.26909642352232566,0.24070014574020424,0
2025-04-17,stars,Stargaze,-0.3976505981828912,-0.7420737213685593,-0.9143758762828754,-2.4237786986054184,0.2631197378590226,0.19499166695295708,0
2025-04-18,stars,Stargaze,-0.5211547694459403,-0.7268266640276351,-0.9313786663117706,-2.46474588006669,0.26939674330281144,0.23049679426558553,0
2025-04-19,stars,Stargaze,-0.370879162044565,-0.8638276780222689,-0.9667641533780874,-2.519280629668909,0.27766638972672114,0.28148092450120193,0
2025-04-23,stars,Stargaze,-0.7104481172561686,-1.2715214176600778,-0.798434183793354,-2.4201753838014084,0.2631087385458989,0.1731437308264536,0
2025-04-24,stars,Stargaze,0.09611895300934956,-0.8375408703416896,-0.9819472598805336,-2.5674683208141786,0.2850814734272838,0.3232215976688135,0
2025-04-25,stars,Stargaze,-0.30074635020347795,-0.8537978158930515,-0.860211275574368,-2.469527213505277,0.27055904621791693,0.22080141534401018,0
2025-04-26,stars,Stargaze,-0.2873606216127898,-0.8513272540579504,-0.901297394559632,-2.5147332484037963,0.2774259615635796,0.2633420367507335,0
2025-04-27,stars,Stargaze,0.06441754386590778,-0.7050470294413119,-1.046223895785889,-2.693872529767476,0.30417148348438516,0.4452577315137582,0
2025-04-28,stars,Stargaze,-0.24552586296780485,-0.7648499184396268,-1.056732116755926,-2.7284010050589957,0.3094303345889146,0.47746351723947805,0
2025-04-29,stars,Stargaze,-1.327662253005726,-0.04097560915618589,-0.6461657824253605,-2.446389687945675,0.2679032829295879,0.17673114914141616,0
2025-04-30,stars,Stargaze,0.07488306494740239,-0.02727322003279336,-0.9631399590692867,-2.646450390797529,0.29777394192437745,0.3798584029386773,0
2025-05-01,stars,Stargaze,-0.40346784563746024,-0.11405484363626514,-0.9627417227463035,-2.6655953592920425,0.30083325190288984,0.3947352839678095,0
2025-05-03,stars,Stargaze,-1.4820769265828446,0.41851074913892555,-0.7709166623257487,-2.5969104936566425,0.2914130394618927,0.3078363828943875,0
2025-05-05,stars,Stargaze,-0.6487123503537154,0.3968968139389168,-0.9292726872852034,-2.73934168969649,0.3130657621671243,0.4447373819403752,0
2025-05-06,stars,Stargaze,0.511540201997309,0.6989373231874694,-0.8538255143287252,-2.655020428549013,0.30017911169475464,0.36487853042990553,0
2025-05-07,stars,Stargaze,-0.014949929475014966,0.7607910795330476,-1.0539824728172713,-2.890531204488082,0.33538813514376314,0.6029039925577822,0
2025-05-08,stars,Stargaze,0.07828573508598707,0.4767188681865012,-0.8844459942527684,-2.6741263980117225,0.30299336584246406,0.38495210286059106,0
2025-05-09,stars,Stargaze,1.0673142715995838,1.0384735257015754,-0.7745424317917587,-2.5543002899203096,0.28452877446042196,0.2748970444871152,0
2025-05-10,stars,Stargaze,1.6759747611251614,1.7776468386627986,-0.8990787085379557,-2.562058408421556,0.2849165874259902,0.29987835557907533,0
2025-05-11,stars,Stargaze,0.6455545681696406,0.836788099657953,-0.9086722848311763,-2.5398769861416195,0.281321922116629,0.28438416632280167,0
2025-05-12,stars,Stargaze,-0.12057186746708042,0.4630070778007412,-0.8591734529942425,-2.5071899343958646,0.27648388624885323,0.2500239067544349,0
2025-05-14,stars,Stargaze,-0.059676804129413466,0.5944894086771094,-0.9574455460139109,-2.5948906856812473,0.2896137917198959,0.3380989923722261,0
