date,token,name,volume_to_marketcap,price_change_%,market_cap_trend,tvl_trend,is_seasonal_outlier_price,is_seasonal_outlier_market_cap,is_seasonal_outlier_volume,is_seasonal_outlier_volume_to_marketcap,trend_score,price_volatility,pca_1,is_healthy
2024-06-01,kava,Kava,0.0114582309821998,0.0,0.0,0.0,0,0,0,0,0.0,0.0,563780577.0354213,0
2024-06-02,kava,Kava,0.0093944834865813,0.1907264550689236,0.14663494443225566,-6.00243355776956,0,0,0,0,-5.665072158268381,0.0,560784339.7205329,0
2024-06-03,kava,Kava,0.0124903399089321,0.20658631410701567,0.13031936348750772,-1.194566322952073,0,0,0,0,-0.8576606453575497,0.0001121461387449765,561060234.6582569,0
2024-06-04,kava,Kava,0.0114773844590693,0.022212868500570693,0.10850576845722326,4.8327015371044,0,0,0,0,4.963420174062194,0.0010217789342745218,564674007.0560265,0
2024-06-05,kava,Kava,0.0130302551038698,3.512769882742406,3.219001181201331,2.188553102952562,0,1,0,0,8.920324166896298,0.016885262934969784,587958488.9399475,0
2024-06-07,kava,Kava,0.0188274629274801,3.9738112736305897,4.267261419205326,-4.307649323132823,0,1,0,0,3.9334233697030925,0.019817272300394307,615300732.8615452,0
2024-06-08,kava,Kava,0.023830979339838,-8.390617549607915,-8.466189835614657,-4.939877332129927,0,0,0,0,-21.7966847173525,0.04440126438214312,550610435.7412114,0
2024-06-09,kava,Kava,0.0142872528966926,-0.5953002176035782,-0.6032793150515525,5.044004952422276,0,0,0,0,3.8454254197671456,0.04057925396667567,549169393.1138257,0
2024-06-12,kava,Kava,0.0285108571562938,-8.172155591402518,-8.213079756878583,-11.745002672479654,0,0,0,0,-28.130238020760753,0.05049374433973055,487864314.23489094,0
2024-06-13,kava,Kava,0.0204496134584503,2.033073382479289,2.108989165501818,1.1206379925720045,0,0,0,0,5.262700540553111,0.05188431444803645,501047694.5606903,0
2024-06-14,kava,Kava,0.0151654433411635,-6.1254292893974105,-6.022498800376286,-3.4871947816128124,0,0,0,0,-15.635122871386507,0.05481219642489926,461431623.30395937,0
2024-06-15,kava,Kava,0.0145761104139075,-2.493208742768005,-2.595217849001552,-1.6965997452599635,0,0,0,0,-6.785026337029521,0.049221837900847484,445323213.0725882,0
2024-06-16,kava,Kava,0.0077528753782195,1.189089612879446,1.1109247238447306,0.4845589272011619,0,0,0,0,2.7845732639253384,0.043618181534067345,451674779.2266332,0
2024-06-17,kava,Kava,0.0077427397392427,0.2429103798670118,0.3649801820215792,0.008078801962119186,0,0,0,0,0.6159693638507102,0.038470082995083685,453780976.51582897,0
2024-06-18,kava,Kava,0.034565775998828,-10.452215705023992,-10.578118544618743,0.7772006098554218,0,0,0,0,-20.253133639787315,0.049092804441961894,393860592.11805725,0
2024-06-19,kava,Kava,0.0374195576389111,-10.624561664364574,-10.658802777679089,-8.998437109513823,0,0,0,0,-30.281801551557486,0.05372511890086334,333978928.0933014,0
2024-06-20,kava,Kava,0.0172205243462538,2.4043255108668893,2.3345163831308247,5.69019184110704,0,0,0,0,10.429033735104753,0.05440485791809496,346958748.45971715,0
2024-06-21,kava,Kava,0.01894310990311,1.1872041763152374,1.57111431787198,-0.23783822655312203,0,0,0,0,2.5204802676340954,0.05595692794956576,354316335.8658824,0
2024-06-22,kava,Kava,0.0147085061458565,-0.7386941740283648,-0.772094990436234,-0.2623201033868705,0,0,0,0,-1.7731092678514693,0.05642954856051069,350354140.34711146,0
2024-06-23,kava,Kava,0.0087281480223277,1.269139533529784,1.113226534215439,-0.3680616143872051,0,0,0,0,2.014304453358018,0.056515124521935044,355301425.60639215,0
2024-06-24,kava,Kava,0.0107207124254908,-2.875741567104906,-2.958009696473718,-7.876235609686577,0,0,0,0,-13.709986873265201,0.055312444909562816,337126549.3221111,0
2024-06-27,kava,Kava,0.0093596840023253,-0.06423978018237353,0.019218765115569525,5.406758946681389,0,0,0,0,5.361737931614585,0.04430284126152748,339696785.1651075,0
2024-06-28,kava,Kava,0.0126737447223059,-0.1408811157306955,-0.05745599787814193,-0.35302455523381626,0,0,0,0,-0.5513616688426537,0.01707124184939964,339346778.3281933,1
2024-06-29,kava,Kava,0.009332959802169,-3.2385923649060455,-3.4062044507459865,-6.207629969975326,0,0,0,0,-12.852426785627358,0.01794572930692024,320301106.1369463,0
2024-06-30,kava,Kava,0.0094216217307917,-2.178597579265107,-2.1107559875690463,-1.935020103476226,0,0,0,0,-6.22437367031038,0.016641339061776828,309888558.4582113,0
2024-07-01,kava,Kava,0.0090138668431906,3.243064641769444,3.1033227709775124,1.5305042748006148,0,0,0,0,7.876891687547571,0.023589279237528203,324277647.07202244,0
2024-07-03,kava,Kava,0.0125712148013826,-2.119308518595686,-1.9847010166618495,9.875902829022486,0,0,0,0,5.7718932937649505,0.022645441799859105,319842632.2266052,0
2024-07-04,kava,Kava,0.0103881619745169,-5.118880035146445,-5.088498193814528,-3.586474218727098,0,0,0,0,-13.79385244768807,0.02685052237050744,295262975.1162187,0
2024-07-06,kava,Kava,0.0350674370821195,-11.84614463432604,-11.850978634609554,-9.44731133742559,0,0,0,0,-33.14443460636118,0.046793662038369856,241013088.50074556,0
2024-07-07,kava,Kava,0.0123470594746561,8.34006935535212,8.416019874140135,3.6123654892955326,0,0,0,0,20.36845471878779,0.06357329819458998,273536574.70601165,0
2024-07-08,kava,Kava,0.0135572056423379,-5.803317472940717,-6.082462780209408,-2.1225621712129494,0,0,0,0,-14.008342424363075,0.06522753263406682,247961974.13884994,0
2024-07-09,kava,Kava,0.020377295423602,1.8405683846156151,2.019087675687059,-5.989600833466902,0,0,0,0,-2.129944773164228,0.06700638871745608,253138965.4509478,0
2024-07-10,kava,Kava,0.0242667328067913,1.2969736607315818,1.5231812599995287,0.8587068188955493,0,0,0,0,3.67886173962666,0.06501804215148858,259503164.2278594,0
2024-07-11,kava,Kava,0.0209895486782503,1.9620751855937257,2.092530754599631,10.790058617499998,0,0,0,0,14.844664557693354,0.06661542917455347,272222625.6620772,0
2024-07-12,kava,Kava,0.0187589008814474,-2.4504571292684574,-2.789991601103936,-1.491090803346251,0,0,0,0,-6.731539533718644,0.06482717383923656,260245706.51769343,0
2024-07-13,kava,Kava,0.0223313448050554,1.3681624265829084,1.439883085255289,0.48374001812230283,0,0,0,0,3.2917855299605003,0.043568887004606656,266185028.46001807,1
2024-07-14,kava,Kava,0.0234234137736069,2.783570338605479,2.8120922761291967,4.834669187724772,0,0,0,0,10.430331802459447,0.031112905291459728,279607169.07746446,1
2024-07-15,kava,Kava,0.0235017264704811,1.6991726565528387,1.9427610402188433,0.1433602837741743,0,0,0,0,3.7852939805458563,0.016886900299396445,287606941.77632236,1
2024-07-16,kava,Kava,0.0179504179146154,4.142225124349719,3.7909669398372037,2.4428720806567217,0,0,0,0,10.376064144843644,0.02022119219506589,304421465.73231757,1
2024-07-17,kava,Kava,0.0204628468914172,1.0251830629625314,1.0706630994504307,-5.277801534229331,0,0,0,0,-3.181955371816369,0.02030225991502438,306484999.86536384,1
2024-07-18,kava,Kava,0.0166580660160224,-1.6807464038133157,-1.5848094750629094,-1.1579212985799447,0,0,0,0,-4.42347717745617,0.023370193673173213,298927700.9535948,0
2024-07-20,kava,Kava,0.0186844315891445,2.8172623996112423,2.803282955690767,-1.0397895668832091,0,0,0,0,4.5807557884188,0.018426668914002145,310532353.2735486,1
2024-07-21,kava,Kava,0.0138146182982883,-0.2690703817472495,-0.31607599909184714,8.46117749562989,0,0,0,0,7.876031114790793,0.019948233417090625,312906255.6690812,1
2024-07-22,kava,Kava,0.0151991961632346,1.4246024183140804,1.444776989126395,0.26758045039638745,0,0,0,0,3.136959857836863,0.019138555198625118,319432132.8845782,1
2024-07-23,kava,Kava,0.0159949361666951,-4.359684043873068,-4.375915038481814,-1.8982917132342347,0,0,0,0,-10.633890795589117,0.028491807511238657,298972311.0003612,1
2024-07-24,kava,Kava,0.0303497211128117,-0.4111701805150969,-0.3618521682924092,0.725784008427155,0,0,0,0,-0.04723834038035113,0.02337691631587424,298146795.36867297,0
2024-07-25,kava,Kava,0.0128473452723485,-2.6791327652485375,-2.8214951414953116,-10.415204660408827,0,0,0,0,-15.915832567152677,0.0242956806492156,280555369.07024825,0
2024-07-26,kava,Kava,0.0165190597722787,-1.9486714960100016,-1.9309556581853515,7.7510761712554554,0,0,0,0,3.8714490170601024,0.02448949530528986,276101792.02219987,0
2024-07-28,kava,Kava,0.0245697595268922,9.073124855107961,9.2324733535891,4.569737329597534,0,0,0,0,22.875335538294593,0.043679905849676966,315912823.0484717,1
2024-07-29,kava,Kava,0.0107669043492675,-3.1563183459179966,-3.2213501498654318,-2.9565522831281,0,0,0,0,-9.33422077891153,0.045434898521532874,299817719.664284,0
2024-07-30,kava,Kava,0.0138334604087537,0.3578734771313208,0.3578710674786878,0.8114015058052537,0,0,0,0,1.5271460504152623,0.04493862760015413,301821971.39092493,0
2024-07-31,kava,Kava,0.0180178872974881,-2.987584965837098,-2.987584965837131,-8.375108526398945,0,0,0,0,-14.350278458073173,0.04321330257497358,284989505.35607076,0
2024-08-02,kava,Kava,0.0388897188532658,-5.236063231055232,-5.3294560981937185,-3.3772589498677563,0,0,0,0,-13.942778279116709,0.047178733713491336,261734437.75452307,0
2024-08-04,kava,Kava,0.0266519168729669,-12.514311492305774,-12.43762360468642,-0.17321191402137615,0,0,0,0,-25.12514701101357,0.06463751115846612,212228667.05005023,0
2024-08-05,kava,Kava,0.0328848913170671,-7.281086673362047,-7.305878987009084,-2.7265987778744116,0,0,0,0,-17.313564438245542,0.06718517919313301,185892797.40951988,0
2024-08-06,kava,Kava,0.0828352366980925,-9.024768933838057,-8.990452600827615,-7.569216785798094,0,0,0,0,-25.584438320463764,0.042959063545398544,154734325.3801017,0
2024-08-07,kava,Kava,0.0387204923843807,6.4089641857197455,6.408961827310566,5.94163321041592,0,0,0,0,18.75955922344623,0.06293609257796226,174997077.00783738,0
2024-08-09,kava,Kava,0.031508765404967,9.23646056643863,9.318468515717736,-2.030001808779025,0,0,0,0,16.524927273377344,0.08045544321310287,202978485.31013623,0
2024-08-10,kava,Kava,0.039148293438099,0.556683899870003,0.47095783151629433,6.403756039819641,0,0,0,0,7.431397771205939,0.08161325744493814,207313273.87458745,0
2024-08-11,kava,Kava,0.0215352293045486,2.1693136216732523,2.1416439577660817,5.85360843578544,0,0,0,0,10.164566015224775,0.0823483357539792,216770392.16239288,0
2024-08-12,kava,Kava,0.0245187811360851,-7.41689342775016,-7.477221081674124,-8.589302253030628,0,0,0,0,-23.48341676245491,0.07266164428171071,186884183.0834321,0
2024-08-13,kava,Kava,0.0380778853533574,5.555360104672991,5.697669216839785,1.7478924798872475,0,0,0,0,13.000921801400022,0.06960816192147459,206248672.8559747,1
2024-08-14,kava,Kava,0.0277224878250528,1.6852917252080823,1.652518355809729,-5.108472579721635,0,0,0,0,-1.7706624987038238,0.053668805908818146,209513791.9995018,1
2024-08-15,kava,Kava,0.0276517073148826,-2.6990641549144545,-2.70908479202131,-2.0858554329127754,0,0,0,0,-7.4940043798485405,0.053933429988528556,199292746.6205705,0
2024-08-17,kava,Kava,0.0334630940776462,-5.10789120076085,-5.157085824254171,6.017623144924689,0,0,0,0,-4.2473538800903325,0.045305546761665746,184383771.7448279,0
2024-08-19,kava,Kava,0.0203700844713696,1.5608541805991027,1.6258530652457637,0.9255664569969513,0,0,0,0,4.112273702841818,0.04594311567849965,189714902.58269134,0
2024-08-20,kava,Kava,0.0279489048514213,3.972468116640182,3.9768746919016884,0.7119963630955128,0,0,0,0,8.661339171637383,0.04820916207709958,203077701.1603587,0
2024-08-21,kava,Kava,0.0271434969108603,2.513013859453017,2.563936300264924,-4.339197355536184,0,0,0,0,0.7377528041817571,0.037331121348606645,209886530.0880352,0
2024-08-23,kava,Kava,0.0261662045790728,3.520375531015829,3.3374598890445695,1.3096466858499634,0,0,0,0,8.167482105910363,0.03388835895792738,221955927.44036308,0
2024-08-24,kava,Kava,0.0228995164586215,5.617336594170919,5.933834652992975,9.67336658901139,0,0,0,0,21.224537836175283,0.038577543390301894,247084109.1917607,1
2024-08-25,kava,Kava,0.0224579986836884,1.3554171158751238,1.0140249511693344,-0.5930490080122808,0,0,0,0,1.7763930590321775,0.0343110222034035,250651734.07798043,1
2024-08-26,kava,Kava,0.0187588532585467,-2.1956014458488604,-1.9807642136166925,-4.808985165270685,0,0,0,0,-8.985350824736237,0.02482507908260551,240836680.14473346,1
2024-08-27,kava,Kava,0.0519626341084027,-4.926636404053141,-4.950506797789933,-1.3363623843054673,0,0,0,0,-11.21350558614854,0.03721436192067422,222393941.97994646,1
2024-08-28,kava,Kava,0.0345746555037695,-8.03549281403132,-8.074014688844889,0.25501938159959714,0,0,0,0,-15.854488121276612,0.049176575134587626,193307261.2794473,0
2024-09-01,kava,Kava,0.0245217120889059,-3.5243152597213,-3.7011082151847563,-2.3996179627541303,0,0,0,0,-9.625041437660187,0.04869758026597794,179963063.8887097,0
2024-09-02,kava,Kava,0.0305916320444907,-5.157481068532976,-4.976812189733659,-0.982328371418939,0,0,0,0,-11.116621629685575,0.04572243122294107,163948322.29958525,0
2024-09-03,kava,Kava,0.0259521515543553,4.972892085647818,5.14300222897075,0.39371428434138434,0,0,0,0,10.509608598959952,0.04386393166685891,179463122.50286546,0
2024-09-04,kava,Kava,0.0273801226198246,-5.2777016829956835,-4.746725355638626,-5.978531275464427,0,0,0,0,-16.002958314098734,0.041228495294244626,162068608.72018406,0
2024-09-06,kava,Kava,0.0282427565698677,-0.8628922611417122,-1.431528941587512,3.116019367641054,0,0,0,0,0.8215981649118298,0.04220012897985567,158975303.44470116,0
2024-09-07,kava,Kava,0.0232241751104259,-2.7119091615245505,-2.899985162886265,-3.515911212372258,0,0,0,0,-9.127805536783073,0.04156676660003119,148904585.75037286,0
2024-09-08,kava,Kava,0.027940031909681,0.6430768031431056,0.651148937458812,1.2813911174485604,0,0,0,0,2.575616858050478,0.036474742413328355,151347842.6789225,0
2024-09-09,kava,Kava,0.0213591074784122,2.49726020773684,2.814481695981197,-4.38846329580419,0,0,0,0,0.9232786079138471,0.03850647213173262,157686861.7944707,0
2024-09-10,kava,Kava,0.0340351107754841,4.932345369377966,4.650237761633291,5.316922541141844,0,0,0,0,14.8995056721531,0.038546296790851524,173728367.12293866,0
2024-09-13,kava,Kava,0.0227644643333371,4.551828207935604,4.547682130742525,2.1592449497655153,0,0,0,0,11.258755288443645,0.03777512836946364,188528134.34944448,0
2024-09-14,kava,Kava,0.0377481911024981,1.0911276211180931,1.166368391745709,6.218680998305293,0,0,0,0,8.476177011169096,0.027777593596679674,195092706.5391017,1
2024-09-16,kava,Kava,0.0181708533076481,-4.73608973130224,-4.707633482694051,-4.873548495618307,0,0,0,0,-14.317271709614598,0.0358377555925065,177144145.01348755,1
2024-09-17,kava,Kava,0.039400429982051,-2.5069886723983914,-2.467671316477127,-3.108200710286657,0,0,0,0,-8.082860699162175,0.03550076603358634,168534858.4078851,1
2024-09-18,kava,Kava,0.0254636690209707,3.3315134646162647,3.2271464629907376,1.818844112675655,0,0,0,0,8.377504040282657,0.03658311010453222,178874179.26110867,1
2024-09-20,kava,Kava,0.2109133820491166,27.261998314712677,26.97173957838657,11.03826971952988,0,0,1,1,65.27200761262912,0.10526526754676507,272942768.6883217,1
2024-09-22,kava,Kava,0.0361722694362756,0.6417181158610896,0.9360481319286906,1.0130806363516376,0,0,0,0,2.590846884141418,0.10644950100849201,272988248.15053475,1
2024-09-24,kava,Kava,0.0328981976770995,-3.677273915605961,-3.7868383710517484,-2.000158129429175,0,0,0,0,-9.464270416086883,0.11050612332310811,256668905.59608844,1
2024-09-25,kava,Kava,0.0397691979405078,1.850805627490626,1.7899841273921524,3.230397810508734,0,0,0,0,6.871187565391512,0.11031791055115857,265219710.15843168,1
2024-09-26,kava,Kava,0.0512967959153756,-1.3359463661740123,-1.4795551263699136,-0.6180572523061034,0,0,0,0,-3.4335587448500293,0.10695574133736757,259332529.18544737,1
2024-09-27,kava,Kava,0.0557998409274295,1.98089929901486,2.201364317224863,-1.9874737454130043,0,0,0,0,2.194789870826719,0.10395124055468095,267170761.1984425,1
2024-09-28,kava,Kava,0.0441066694198086,2.8558110241377443,2.8418465328970743,1.762282571211471,0,0,0,0,7.45994012824629,0.10404011421627535,279033692.9390923,1
2024-09-29,kava,Kava,0.0305119779228387,0.7601505172649903,0.7482072856664024,2.335613941084902,0,0,0,0,3.8439717440162946,0.022527760842436104,282819209.5465667,1
2024-10-01,kava,Kava,0.0435943959695695,-9.857716179838437,-9.864407249087959,-3.2384339922790994,0,0,0,0,-22.960557421205497,0.04485020613661191,240779493.92795715,0
2024-10-02,kava,Kava,0.085622331480128,-7.364123748417139,-7.266385770195272,-6.738237414311953,0,0,0,0,-21.368746932924363,0.050272429648713965,211522281.02100787,0
2024-10-04,kava,Kava,0.0430017983720698,-7.1894346977600225,-7.266278875401766,-1.2513243956100317,0,0,0,0,-15.70703796877182,0.05156383915897778,184960966.48778132,0
2024-10-05,kava,Kava,0.0273170151360654,7.918776485160661,7.929820528300513,2.366151757162438,0,0,0,0,18.214748770623615,0.06601742868842883,211074685.8921568,0
2024-10-06,kava,Kava,0.0338036653071107,-1.3299765603457026,-1.3997977057319977,0.42137746391675,0,0,0,0,-2.3083968021609502,0.06422227768454504,206532633.25303367,0
2024-10-07,kava,Kava,0.0128208268310333,3.9426652535027973,4.03360709839844,-4.097532036152318,0,0,0,0,3.878740315748919,0.06571425579180826,218159828.00204602,0
2024-10-08,kava,Kava,0.0578024233474307,-2.2488601534582986,-2.265150732291199,0.6341592196891455,0,0,0,0,-3.879851666060352,0.06467981402202432,211298731.09129873,0
2024-10-09,kava,Kava,0.095890507315695,-1.6934282679764823,-1.6631996392301396,0.40096600144579053,0,0,1,0,-2.9556619057608313,0.05549807864829885,206445535.45141795,0
2024-10-10,kava,Kava,0.0808195449265662,-0.548418856164401,-0.5789901673480591,-0.444792727317489,0,0,0,0,-1.572201750829949,0.04826071206185934,203976681.51998225,0
2024-10-11,kava,Kava,0.0655252893744606,-1.469090761994729,-1.55379761116603,-1.5556569496610995,0,0,0,0,-4.578545322821858,0.03817040647429953,197754129.0457317,0
2024-10-12,kava,Kava,0.1138400730056396,6.447012782803085,6.439415695846162,1.1464160588447792,0,0,1,0,14.032844537494027,0.03363745713606678,220800652.5640553,0
2024-10-13,kava,Kava,0.0715740857962469,1.0640122993917478,1.1180113394540614,1.85901659480594,0,0,0,0,4.041040233651749,0.03273961194365356,224643193.0230321,0
2024-10-14,kava,Kava,0.0329178409043208,-2.0134966022191336,-2.0540281244207814,2.569028993056466,0,0,0,0,-1.4984957335834492,0.030850121330704364,217477298.36145893,0
2024-10-15,kava,Kava,0.0313982673236302,5.555121588011258,5.607905928711032,-1.838602365085762,0,0,0,0,9.324425151636529,0.03541097410707775,236438969.1045743,1
2024-10-16,kava,Kava,0.1370593213643108,5.394126557697443,5.435070433350053,2.8603423750267476,0,0,1,0,13.689539366074243,0.03638265161438986,260304674.50154987,1
2024-10-18,kava,Kava,0.0306395309931999,-4.949893168178465,-4.957248379246937,3.5832547250016944,0,0,0,0,-6.323886822423708,0.04453475785805902,239892939.8551797,1
2024-10-19,kava,Kava,0.0263796500679137,1.5957901083877513,1.5957898269212345,-2.3338445243067607,0,0,0,0,0.8577354110022251,0.04267433460307386,244725198.08323243,1
2024-10-20,kava,Kava,0.0260383669100409,0.7476042094647362,0.7268391035706312,0.7969053667543857,0,0,0,0,2.271348679789753,0.03762546666952904,247812306.46273676,1
2024-10-21,kava,Kava,0.0712040906785096,4.017035661430013,4.004229617016231,1.5347296077654393,0,0,0,0,9.555994886211682,0.03925586609301314,264816878.0065774,1
2024-10-23,kava,Kava,0.029218682908799,-5.065739811725855,-5.092171058226825,-4.0172799301549595,0,0,0,0,-14.17519080010764,0.045048257632069016,241855417.5780917,1
2024-10-24,kava,Kava,0.0510718161641138,-4.2454852206664455,-4.218771840012359,-1.4281057396967944,0,0,0,0,-9.892362800375599,0.04389920115614842,225829484.27337506,0
2024-10-25,kava,Kava,0.0423346792349969,0.6052776031877372,0.5411240915385029,0.9016778661653735,0,0,0,0,2.0480795608916136,0.03655872298306646,227970585.9045374,0
2024-10-30,kava,Kava,0.0495318110076428,-0.84615309785665,-0.7847494499097607,2.1587629220968685,0,0,0,0,0.5278603743304577,0.03228905457351692,226178772.0397251,0
2024-10-31,kava,Kava,0.0463012000570569,0.7283276634968638,0.8301347900509182,0.42560740557657795,0,0,0,0,1.98406985912436,0.031527859375129606,229282681.3270903,0
2024-11-01,kava,Kava,0.0341645003014217,-6.733579667112366,-6.783751686363559,-2.852922723878415,0,0,0,0,-16.37025407735434,0.0382428148810701,203170270.16210368,0
2024-11-02,kava,Kava,0.0364836262297306,-1.4448907963220736,-1.472389799251217,-3.706152406543506,0,0,0,0,-6.623433002116796,0.029277652230737767,196687532.2403653,0
2024-11-03,kava,Kava,0.0182327907945708,-1.3041065305488209,-1.3762545850629748,-0.7560325796114098,0,0,0,0,-3.4363936952232055,0.026994326046053046,191438905.55965456,0
2024-11-04,kava,Kava,0.0330709318012477,-3.922644339078929,-3.663202403105259,-1.8801956076693993,0,0,0,0,-9.466042349853588,0.02654902381018618,178934006.9858214,0
2024-11-05,kava,Kava,0.0312396676414098,-3.6932356905273855,-3.8568369378161216,-0.16906815268212805,0,0,0,0,-7.719140781025635,0.024852951350350247,166618167.16198638,0
2024-11-06,kava,Kava,0.0277666316413624,5.734002168739116,5.722255356296402,2.4173513991907036,0,0,0,0,13.873608924226222,0.03987581558591202,184920375.08895323,0
2024-11-07,kava,Kava,0.0404124695117448,10.15029423812659,10.154654395249896,5.535566131043712,0,0,0,0,25.8405147644202,0.05970110033290174,220084224.80598786,0
2024-11-08,kava,Kava,0.0363478588250855,-0.24205256066905934,-0.30334587451248396,-0.7875265321849789,0,0,0,0,-1.3329249673665222,0.05240908293463334,218590296.0658594,1
2024-11-10,kava,Kava,0.0607893998284304,4.427974583568384,4.605372156737464,2.522176964561207,0,0,0,0,11.555523704867054,0.052999925919028745,236469352.9625676,1
2024-11-12,kava,Kava,0.0557037851869326,12.345403820777223,12.415842910715803,5.856007383227646,0,0,0,0,30.617254114720673,0.06443962235013823,284855544.0499122,1
2024-11-13,kava,Kava,0.1508562051990202,2.491783389327362,2.1473035627949777,2.2645485866010784,0,0,1,1,6.903635538723418,0.05607161661154195,297220719.2247262,1
2024-11-14,kava,Kava,0.1522639256456795,-5.743053022685308,-5.4818478378630076,-3.3378960603189123,0,0,1,1,-14.562796920867227,0.06132766443840851,272258035.18188035,1
2024-11-15,kava,Kava,0.1155485186169346,-2.160345029724231,-2.71796041704665,0.5234881579305739,0,0,1,0,-4.354817288840307,0.06510649006122687,260655345.387121,1
2024-11-16,kava,Kava,0.0414636769178441,5.136433651274408,5.544665820140482,1.9734719029157688,0,0,0,0,12.654571374330658,0.05839013592189342,281495346.112414,1
2024-11-18,kava,Kava,0.1897737424344059,11.909034141193153,11.862734407970898,6.550610215553365,0,0,1,1,30.322378764717417,0.06693295015966418,337485502.12019384,1
2024-11-19,kava,Kava,0.1293846727823965,6.430519657837608,6.347616282540636,2.6681586909065302,0,0,1,0,15.446294631284772,0.06754252597498497,366578186.41529846,1
2024-11-20,kava,Kava,0.1105669158644878,-2.7589363097009545,-2.574914989266597,-0.1261922833875162,0,0,1,0,-5.460043582355068,0.06158529215949851,353283842.44901586,1
2024-11-21,kava,Kava,0.0554217684647423,-4.529260363021592,-4.540326724687294,-1.812651586546643,0,0,0,0,-10.882238674255529,0.06652453854701658,329091685.8235527,1
2024-11-22,kava,Kava,0.0730672495899146,5.2009819251899625,5.196625387571885,3.623193528802382,0,0,1,0,14.02080084156423,0.06008104829422705,355112639.6530757,1
2024-11-23,kava,Kava,0.0553963876456878,3.0511280451882117,2.86062150425086,0.003586450144732467,0,0,0,0,5.915335999583804,0.05608257765814107,368353044.77379763,1
2024-11-24,kava,Kava,0.0666078311679715,6.413998403296595,6.571433723557574,4.109882402246989,0,0,1,0,17.09531452910116,0.05690892908265149,403275792.407493,1
2024-11-25,kava,Kava,0.0845830796865274,3.952353163744471,4.253403664174238,1.5435475121807318,0,0,1,0,9.74930434009944,0.04425945102975737,427094491.0490513,1
2024-11-26,kava,Kava,0.0683860690900852,-3.0510183371370125,-3.261336717694241,-2.51218584575319,0,0,1,0,-8.824540900584443,0.044863205701678344,407291165.39658546,1
2024-11-27,kava,Kava,0.0986004348143099,3.8190185549340505,3.723389716734249,-1.0501869658661733,0,0,1,0,6.492221305802126,0.04203056531911234,427510955.9038656,1
2024-11-28,kava,Kava,0.0508920415164638,4.715134949148769,4.6960765061899945,5.4506033768304984,0,0,0,0,14.861814832169262,0.030621976757109554,454661357.7677046,1
2024-11-29,kava,Kava,0.0526064648381047,-0.7799831866890483,-0.778817577310631,-0.9841104132623957,0,0,0,0,-2.542911177262075,0.03314014589236552,449687407.3598465,1
2024-11-30,kava,Kava,0.0471918812211598,9.154850577319728,9.512480938148293,5.2707725594789645,0,0,0,0,23.938104074946985,0.0415280856504539,506781881.2089348,1
2024-12-02,kava,Kava,0.0420924011339196,1.1662323660160734,0.9446959070713357,3.5954994724398004,0,0,0,0,5.706427745527209,0.04001719544946783,514571169.49963,1
2024-12-03,kava,Kava,0.0728989763058539,2.992692884429804,2.966055351342778,0.7068467394692135,0,0,1,0,6.665594975241795,0.03968401697196315,534926566.82452595,1
2024-12-04,kava,Kava,0.1422167387471675,10.512017104592264,10.52848547537728,6.27759043826881,0,1,1,0,27.318093018238354,0.040740089330989104,610284531.0961505,1
2024-12-05,kava,Kava,0.1166222064115052,1.430051115130615,1.3586467165785487,-0.9254767464495606,0,1,1,0,1.8632210852596032,0.04238423718156902,618421078.3519577,1
2024-12-06,kava,Kava,0.1172829793796103,1.543088965787054,1.6190809195353761,0.019315805140585063,0,1,1,0,3.181485690463015,0.04338824626572009,630319116.8397081,1
2024-12-07,kava,Kava,0.0911646584166363,0.04108221596903494,-0.029317595537725616,1.5329484012351235,0,1,1,0,1.5447130216664329,0.042060593883711354,629921230.8686614,1
2024-12-09,kava,Kava,0.0416881289853805,0.09501726819514111,-0.07505223042955089,2.200788525240882,0,1,0,0,2.2207535630064723,0.03653618613975006,628602878.1301922,1
2024-12-11,kava,Kava,0.0843390486254968,-24.734289638379526,-24.588576688702403,-11.683754963383707,0,0,1,0,-61.00662129046563,0.11001974784774692,440385521.9221946,0
2024-12-12,kava,Kava,0.0571062245267085,7.863408352272927,7.997396984752592,5.003313551915012,0,0,1,0,20.86411888894053,0.11453158837877624,487052651.7478708,0
2024-12-13,kava,Kava,0.058891825753113,1.705738682007385,1.422266063068478,0.8393270709881939,0,0,1,0,3.967331816064057,0.10489686700718188,496207357.85345864,0
2024-12-14,kava,Kava,0.0433502013481399,-1.3182557984282584,-1.1765844546200999,-4.031059549510818,0,0,0,0,-6.525899802559176,0.10403110304365094,485984441.3237611,0
2024-12-16,kava,Kava,0.0500477219443223,-2.326371269603822,-2.1990929602393128,-3.297980739992157,0,0,0,0,-7.8234449698352915,0.10278401302785115,470995412.98459995,0
2024-12-17,kava,Kava,0.0552221102174721,-1.1616678648639245,-1.3385883076736271,7.043144431412807,0,0,1,0,4.542888258875255,0.10235536563588625,467260122.7410575,0
2024-12-18,kava,Kava,0.0406537638821938,-6.617222701195258,-6.510454210209826,-6.191592036822446,0,0,0,0,-19.31926894822753,0.10229213828055281,425043246.45864975,0
2024-12-19,kava,Kava,0.0585602812134531,-11.83273216906402,-11.957608184443991,-4.1354231494185605,0,0,0,0,-27.92576350292657,0.06195170143376886,358029667.4243715,0
2024-12-20,kava,Kava,0.0617482687741326,-8.73383366324003,-8.540526778722757,-4.502360292372276,0,0,0,0,-21.776720734335065,0.048385541189644686,314630682.97715986,0
2024-12-21,kava,Kava,0.0581679296334474,3.5213950625113677,3.4623095723927744,-1.160509471656146,0,0,0,0,5.823195163247997,0.05247215862988103,329141015.1934464,0
2024-12-23,kava,Kava,0.0296242006555223,-2.8951444177203522,-2.5727800010146296,-0.3589342499840775,0,0,0,0,-5.826858668719059,0.05142344013109272,316514701.98186195,0
2024-12-24,kava,Kava,0.0417226118115982,6.461350271600641,6.138319802766379,0.8174594586414896,0,0,0,0,13.41712953300851,0.0657526944797502,344405740.16297805,0
2024-12-26,kava,Kava,0.023588270378595,5.109673604011999,5.047646858291865,3.865724751664801,0,0,0,0,14.023045213968665,0.07264478042031339,369578822.3059323,0
2024-12-29,kava,Kava,0.0225016075167171,1.350770743812979,1.365804432183726,-2.2399642177676204,0,0,0,0,0.4766109582290845,0.07067776507550148,375070004.1056541,0
2024-12-30,kava,Kava,0.0216924639500873,-2.927100173010233,-2.9595437373366007,-2.4218097798262894,0,0,0,0,-8.308453690173124,0.0539758436983357,358992801.3184607,0
2024-12-31,kava,Kava,0.0327166653127167,-2.196727224873618,-2.1305289059758703,-1.1765796521943872,0,0,0,0,-5.5038357830438756,0.03952210287034162,348374647.0701735,0
2025-01-01,kava,Kava,0.0293452521488118,-2.852166531425082,-2.8782257255869026,-1.6549056595031808,0,0,0,0,-7.3852979165151655,0.04061852876202058,333783618.50512147,0
2025-01-02,kava,Kava,0.019463019868631,3.758917903182857,3.718983528081865,3.423982374660639,0,0,0,0,10.901883805925362,0.03968955520138294,352349981.3997364,1
2025-01-03,kava,Kava,0.0261038984153751,2.604144572387268,2.6329462763708955,5.700120555219268,0,0,0,0,10.93721140397743,0.03342051439276651,368062117.83250165,1
2025-01-04,kava,Kava,0.044809021179411,10.176787856968271,10.168948380681053,7.559610225044255,0,0,0,0,27.90534646269358,0.047220788540774015,422658742.2452278,1
2025-01-05,kava,Kava,0.0981477758389379,5.921621393464194,5.928520759388722,3.420439181961865,0,0,1,0,15.270581334814782,0.05018240771036618,458544762.18853664,1
2025-01-07,kava,Kava,0.0400714461567402,-0.2888485702745913,-0.3498747457994944,1.7241998901456945,0,0,0,0,1.0854765740716088,0.04667238102646936,455615602.49677384,1
2025-01-09,kava,Kava,0.0301166873971498,-8.634850073323442,-8.462963072042085,-5.676637627965853,0,0,0,0,-22.77445077333138,0.061374645406521544,403494707.2186525,1
2025-01-10,kava,Kava,0.0453641621894458,0.10727469436446757,-0.3034390580168522,-1.9261973622824113,0,0,0,0,-2.122361725934796,0.05882191075363355,401259194.89510393,1
2025-01-11,kava,Kava,0.0290233283397372,-0.6681148384574898,-0.39639610501549516,-3.7835100072664662,0,0,0,0,-4.848020950739452,0.05893178341788962,396530494.528386,1
2025-01-13,kava,Kava,0.014922896912286,-3.802993514554509,-3.8466332661622804,-0.9844426206131573,0,0,0,0,-8.634069401329945,0.06151810123967072,375627098.9184563,1
2025-01-15,kava,Kava,0.0170681274362216,-1.7003282887201432,-1.6548375573457452,0.9774121542432956,0,0,0,0,-2.3777536918225928,0.04392779031747034,367977532.9867871,0
2025-01-16,kava,Kava,0.0212089636388706,5.465656123241636,5.461153514181505,9.953959619178555,0,0,0,0,20.880769256601695,0.042695829334761945,400331453.59692335,0
2025-01-18,kava,Kava,0.0195948086532722,3.5746867340756827,3.7166589627875,1.753290912747385,0,0,0,0,9.044636609610567,0.04662792739083074,420549248.5861925,0
2025-01-19,kava,Kava,0.0365118769672132,-5.440500534871573,-5.62593998694002,-5.022396705526589,0,0,0,0,-16.088837227338182,0.038556243852820166,387813679.60313594,0
2025-01-20,kava,Kava,0.0372528529334964,-9.480187148472242,-9.042909373280771,0.31093512657320854,0,0,0,0,-18.212161395179805,0.05150658240535012,342224596.99447894,0
2025-01-21,kava,Kava,0.0606402052192328,-0.035118454970373136,-0.4635884452570349,-0.9049771111569904,0,0,0,0,-1.4036840113843985,0.051777236859974686,340194832.7174083,0
2025-01-22,kava,Kava,0.0728671024455466,7.880261158263435,7.932005772700501,3.2780599108993336,0,0,1,0,19.09032684186327,0.06152311896605955,378871722.72580445,1
2025-01-23,kava,Kava,0.0467741943338492,1.0286249420522031,1.0460299365854686,-3.578629719217774,0,0,0,0,-1.5039748405801023,0.061101351889279634,381140718.2528386,1
2025-01-24,kava,Kava,0.0600191737427158,-3.963085689152346,-3.975490279310745,-3.133027084557294,0,0,0,0,-11.071603053020384,0.05848063159265421,359818099.338289,0
2025-01-25,kava,Kava,0.0637062912462505,-4.369324258031804,-4.473605851185747,2.6188481866101787,0,0,0,0,-6.224081922607372,0.05595980399049654,339876152.2862793,0
2025-01-26,kava,Kava,0.0336834623227601,1.570682566371695,1.6700364270737067,2.1528929582576684,0,0,0,0,5.39361195170307,0.05515738054950976,347954753.3680388,0
2025-01-28,kava,Kava,0.0840654582055695,-3.198581930491895,-3.2446071382366104,-2.9057541785670105,0,0,1,0,-9.348943247295516,0.04291157147466343,332470133.6591228,0
2025-01-29,kava,Kava,0.0596697301484038,-4.528296421844502,-4.517151750450199,-2.8651661614049084,0,0,0,0,-11.910614333699609,0.04595458922512202,309777721.601961,0
2025-02-02,kava,Kava,0.1110034147353552,9.051611767675617,9.057378044867725,-10.518708024230882,0,0,1,0,7.59028178831246,0.049701438735122075,344456893.4654602,0
2025-02-03,kava,Kava,0.1251380541167536,-4.97705848322102,-4.8546334846393036,-5.9315813855079895,0,0,1,0,-15.763273353368314,0.051512143444501446,318986238.4664614,0
2025-02-05,kava,Kava,0.1102767874628228,11.948226238429704,11.708031344234149,8.38535242658498,0,0,1,0,32.041610009248835,0.07040835733040267,375061550.1510583,0
2025-02-07,kava,Kava,0.0617387951150352,-6.004950763750417,-6.07446635997303,-3.6423802540843986,0,0,0,0,-15.721797377807846,0.07264014657079272,341409238.19406307,0
2025-02-08,kava,Kava,0.042900820317576,6.497599265773069,6.668151054642202,2.9872949734508047,0,0,0,0,16.153045293866075,0.07609680624577811,373624071.4194704,0
2025-02-11,kava,Kava,0.0401542066147373,-4.201821789899918,-4.201951332543452,-2.7184076671898816,0,0,0,0,-11.122180789633251,0.0771625103752976,351155021.52038026,0
2025-02-12,kava,Kava,0.041040355304326,2.354774003731497,2.3731085753086356,3.2202601905941153,0,0,0,0,7.948142769634248,0.07305295499460114,364125934.4136642,0
2025-02-13,kava,Kava,0.0866592616646793,5.340488315655434,5.265979316596492,3.593642526499674,0,0,1,0,14.200110158751599,0.06835920984355505,393173295.9629898,1
2025-02-14,kava,Kava,0.041747687713171,-4.260563586378208,-4.174717197546474,-1.41547840723385,0,0,0,0,-9.85075919115853,0.06726115227055919,369493491.20544934,1
2025-02-15,kava,Kava,0.0254224910347452,1.066122004040393,0.9814849821134564,-1.3982683662818518,0,0,0,0,0.6493386198719975,0.04986628806513395,373150297.4232569,1
2025-02-16,kava,Kava,0.0190309861135866,-1.534743065220201,-1.4575005170384459,-0.6120159869704378,0,0,0,0,-3.6042595692290846,0.04313332630903946,365374550.00336254,1
2025-02-17,kava,Kava,0.0227152622649883,-3.294379812397863,-3.3442571001795485,-1.6557020592563698,0,0,0,0,-8.294338971833781,0.03680732664645731,348192417.6634532,0
2025-02-18,kava,Kava,0.0208940718991967,-0.3999134168871654,-0.38592373296462146,-0.9576072148394732,0,0,0,0,-1.74344436469126,0.033328502012133436,345831533.67663264,0
2025-02-19,kava,Kava,0.0222570289151814,-0.19277898661390624,-1.1111613444726665,-1.0021781418558584,0,0,0,0,-2.306118472942431,0.03153895775745472,340114050.7641169,0
2025-02-20,kava,Kava,0.0165665066912935,-0.6859549957624056,0.2618302635042369,4.6809516079095115,0,0,0,0,4.256826875651343,0.01862052154210601,343454961.5444528,0
2025-02-21,kava,Kava,0.0232995940467346,1.1389925651083876,1.117230384150969,-0.4932059786185605,0,0,0,0,1.763016970640796,0.01534823886898198,348640121.695169,0
2025-02-22,kava,Kava,0.0348794941291299,-7.822812313319593,-7.825169805585308,-4.602549946569412,0,0,0,0,-20.25053206547431,0.029719447056953407,309443365.67991257,0
2025-02-23,kava,Kava,0.0179794907393313,3.328719963012783,3.420373496785989,1.6817420485078838,0,0,0,0,8.430835508306656,0.03561725384186273,324786638.2126163,0
2025-02-26,kava,Kava,0.0619573794256964,-6.845284156630127,-6.910417955960968,-3.1842857605938746,0,0,0,0,-16.93998787318497,0.04128671984469125,293042996.77739096,0
2025-02-27,kava,Kava,0.0380036347698536,1.4420813800673837,1.415728241073344,-2.104486402210337,0,0,0,0,0.7533232189303907,0.042769106614725445,297417224.77827966,0
2025-02-28,kava,Kava,0.0288879328773286,5.063008363292276,5.068213428170187,1.3125817903651082,0,0,0,0,11.443803581827572,0.04930753541261499,319469395.0385934,0
2025-03-01,kava,Kava,0.0761438558022138,0.49435546093159477,0.4974406146927679,-0.09331720655170184,0,0,1,0,0.8984788690726608,0.0494850671923964,322925701.1005286,0
2025-03-02,kava,Kava,0.024163281291483,-3.0446859491484735,-3.126600570736271,-0.36025250449986945,0,0,0,0,-6.531539024384614,0.04976150940378553,307250671.61937547,0
2025-03-03,kava,Kava,0.0359465766281998,7.578977265200892,7.563667811633801,8.47703688051007,0,0,0,0,23.61968195734476,0.0488919199366413,344630172.8248296,1
2025-03-04,kava,Kava,0.040085283340481,-10.98556802445827,-10.772054943605102,-9.162925605231809,0,0,0,0,-30.920548573295182,0.06538920135845766,289368157.20436096,0
2025-03-05,kava,Kava,0.0642408818227364,2.8749345258190617,2.731415739088483,1.2142562826779058,0,0,0,0,6.8206065475854505,0.06081982327904217,302021611.13364494,0
2025-03-07,kava,Kava,0.0374169443277969,5.205602856829339,5.165732464797168,0.9185921782291606,0,0,0,0,11.289927499855668,0.06341102425823093,324055549.0514051,1
2025-03-09,kava,Kava,0.0128564674679949,-4.42188314770492,-4.416091988055692,-2.9950941261636888,0,0,0,0,-11.833069261924301,0.06348229744916398,301970530.5144813,0
2025-03-12,kava,Kava,0.0415534576833055,3.450718777725781,3.3674588847959708,2.0787305045344873,0,0,0,0,8.896908167056239,0.0650840359220972,318270092.3525045,1
2025-03-13,kava,Kava,0.0270662426378504,0.7045256533865452,0.8298268193398961,-0.2761545178223912,0,0,0,0,1.25819795490405,0.06359626677859982,321474381.73226213,1
2025-03-14,kava,Kava,0.0261018361884939,-0.6235545625037586,-0.6017087121514941,-0.6912462025424282,0,0,0,0,-1.916509477197681,0.055727651252934544,318407973.60208106,0
2025-03-15,kava,Kava,0.0537931465684884,8.354535243559823,8.280453890450246,5.553051630230654,0,0,0,0,22.188040764240725,0.041430067263591164,358961004.6387937,1
2025-03-16,kava,Kava,0.0163681011928587,-0.7715660521104284,-0.7315690241704642,-0.27241018230553804,0,0,0,0,-1.7755452585864306,0.04274207013481826,354193502.8746793,1
2025-03-17,kava,Kava,0.0441344502599495,2.9412396164418375,2.7912350565735045,0.8745918602801606,0,0,0,0,6.6070665332955025,0.04044151576000515,368901818.1946025,1
2025-03-19,kava,Kava,0.0218480360056543,2.239104294727867,2.333890629631208,-2.3641580217380054,0,0,0,0,2.2088369026210697,0.031336411895283356,378660923.2470256,1
2025-03-20,kava,Kava,0.0384828883875847,2.8857456415971594,2.6601281625792783,6.491105586840806,0,0,0,0,12.036979391017244,0.031070635976459843,395793228.15610564,1
2025-03-21,kava,Kava,0.0462000299991982,7.558551706742089,7.987665558201917,1.1625724552398076,0,0,0,0,16.708789720183816,0.03583371474380855,438310874.67763305,1
2025-03-22,kava,Kava,0.0544904492792591,-0.7698233589865988,-0.9986462940878904,-0.7019625243035121,0,0,0,0,-2.4704321773780014,0.03609890817345784,432594086.50097823,1
2025-03-23,kava,Kava,0.0250363511302835,-2.307858246191008,-2.176059707996425,-0.7467438229812107,0,0,0,0,-5.230661777168644,0.03312333161622169,419111768.6670474,1
2025-03-24,kava,Kava,0.0345531266525488,-2.506377401932125,-2.880235294998157,-0.37344650760180453,0,0,0,0,-5.760059204532086,0.035805627316689535,403520184.3731754,1
2025-03-25,kava,Kava,0.0424854943004126,-3.5788960333213327,-3.0765759774371126,0.052261489439553444,0,0,0,0,-6.603210521318892,0.03952036937136568,387491573.1926967,1
2025-03-26,kava,Kava,0.0222287441912642,-2.233718580361743,-2.381535494910836,-1.9261462510301697,0,0,0,0,-6.541400326302749,0.0398598415969849,373678964.1876484,0
2025-03-27,kava,Kava,0.0228665815926361,-2.8496886578738168,-2.8528675396124914,-2.137287239164276,0,0,0,0,-7.839843436650584,0.038484119216568885,358345421.90653384,0
2025-03-28,kava,Kava,0.0243663104088211,-0.0673936211605386,-0.07573787810385424,-3.6935573211181127,0,0,0,0,-3.8366888203825056,0.012148347883991379,356219774.5431982,0
2025-03-30,kava,Kava,0.0169239844542342,-9.631051569513172,-9.685658780864326,-17.213349228593668,0,0,0,0,-36.53005957897116,0.02987832441790865,300852283.3931049,0
2025-04-02,kava,Kava,0.1046768116082987,-8.964639611815706,-8.867030467285087,-1.182892308791883,0,0,1,0,-19.014562387892674,0.036100241600137584,263555713.46490714,0
2025-04-03,kava,Kava,0.1454525009170074,1.5363810596192407,1.4573908306430905,-1.0311119120274381,0,0,1,1,1.962659978234893,0.04211002166905796,270001722.4901438,0
2025-04-04,kava,Kava,0.0520230138945538,3.72104549481167,3.8708644423929517,-1.7409665918009964,0,0,0,0,5.850943345403625,0.05059780175961973,282832142.3769511,0
2025-04-05,kava,Kava,0.0441380771377058,-2.327185410919097,-2.4260700220966713,0.5326710057342421,0,0,0,0,-4.220584427281526,0.05058648548946503,272590314.63281596,0
2025-04-08,kava,Kava,0.0776088838514193,6.366455826736295,6.031825059623119,9.430666499802442,0,0,1,0,21.828947386161857,0.06093000243576773,301847389.31721437,0
2025-04-09,kava,Kava,0.0413300801920218,-3.8892886635419677,-3.71678771341013,-4.446466778111214,0,0,0,0,-12.052543155063312,0.061312780640893356,282848166.090847,0
2025-04-11,kava,Kava,0.0400212347635124,1.1564210696539456,1.2528847734244897,2.7885525292575597,0,0,0,0,5.197858372335995,0.051341897219710435,289178620.16848993,0
2025-04-12,kava,Kava,0.0369023461283631,3.2845220643821005,3.300519243294575,2.2365105927540263,0,0,0,0,8.821551900430702,0.035484842125703187,304052238.458478,1
2025-04-13,kava,Kava,0.0207518845963922,1.1720864970832912,1.2161146319318972,-0.7652880167666853,0,0,0,0,1.622913112248503,0.03548940217040953,308658137.7527106,1
2025-04-14,kava,Kava,0.0283289360150915,-2.3389737654972875,-2.3822405967459437,-1.317843150015674,0,0,0,0,-6.039057512258905,0.03614075170056348,297720955.1487318,1
2025-04-15,kava,Kava,0.020332818312983,-0.05049453746673871,-0.05213294997163942,1.2894903461311058,0,0,0,0,1.1868628586927277,0.03415363344923842,297809724.7858912,1
2025-04-16,kava,Kava,0.0256414269422728,1.1636667904839193,1.1723163604912212,0.9658357439098264,0,0,0,0,3.301818894884967,0.024296020178663544,303429009.37474644,1
2025-04-17,kava,Kava,0.0384119533449693,-0.1566719153265672,-0.1052115442869872,0.11692696031135874,0,0,0,0,-0.14495649930219567,0.017221302347997357,303347578.69837844,1
2025-04-18,kava,Kava,0.0320021243914431,2.0845992548210956,1.9987466554487021,1.0624084049380755,0,0,0,0,5.145754315207873,0.018054384954394057,312389885.85274196,1
2025-04-20,kava,Kava,0.0173478400819294,-3.3228427874143596,-3.277429058034731,-6.057285128795997,0,0,0,0,-12.657556974245088,0.019711608014366496,294814329.9056418,0
2025-04-21,kava,Kava,0.0231321838891262,-1.0448348769057536,-1.1045992976584373,0.6935722471829386,0,0,0,0,-1.4558619273812523,0.018890502659487596,290456345.800526,0
2025-04-22,kava,Kava,0.0296803952311806,-0.4637379941951236,-0.4649650473859235,2.2769546387324757,0,0,0,0,1.3482515971514286,0.01713519625706518,289532830.75329626,0
2025-04-25,kava,Kava,0.0313546480192411,9.86148239555713,9.912706399470771,8.922163253507364,0,0,0,0,28.696352048535267,0.042011510131348996,335418577.3722708,1
2025-04-26,kava,Kava,0.0329462995783076,3.0017842849378695,3.047606472715203,1.803397872416146,0,0,0,0,7.8527886300692185,0.04258455014842255,350530607.4146979,1
2025-04-27,kava,Kava,0.0224814688160365,-0.5567018965148773,-0.6251213045589843,-0.36237036270917455,0,0,0,0,-1.5441935637830362,0.04285780573087023,347053586.9403939,1
2025-04-29,kava,Kava,0.0508065974311144,-0.8233499918804621,-0.7280711640758608,-3.190569734947879,0,0,0,0,-4.7419908909042014,0.04345006029201893,342937655.22795355,1
2025-04-30,kava,Kava,0.0296296615260031,-4.750501995644685,-4.851887074248062,-2.6320073475390005,0,0,0,0,-12.234396417431748,0.04604754115349485,318105468.69379103,1
2025-05-01,kava,Kava,0.028752005309747,-1.0517173036389327,-1.0108969527877876,0.054011056099101395,0,0,0,0,-2.008603200327619,0.04605201012000204,313526312.63754857,1
2025-05-02,kava,Kava,0.0252795631281813,0.13983389775136246,0.09472576074212036,0.46014983156807965,0,0,0,0,0.6947094900615625,0.04584393900619818,314052513.55418265,1
2025-05-03,kava,Kava,0.0149801620480096,-0.3441429523589501,-0.34679524500763614,0.1227031874651896,0,0,0,0,-0.5682350099013966,0.022753484654978607,312275445.40974,0
2025-05-04,kava,Kava,0.0109055396415903,-2.467543609670453,-2.445326979032003,-1.5737109863355858,0,0,0,0,-6.486581575038042,0.016840424972070847,300576649.0252445,0
2025-05-06,kava,Kava,0.0374224985150008,2.190053990404617,2.2058430101455695,-0.31716954171809864,0,0,0,0,4.078727458832088,0.021663331835768008,310758293.06109416,0
2025-05-07,kava,Kava,0.055820687571566,2.10044178171902,2.070316495776403,-0.7435019463775339,0,0,0,0,3.4272563311178894,0.024700877193835506,320181374.43258226,0
2025-05-08,kava,Kava,0.0236351814752291,-1.0497701498906498,-1.0025904505848393,-0.27691047040472316,0,0,0,0,-2.3292710708802122,0.017131731108643685,314636992.50273705,0
2025-05-09,kava,Kava,0.0314587350636828,7.926625547213573,7.925853451692388,12.195370586026932,0,0,0,0,28.047849584932894,0.03392586579204446,355581735.7919164,1
2025-05-10,kava,Kava,0.0445948647496375,4.663225663052906,4.612979631130831,4.416870895334624,0,0,0,0,13.693076189518361,0.035796044830954166,380452425.8954371,1
2025-05-11,kava,Kava,0.042562956898439,2.2286382272850513,2.265861133012681,0.12498931335589436,0,0,0,0,4.619488673653627,0.03445148105974232,391986946.2159275,1
2025-05-12,kava,Kava,0.0311423772039973,-3.137766366338768,-3.0785602862527517,-1.494670590495939,0,0,0,0,-7.7109972430874585,0.03603067943579096,374895625.5984405,1
2025-05-13,kava,Kava,0.0714912481215943,-2.645181561983534,-2.718573563725879,-4.418429220598097,0,0,1,0,-9.78218434630751,0.04028383287147382,360258611.88427687,1
2025-05-14,kava,Kava,0.0430392430175698,0.13449635534870108,0.18316881763529302,0.8348053356500795,0,0,0,0,1.1524705086340736,0.04043240105263878,360709808.6856148,1
2024-06-01,kda,Kadena,0.0171936083100977,0.0,0.0,0.0,0,0,0,0,0.0,0.0,38083476.509170026,1
2024-06-02,kda,Kadena,0.0144029440907509,-0.013627775327584857,0.5512008154626269,-0.6575908413984699,0,0,0,0,-0.12001780126342787,0.0,39229067.630672604,0
2024-06-07,kda,Kadena,0.0203289538183206,1.958266898148353,2.0393642144275637,3.242203701602686,0,0,0,0,7.239834814178603,0.013943400954004686,43718780.81279957,0
2024-06-08,kda,Kadena,0.0414648007990669,-4.93979400053679,-4.951446017782368,-5.431902156583335,0,0,0,0,-15.323142174902493,0.035529031894973716,33054103.438248515,0
2024-06-09,kda,Kadena,0.0314100597395573,-4.802100332749082,-4.775415037910202,-5.4195820847755645,0,0,0,0,-14.997097455434847,0.03468786057104645,22905152.731877834,0
2024-06-10,kda,Kadena,0.0180256915259637,0.8819568428857227,0.9848148386963018,0.7983048986937247,0,0,0,0,2.6650765802757492,0.032599963536925854,24712780.89592427,0
2024-06-11,kda,Kadena,0.0301375135869703,-3.8472676264381667,-3.9698925212266922,-2.7969659488503384,0,0,0,0,-10.614126096515196,0.03084495818348936,16849885.095388174,0
2024-06-12,kda,Kadena,0.0518982370008966,-7.691117268858649,-7.529187512134705,-7.290903278922734,0,0,0,0,-22.511208059916086,0.035912157104293824,2490780.767296523,0
2024-06-13,kda,Kadena,0.0386721595561291,4.411605217876002,4.330005742962761,5.06742411391865,0,0,0,0,13.809035074757414,0.04422998349761905,10115624.521373272,0
2024-06-14,kda,Kadena,0.0267458958718136,-5.494909510726897,-5.236144774466234,-5.217667492539713,0,0,0,0,-15.948721777732844,0.04201740246336959,196177.01547524333,0
2024-06-15,kda,Kadena,0.050140038651866,-2.551953548559649,-2.82999829705477,-3.8378512575188983,0,0,0,0,-9.219803103133318,0.041206738163085954,-4580946.607873023,0
2024-06-16,kda,Kadena,0.0204807899330902,-0.5230302096575712,-0.38234179345205677,-1.3759545431391018,0,0,0,0,-2.2813265462487298,0.040788321846937974,-5543615.091038018,0
2024-06-17,kda,Kadena,0.0224977953863776,0.4207587915228572,0.3803008243528305,0.036977082426026264,0,0,0,0,0.838036698301714,0.04025706723503117,-4872105.961737424,0
2024-06-21,kda,Kadena,0.0451826309022802,-8.001902265587834,-7.756118498695641,-5.458498886403795,0,0,0,0,-21.21651965068727,0.04580172960900575,-17998696.34785816,0
2024-06-22,kda,Kadena,0.0356776637522821,-2.286737111669457,-2.3816734604441447,-2.4355914342844565,0,0,0,0,-7.1040020063980585,0.040367930901233605,-21871474.14046094,0
2024-06-23,kda,Kadena,0.0245830206718613,-1.0237049562869527,-1.127790203785639,-1.793388240502558,0,0,0,0,-3.94488340057515,0.029821036151234468,-23722517.47660148,0
2024-06-24,kda,Kadena,0.0295887708741784,-1.9516515821345948,-1.8758970666232666,-2.0036090093101033,0,0,0,0,-5.831157658067965,0.02734990893231099,-26552403.36566907,0
2024-06-25,kda,Kadena,0.0422633689801241,2.0174015925284117,2.1553237102188483,0.9565228886039501,0,0,0,0,5.12924819135121,0.0316852998874201,-23198495.189650565,0
2024-06-26,kda,Kadena,0.018453127652143,1.927793867801908,1.941379458680692,2.504563154848727,0,0,0,0,6.373736481331327,0.03434363684390015,-20433336.17417422,0
2024-06-28,kda,Kadena,0.0236711557625237,-2.935942342957043,-2.9158232797331207,-2.8494457459500744,0,0,0,0,-8.701211368640237,0.03392847256543353,-24949611.07997009,0
2024-06-29,kda,Kadena,0.0239231169059469,-1.278215131897087,-1.3859418078059016,-0.90605840270227,0,0,0,0,-3.5702153424052585,0.01989790775894774,-27052769.100192785,0
2024-06-30,kda,Kadena,0.0340227658482858,0.5355209641022762,0.7968522526923261,-0.40628615707962723,0,0,0,0,0.9260870597149751,0.019207360501380784,-25770707.945871353,0
2024-07-01,kda,Kadena,0.0240182900837966,3.57279915577815,3.25509299914446,3.00681859966907,0,0,0,0,9.83471075459168,0.023941403426368107,-20943054.009866357,1
2024-07-02,kda,Kadena,0.0352498150816614,2.297879109113321,3.4176194789346193,2.668648137585472,0,0,0,0,8.384146725633412,0.022727004179820525,-15506129.039207518,1
2024-07-03,kda,Kadena,0.0209695673728379,-2.7500464552246195,-2.9490722071722764,-2.658113671522655,0,0,0,0,-8.357232333919551,0.02568936710204588,-20398616.150144607,1
2024-07-07,kda,Kadena,0.0253781300855655,-12.51994051682197,-12.464486743754954,-11.70434426993281,0,0,0,0,-36.68877153050973,0.05298804054551689,-39872935.183822215,0
2024-07-08,kda,Kadena,0.0304070916557259,-5.905845037054935,-5.839867621144091,-5.47301090351583,0,0,0,0,-17.218723561714857,0.05513104714262772,-47838180.36601691,0
2024-07-09,kda,Kadena,0.0361913314585715,4.353293122282542,4.400228256801353,3.365549365267162,0,0,0,0,12.119070744351056,0.06068686551104301,-42113303.28614983,0
2024-07-10,kda,Kadena,0.0348177607451117,1.4089867055584904,1.4518036501539378,0.5670379915454271,0,0,0,0,3.4278283472578552,0.06125938385358716,-40168772.26370731,0
2024-07-11,kda,Kadena,0.0198106653969659,0.9938453279400461,1.2345864452569133,1.2312015775609364,0,0,0,0,3.459633350757896,0.058509801052651036,-38603234.03412497,0
2024-07-12,kda,Kadena,0.0237413655991122,0.5666108759027288,0.3656946417769147,0.47196223123349146,0,0,0,0,1.404267748913135,0.05686539453509747,-38064806.53664979,0
2024-07-13,kda,Kadena,0.0222943956089836,3.1990513340972138,3.0475611880699693,2.3542990559631827,0,0,0,0,8.600911578130365,0.05988632085030049,-33846218.42278081,0
2024-07-14,kda,Kadena,0.0188354196172244,-1.7181092037353074,-1.5778123166474312,0.6668462499570094,0,0,0,0,-2.629075270425729,0.03393876382788508,-36128173.81385231,1
2024-07-15,kda,Kadena,0.1431894682171641,12.853924921292359,13.194178178252013,8.552506099071122,0,0,0,0,34.600609198615494,0.04719586839609311,-16384801.817203581,1
2024-07-16,kda,Kadena,0.0392263965241452,6.1184927609294615,5.678537702682718,7.1286679525288665,0,0,0,0,18.925698416141046,0.04843617867382138,-8301941.894906908,1
2024-07-18,kda,Kadena,0.0338526334692625,-2.854452453516376,-2.7806803559892734,-1.4336246358718219,0,0,0,0,-7.0687574453774715,0.053675206922378475,-13040061.827008098,1
2024-07-19,kda,Kadena,0.0297865199560273,-1.282041843796733,-1.1502801680305486,-2.69710805941088,0,0,0,0,-5.129430071238161,0.05556318686190404,-14968017.533810139,1
2024-07-20,kda,Kadena,0.0513377349921404,2.8208320762352246,2.9331597049392366,1.329271669897536,0,0,0,0,7.083263451071997,0.05496546695872581,-10008141.94560793,1
2024-07-22,kda,Kadena,0.0984331939405104,8.117358583614287,8.10606440354662,6.751989602054409,0,0,0,0,22.975412589215317,0.05867724960903967,4022721.693139553,1
2024-07-23,kda,Kadena,0.1995403842799585,-6.8635208125908616,-6.847690360832647,-6.5808257060407165,0,0,1,1,-20.292036879464227,0.06859545321228398,-7363144.173242211,1
2024-07-24,kda,Kadena,0.0231410339781246,-3.9755321436224844,-4.181981471311413,-5.368549468701778,0,0,0,0,-13.526063083635675,0.05528262671281096,-16137748.531293482,0
2024-07-25,kda,Kadena,0.0163016952953203,-2.618550482088211,-2.3847304643413225,-1.7284912801404984,0,0,0,0,-6.731772226570032,0.0495111075154299,-20034544.449569046,0
2024-07-26,kda,Kadena,0.0270007386727444,-0.3586036448549934,-0.3133817769371161,-0.9044341718587923,0,0,0,0,-1.5764195936509018,0.0488054154118172,-20428366.767917603,0
2024-07-27,kda,Kadena,0.0176905424320355,5.296383826443818,5.2950426555073316,4.852873462407081,0,0,0,0,15.444299944358232,0.05337960947425239,-12232928.660083234,0
2024-07-29,kda,Kadena,0.0155349564119172,-4.928921461099844,-4.880247047873554,-7.223796404242977,0,0,0,0,-17.032964913216375,0.055388794039395395,-20296246.554469824,0
2024-07-30,kda,Kadena,0.0197048057257369,0.38572460341050885,0.35964597978765944,1.0058420546225744,0,0,0,0,1.7512126378207427,0.040417696130936515,-19692687.75276065,0
2024-08-01,kda,Kadena,0.0539343439925503,-10.379139767648937,-10.298473300857768,-31.34423906509548,0,0,0,0,-52.02185213360218,0.04894675092914386,-35645006.65975699,0
2024-08-02,kda,Kadena,0.088735374354661,-0.7625330686708565,-0.11428698889970335,-4.716438770804676,0,0,0,0,-5.593258828375236,0.048694299218055605,-35522658.31336495,0
2024-08-04,kda,Kadena,0.0482412406094023,-12.564980589542108,-12.470025607495238,-8.845514241855701,0,0,0,0,-33.88052043889305,0.0634000495756911,-53448062.01734552,0
2024-08-09,kda,Kadena,0.0339373181571197,2.9031935811588694,3.147807820561055,-19.63134222583972,0,0,0,0,-13.580340824119794,0.06704221422449867,-49697370.43628718,0
2024-08-10,kda,Kadena,0.0454557897227083,-0.17739432695581536,-0.4979968483369568,2.2385388382996085,0,0,0,0,1.5631476630068364,0.05859772741072472,-50241871.03537507,0
2024-08-11,kda,Kadena,0.0374560218706423,3.0192715422409533,3.2709693839424014,5.513379958953513,0,0,0,0,11.80362088513687,0.06321674486139581,-46157308.44404276,0
2024-08-12,kda,Kadena,0.0392982861383101,-6.469115591299312,-6.535448316795356,-6.974786742131989,0,0,0,0,-19.979350650226657,0.0632912081122941,-54691561.927636445,0
2024-08-13,kda,Kadena,0.0442880663341831,5.560610395276666,5.61076365376636,3.1282625339303483,0,0,0,0,14.299636582973374,0.06304847127041141,-47796980.6485755,0
2024-08-15,kda,Kadena,0.0480906374061605,1.237839705298982,1.3962356656247676,1.6512425093711869,0,0,0,0,4.2853178802949365,0.06373625437237837,-45964124.546281666,0
2024-08-16,kda,Kadena,0.0466158514266422,-7.750623881536911,-7.855600774692761,-7.762467391274274,0,0,0,0,-23.368692047503945,0.050257483289272376,-56263347.892851576,0
2024-08-19,kda,Kadena,0.0421866731412373,4.116952939410834,4.238446813842933,-2.9976936204161087,0,0,0,0,5.3577061328376585,0.05171081131997721,-51188707.607519254,0
2024-08-20,kda,Kadena,0.0870003254169094,5.828218157874265,5.78173585960533,-7.682389898215369,0,0,0,0,3.9275641192642263,0.05627583619396956,-43578125.73292945,0
2024-08-22,kda,Kadena,0.0496243726328151,6.400028747059183,6.501772776351311,0.19559181595614206,0,0,0,0,13.097393339366636,0.059843610307980154,-35226415.66791272,0
2024-08-23,kda,Kadena,0.0342940099849573,0.1779226966685643,0.2505474361288007,1.760901174936902,0,0,0,0,2.189371307734267,0.04996630684446562,-34998935.212816834,0
2024-08-26,kda,Kadena,0.0636073056727805,15.431707123475192,15.384257619058284,9.849457844583199,0,0,0,0,40.66542258711667,0.07061401635386728,-12883221.306836128,0
2024-08-27,kda,Kadena,0.1248834256660996,-7.450669124874809,-7.422333174301244,-5.775107799221335,0,0,0,0,-20.64811009839739,0.08221256941526782,-24507904.29315996,0
2024-08-28,kda,Kadena,0.0818241022926315,-3.38581445660896,-3.219849190424695,-5.842814299995236,0,0,0,0,-12.448477947028891,0.07453312129650794,-29792673.54375103,0
2024-08-29,kda,Kadena,0.0417735890052654,-3.35147157628104,-3.4302364804474905,-3.113982756644895,0,0,0,0,-9.895690813373426,0.07796250312872972,-35176043.6236355,0
2024-09-01,kda,Kadena,0.0227870758407409,0.9733597003464656,1.024669081671714,-0.980327355586097,0,0,0,0,1.0177014264320827,0.07607399491038923,-33886171.68296602,0
2024-09-02,kda,Kadena,0.0412075753309548,-3.109507353479768,-2.4142867622334085,-2.3089057290513915,0,0,0,0,-7.832699844764568,0.0738152370749426,-37187318.31176302,0
2024-09-03,kda,Kadena,0.0470074607793728,6.592494948729133,6.632133125241557,5.8468343732580585,0,0,0,0,19.071462447228747,0.07807923549445767,-27868324.394319445,0
2024-09-04,kda,Kadena,0.0717969285293632,-5.605639629411985,-5.230066720831861,-3.2325030663590715,0,0,0,0,-14.068209416602919,0.046566219971162774,-35455714.62376365,0
2024-09-05,kda,Kadena,0.039588410634806,1.939891329076926,1.5712325737256227,0.6945005249131775,0,0,0,0,4.205624427715726,0.04221138481684703,-33507036.619340897,0
2024-09-06,kda,Kadena,0.0368620125612449,-2.560662338264663,-2.4258596642202646,-3.4963230550896673,0,0,0,0,-8.482845057574595,0.041494180738064344,-37009975.61799735,0
2024-09-07,kda,Kadena,0.0440109809463132,-4.239052068444149,-4.3010888249581765,-3.9550513079924854,0,0,0,0,-12.495192201394811,0.042550340260505165,-42971417.52462757,0
2024-09-08,kda,Kadena,0.0213657763357938,-0.41731048610037513,-0.4825712387592773,0.23061238309494136,0,0,0,0,-0.6692693417647111,0.041871768114706824,-43796100.84135173,0
2024-09-09,kda,Kadena,0.0316582073686602,4.254292213461208,4.627917984765828,4.569732046676944,0,0,0,0,13.451942244903982,0.04499016244361859,-37549439.0240134,1
2024-09-10,kda,Kadena,0.0362091756751845,5.4092470403587,5.104106238388839,4.147134622149151,0,0,0,0,14.66048790089669,0.0422361753057741,-30396176.65719384,0
2024-09-11,kda,Kadena,0.0289739849065795,1.2670684527575693,1.2490884315962347,0.506279380746899,0,0,0,0,3.022436265100703,0.034847843448073026,-28629966.11517191,1
2024-09-12,kda,Kadena,0.0261537141186748,-1.5052805368398703,-1.4920752074559451,-0.10458636948135203,0,0,0,0,-3.1019421137771674,0.035410528763532706,-30866058.71234098,1
2024-09-13,kda,Kadena,0.0235954297258174,0.5393917702388951,0.6335287800280698,82.45640532747494,0,0,0,0,83.6293258777419,0.03307552484561234,-29892623.71799457,1
2024-09-15,kda,Kadena,0.0212908736148226,0.8754763091625817,0.8098571608453842,0.6573451833567834,0,0,0,0,2.3426786533647492,0.02481341512334197,-28722246.8255952,1
2024-09-16,kda,Kadena,0.0207799178988035,-3.5458111705312323,-3.438053720091516,-4.530620941786012,0,0,0,0,-11.51448583240876,0.030892102120549172,-33824044.01734164,1
2024-09-17,kda,Kadena,0.0386319827260823,-2.3979887655073306,-2.249653516148653,-2.8677371736891777,0,0,0,0,-7.515379455345162,0.02956713131279814,-36896539.37449202,1
2024-09-18,kda,Kadena,0.0326773818261674,2.9976408565118184,2.8692869378847963,3.963211848316406,0,0,0,0,9.830139642713021,0.023018255801553082,-32927529.43947336,0
2024-09-19,kda,Kadena,0.4959569156524693,31.394713013566957,31.565880846819063,29.280284450786255,0,0,1,1,92.24087831117228,0.12256813065938414,17725481.670650482,1
2024-09-20,kda,Kadena,0.425532204407647,-5.642813505899513,-5.982368366260083,-5.047920831277586,0,0,1,1,-16.67310270343718,0.1266247947331276,5338892.216084152,1
2024-09-21,kda,Kadena,0.170634259593829,-4.046364643599731,-3.8453363325996026,-3.8560066206757115,0,0,0,1,-11.747707596875046,0.12954037385411685,-4255905.385847926,1
2024-09-22,kda,Kadena,0.1210377809248149,5.880737019597948,6.133376525007117,4.445809712642079,0,0,0,0,16.459923257247144,0.12967914685403822,5798360.688962817,1
2024-09-24,kda,Kadena,0.0941504938093732,-2.0373793442663435,-2.153498591117875,-0.706964425298473,0,0,0,0,-4.8978423606826915,0.12842861469974776,1582615.928055942,1
2024-09-26,kda,Kadena,0.1309359502557232,-1.024635333694468,-1.105229717086298,-8.957394166526743,0,0,0,0,-11.087259217307508,0.12743653898188753,-21854.492839306593,1
2024-09-27,kda,Kadena,0.1242103553719625,0.6289942979103014,0.8108040723885601,-1.1869054164085902,0,0,0,0,0.25289295389027133,0.12803893855297682,1338569.317640841,1
2024-09-28,kda,Kadena,0.0981035514902064,0.7872364479511118,0.6335539718683059,-2.3030196320098617,0,0,0,0,-0.882229212190444,0.037586311855802135,2187215.1275657415,0
2024-09-29,kda,Kadena,0.0524565554087149,-3.435216134309149,-3.4513050367716014,-3.89370483176239,0,0,0,0,-10.78022600284314,0.03353287269173646,-4461444.179180473,0
2024-09-30,kda,Kadena,0.0636169635483497,1.114720921484258,1.354030107035764,1.9701274225760068,0,0,0,0,4.438878451096029,0.029810220568195288,-2009668.5137190819,0
2024-10-01,kda,Kadena,0.0628910729017148,-4.704665212934467,-4.7253271604466125,-3.048893743873804,0,0,0,0,-12.478886117254884,0.02260258129685367,-10280070.399846554,0
2024-10-02,kda,Kadena,0.1253288505869576,-6.029711700221818,-5.307274429956621,-7.292978649144899,0,0,0,0,-18.629964779323338,0.029066445440611675,-18545586.52180001,0
2024-10-03,kda,Kadena,0.0565908238602582,-3.3722106901063587,-3.403619369684896,-3.9294600036010707,0,0,0,0,-10.705290063392326,0.029363358041069133,-24556944.687420666,0
2024-10-04,kda,Kadena,0.0864156643564101,-3.558275286166779,-3.364306389883853,-6.036985213155887,0,0,0,0,-12.95956688920652,0.02693663124580079,-29427451.747633994,0
2024-10-05,kda,Kadena,0.0468251778094045,2.3870272601977716,2.2076437397929416,2.631728064588512,0,0,0,0,7.226399064579225,0.030828180338191534,-26522820.747401714,0
2024-10-06,kda,Kadena,0.0493992155189148,-1.5497368576686377,-1.5826167191852147,-1.2791406436338915,0,0,0,0,-4.411494220487744,0.030712669187656468,-28880360.916307896,0
2024-10-07,kda,Kadena,0.0464478678996809,1.9180356077092453,2.037584616714949,1.5232253272842833,0,0,0,0,5.478845551708478,0.03228687628887603,-25890621.950413108,0
2024-10-08,kda,Kadena,0.0705125460832574,-1.2565040581828169,-1.2321643173555108,0.22057154693149172,0,0,0,0,-2.268096828606836,0.03027144851723856,-27537354.08230886,0
2024-10-10,kda,Kadena,0.0510910648109249,-5.535471648644341,-5.535642835963928,-6.68261429746142,0,0,0,0,-17.753728782069686,0.029111635742973013,-35971168.92319447,0
2024-10-11,kda,Kadena,0.0468177011050515,0.13203635404048786,-0.09143582348355439,-0.397004910137877,0,0,0,0,-0.3564043795809435,0.02849592451101975,-36136055.544688225,0
2024-10-15,kda,Kadena,0.1253663816707518,18.65528001408432,19.081793743610987,18.750872279375418,0,0,0,0,56.48794603707072,0.07756206462510754,-8489478.611646235,1
2024-10-18,kda,Kadena,0.0533061583713914,-5.003592050198591,-4.987017946197425,-4.666033214411636,0,0,0,0,-14.656643210807651,0.08201981663693432,-17568961.052615255,1
2024-10-19,kda,Kadena,0.0427260240367117,5.231435895475345,5.248739410384329,4.567194679337305,0,0,0,0,15.047369985196978,0.08243908264846253,-9310041.90719536,1
2024-10-20,kda,Kadena,0.0231344749674492,-1.164852211219991,-1.146512828159374,-0.8154742279371407,0,0,0,0,-3.1268392673165057,0.08332150182480713,-11423608.78179133,1
2024-10-21,kda,Kadena,0.0574163319992171,2.5702467089909975,2.591749585203895,3.91507039188983,0,0,0,0,9.077066686084724,0.0824007497526775,-6786955.400017798,1
2024-10-22,kda,Kadena,0.0603752532151075,-1.0976482680442046,-1.0813249409273862,23.57148257938686,0,0,0,0,21.39250937041527,0.07705727271565856,-8559875.45858115,1
2024-10-23,kda,Kadena,0.0577328138244969,-4.222518628258243,-4.201832254045357,-3.3270680820486453,0,0,0,0,-11.751418964352245,0.08118020158944202,-15658398.78013441,1
2024-10-24,kda,Kadena,0.052686451221901,-2.4131980525663677,-2.4808469754891593,-2.797920061281589,0,0,0,0,-7.691965089337116,0.03649406091766082,-19707006.90374151,0
2024-10-27,kda,Kadena,0.0550517446798142,-5.031801265645863,-4.964273071607284,-4.623229348239866,0,0,0,0,-14.619303685493012,0.03654741216895146,-27490878.1401906,0
2024-10-28,kda,Kadena,0.0505712264851731,1.5099487101877473,1.606741124350397,2.8604339316786964,0,0,0,0,5.977123766216841,0.027856830100068005,-25127772.013834625,0
2024-10-29,kda,Kadena,0.0596615654732985,0.4744757722674242,0.382667646431023,21.132369609688517,0,0,0,0,21.989513028386966,0.02876860738565321,-24428931.84426877,0
2024-10-30,kda,Kadena,0.0583632689808123,4.021027454683379,3.989177871767491,3.104873607661096,0,0,0,0,11.115078934111967,0.03222915386497288,-18359098.72641036,0
2024-10-31,kda,Kadena,0.0443157596621978,-0.2452269056995804,-0.05823844916128529,-0.6752051847037088,0,0,0,0,-0.9786705395645745,0.03233185329885448,-18584394.79417613,0
2024-11-01,kda,Kadena,0.0451384457077591,-5.390377763918853,-5.332061777706365,-5.455647993678115,0,0,0,0,-16.178087535303334,0.03458840863491082,-27020879.06534666,0
2024-11-02,kda,Kadena,0.0595632641614888,-3.6563770817920505,-3.1045955748726373,-1.9955596186496005,0,0,0,0,-8.756532275314289,0.035728889512844315,-31548982.851135194,0
2024-11-03,kda,Kadena,0.0299278242160892,-1.1265248262599226,-1.106292962905342,-1.6063596978284744,0,0,0,0,-3.839177486993739,0.031529363086547885,-33410271.138383895,0
2024-11-04,kda,Kadena,0.0791739013501181,-2.64981620938457,-2.572486381748529,-3.125371503726704,0,0,0,0,-8.347674094859803,0.030732919812833652,-36695826.31716874,0
2024-11-05,kda,Kadena,0.0801323809425687,-4.793702248942866,-4.7979023155342855,-4.443115446750346,0,0,0,0,-14.034720011227497,0.03228947898858433,-43416282.23174685,0
2024-11-06,kda,Kadena,0.0708010986360282,4.843785454069982,5.307284675880752,5.2420764130132635,0,0,0,0,15.393146542963999,0.034882462942015406,-36407480.49764863,0
2024-11-07,kda,Kadena,0.0827294371075357,11.439358981424785,11.097617618212286,12.058776281888894,0,0,0,0,34.59575288152597,0.06161202971026182,-20700091.007413715,0
2024-11-08,kda,Kadena,0.069627244453023,-0.892008080726292,-0.9288540551692925,-2.1297829140436653,0,0,0,0,-3.95064504993925,0.05749280437060191,-22273595.13918087,1
2024-11-09,kda,Kadena,0.1255394878518236,0.10445257091171722,0.12225379143406823,0.3632281816619676,0,0,0,0,0.589934544007753,0.05470314774032583,-21572527.020303875,1
2024-11-10,kda,Kadena,0.0779956388207914,6.458191081118869,7.555697741821232,6.1690904166567195,0,0,0,0,20.182979239596822,0.057265300424723546,-10304280.750415534,1
2024-11-11,kda,Kadena,0.1366215356112964,4.862034180577202,3.753155975379485,4.961787665782835,0,0,0,0,13.576977821739522,0.05387842077818451,-3449082.5993882716,1
2024-11-12,kda,Kadena,0.1371903327089185,4.822262151433221,4.850408953659668,2.5006894588975426,0,0,0,0,12.173360563990432,0.04097442092851508,4966425.881924868,1
2024-11-15,kda,Kadena,0.1625103298170256,-7.6027835591875315,-7.838069539996173,-5.272132871557411,0,0,0,1,-20.712985970741116,0.06129891001191589,-9035441.741219878,1
2024-11-16,kda,Kadena,0.2115652425283619,10.420099516089131,10.87464266629703,10.084482637871162,0,0,1,1,31.37922482025732,0.05896515952947336,9758099.207713306,1
2024-11-17,kda,Kadena,0.1752927131048507,2.3925532457043763,2.2199361769875248,0.3479021020214468,0,0,1,1,4.960391524713348,0.057001047948685976,13492416.289117694,1
2024-11-19,kda,Kadena,0.2175311217139701,8.776908493981361,8.924785188483387,10.913584305346014,0,0,1,1,28.615277987810764,0.058886790241348096,31007299.71578768,1
2024-11-20,kda,Kadena,0.1626881233318173,-4.012106591531461,-3.911634914800688,-4.523494991066057,0,0,1,1,-12.447236497398206,0.06543687786279787,22229782.852110952,1
2024-11-21,kda,Kadena,0.1083557765251673,-5.1161289805249694,-5.061348681908973,-3.65430198962724,0,0,0,0,-13.831779652061183,0.07086100610700731,11549353.472569942,1
2024-11-23,kda,Kadena,0.1582775013880299,11.349661937399214,11.122985084026782,28.473666222870197,0,0,1,1,50.94631324429619,0.07986409449656985,33175542.449172735,1
2024-11-24,kda,Kadena,0.2028785314997557,12.540769233920535,12.604593745483616,14.345367223845408,0,0,1,1,39.490730203249555,0.07426481872451096,60285241.137551546,1
2024-11-25,kda,Kadena,0.1706515530623983,5.428668489467681,5.76536530755829,0.47289008928277365,0,0,1,1,11.666923886308744,0.07072136051609937,73468283.44481939,1
2024-11-28,kda,Kadena,0.2156481817909828,38.205487000480076,38.12836669321431,35.96750490194167,1,0,1,1,112.30135859563606,0.14433263717282316,169849758.6908134,1
2024-11-29,kda,Kadena,0.3231139175242788,-4.278392121340657,-4.361106501119427,-6.162062484159925,1,0,1,1,-14.801561106620008,0.15369875607188177,156803972.85725763,1
2024-11-30,kda,Kadena,0.1858506065109743,6.712779875354524,6.6507416381387685,6.983198576498539,1,0,1,1,20.346720089991834,0.14514933999835908,176158576.08468273,1
2024-12-01,kda,Kadena,0.1347655838979243,-3.7260735646858723,-3.5872609103362985,-4.538128066437819,1,0,1,0,-11.851462541459991,0.14293237134645148,162466934.12661335,1
2024-12-03,kda,Kadena,0.1695296414211495,-1.2010408145645357,-1.0986541876919276,-1.1385964450422281,1,0,1,1,-3.4382914472986914,0.14795326514414256,159424505.1314251,1
2024-12-04,kda,Kadena,0.5242800756834248,44.34440415405556,44.22303895541535,39.29303297291214,1,0,1,1,127.86047608238303,0.20372664104165306,318255906.2562642,1
2024-12-06,kda,Kadena,0.1661225639690818,1.2001811362805315,1.376267003597631,3.0325755189381187,1,0,1,1,5.609023658816281,0.206678782103122,314739184.52122056,1
2024-12-07,kda,Kadena,0.1634111541644412,3.7021845891884064,3.734272330257138,0.5064578648984686,1,0,1,1,7.942914784344013,0.1706842962104248,332995945.4547818,1
2024-12-09,kda,Kadena,0.0833453376304036,-0.3151477942454295,-0.34029972922587914,-0.9058556286822728,1,0,1,0,-1.5613031521535814,0.16706267873184572,328866278.79251766,1
2024-12-10,kda,Kadena,0.3101236237532865,-17.568693001357605,-17.343585628792468,-16.060686123079428,1,0,1,1,-50.972964753229505,0.1917385875655476,246746883.21693018,1
2024-12-11,kda,Kadena,0.2258580344455211,-8.15859670050858,-8.400921532845839,-6.698001283246368,1,0,1,1,-23.257519516600787,0.19532761913370625,209258648.98414865,1
2024-12-12,kda,Kadena,0.1484846178061797,10.823479139267267,10.756821830755015,9.039318024789079,1,0,1,1,30.61961899481136,0.19615590488438964,248854674.11767492,1
2024-12-14,kda,Kadena,0.0972399242227386,-5.427597263252581,-5.319915958570687,-5.37006324108712,1,0,1,0,-16.117576462910385,0.09143875463062211,224987867.04430386,0
2024-12-15,kda,Kadena,0.074693793380908,-8.039360484297497,-7.9497839582043595,-7.154806958273097,1,0,0,0,-23.143951400774952,0.09229440610142295,192548157.61046842,0
2024-12-16,kda,Kadena,0.0896108566933352,10.810746886933309,10.722235683412261,8.955757885624438,1,0,1,0,30.48874045597001,0.10470475287701521,232516486.25455162,0
2024-12-17,kda,Kadena,0.106849344865539,-8.373451342732285,-8.325964811777563,-8.90854189110798,1,0,1,0,-25.607958045617828,0.10625194749099652,198803915.62968054,0
2024-12-19,kda,Kadena,0.0973017885450809,-15.691654397718446,-15.877321117632237,10.411827686142372,0,0,0,0,-21.157147829208313,0.10233460939942074,139104667.13331327,0
2024-12-20,kda,Kadena,0.119519485530205,-9.479695009876144,-8.957587235328345,-9.511153362075886,0,0,1,0,-27.948435607280373,0.10346615100690341,111168553.1504865,0
2024-12-23,kda,Kadena,0.0496308732938964,-3.6710445434440464,-3.646127603404692,-1.1630229719232,0,0,0,0,-8.480195118771938,0.08200962506899394,99534452.78232375,0
2024-12-26,kda,Kadena,0.0448215325785814,11.581064179651612,11.32975853161371,9.546849817672399,0,0,0,0,32.45767252893772,0.10493109651071798,130761478.47000435,0
2024-12-28,kda,Kadena,0.0650405667815594,-7.623544581852437,-7.605535998527657,-6.33384318610678,0,0,0,0,-21.562923766486875,0.10462717864359225,107706329.44155768,0
2024-12-29,kda,Kadena,0.0429322987937707,4.238667716537536,4.301657561542882,3.793697895856818,0,0,0,0,12.334023173937236,0.09215782490141879,119560424.19218472,0
2024-12-30,kda,Kadena,0.0326115605457609,-6.656289646741387,-6.681557472723421,-5.934920404928167,0,0,0,0,-19.272767524392975,0.09106698146180019,99584902.36754808,0
2024-12-31,kda,Kadena,0.0666125620532819,-1.7214616765170998,-1.970820324447442,-1.5090476762505078,0,0,0,0,-5.20132967721505,0.07476894281834202,94682898.7388682,0
2025-01-01,kda,Kadena,0.0419801338046833,-2.39183733758922,-2.1229568966156798,-1.8755427221542664,0,0,0,0,-6.390336956359166,0.06721884855880667,88531022.50545165,0
2025-01-02,kda,Kadena,0.0407872002345785,5.046555434681621,5.80993121457849,5.361995188662139,0,0,0,0,16.21848183792225,0.06925679615949067,103932554.21775827,1
2025-01-03,kda,Kadena,0.0516423261238693,2.3173680170768485,2.331049508555294,1.5224621303632224,0,0,0,0,6.170879655995365,0.05055126253497416,110660092.94941512,0
2025-01-04,kda,Kadena,0.0575663997359992,4.41750773207128,4.466575830792108,4.164461218208193,0,0,0,0,13.04854478107158,0.04422873075917607,123609483.74572203,1
2025-01-05,kda,Kadena,0.0387938268229786,-1.9959811109784065,-1.777884869047186,-2.047369676809485,0,0,0,0,-5.821235656835078,0.04226668865730521,117937154.25723228,0
2025-01-07,kda,Kadena,0.0585294072659281,2.309480776488426,1.8512368285796166,1.6874645799729748,0,0,0,0,5.848182185041018,0.031425395273463726,123745727.71453777,1
2025-01-08,kda,Kadena,0.0687588143337762,-12.329056000630523,-12.024096739664758,-10.132057079868195,0,0,0,0,-34.485209820163476,0.060057103883764444,87761517.31667516,0
2025-01-10,kda,Kadena,0.0625803357847585,-10.338449515806625,-10.252595794938257,-9.73313281821142,0,0,0,0,-30.324178128956298,0.07101532894536364,60538842.40781286,0
2025-01-11,kda,Kadena,0.053224425987643,1.9446047506444408,1.8716013410684518,2.045927170779538,0,0,0,0,5.8621332624924305,0.06710186587552952,64850547.208593935,0
2025-01-12,kda,Kadena,0.0255104020511068,-1.7146132786107215,-1.691884784153208,-0.6970666621783694,0,0,0,0,-4.103564724942299,0.06450503053095495,60374967.26594472,0
2025-01-13,kda,Kadena,0.0296215181583564,-3.4530938447540627,-3.5139566722109272,-4.424667419821892,0,0,0,0,-11.391717936786883,0.056773901094603486,52087493.150524855,0
2025-01-16,kda,Kadena,0.0773339806198654,9.92364379682622,10.034430099214408,9.207382494030147,0,0,0,0,29.165456390070773,0.07688737633937162,75776934.3739284,0
2025-01-17,kda,Kadena,0.0967493973337207,2.4766968101824105,2.483520854841026,2.3060905323063707,0,0,0,0,7.266308197329807,0.07704424590786413,82349089.46285984,0
2025-01-18,kda,Kadena,0.1492919327555717,20.073889627892385,20.095951594211357,19.588701312734624,0,0,1,1,59.75854253483837,0.09848892271708323,135417360.12789258,1
2025-01-19,kda,Kadena,0.1100517207266241,-8.940708757107341,-8.654164340423653,-9.641941906171835,0,0,0,0,-27.23681500370283,0.09550085935760802,107721921.45554474,1
2025-01-20,kda,Kadena,0.1866635626337486,-13.350142728488013,-13.347496233399003,-12.778131821941397,0,0,1,1,-39.47577078382841,0.11379852563051687,70843075.92816359,1
2025-01-25,kda,Kadena,0.0563211302901668,-8.035093733228283,-8.341361194960584,-5.849474818764544,0,0,0,0,-22.225929746953412,0.11846094521192627,48450218.560634494,0
2025-01-26,kda,Kadena,0.0735792206925472,4.303595431714391,4.464242817579156,5.2006100963096324,0,0,0,0,13.968448345603178,0.11852379133836397,58755357.99610284,1
2025-01-30,kda,Kadena,0.0809362961977112,-10.77380597969505,-10.691490129882474,-11.36885322018868,0,0,0,0,-32.834149329766205,0.11814012328927512,33644576.006486475,0
2025-01-31,kda,Kadena,0.0810233579125793,6.517836728112547,6.777281417783687,5.201473634036735,0,0,0,0,18.49659177993297,0.12164762061469615,47911208.517911434,0
2025-02-02,kda,Kadena,0.0803802035780307,-14.488162865169386,-14.574985691906516,-13.848170550377903,0,0,0,0,-42.91131910745381,0.08400586032514543,15135228.236948371,0
2025-02-03,kda,Kadena,0.1455331179168882,-12.489623851682396,-12.001765673537811,-14.96712226836403,0,0,0,1,-39.458511793584236,0.0868218599042563,-7277920.105538338,0
2025-02-05,kda,Kadena,0.1349284231142147,-3.08409783847009,-3.2315737146318524,-1.0363889814378635,0,0,0,0,-7.352060534539806,0.0826869696870054,-12856193.476986915,0
2025-02-06,kda,Kadena,0.0705080474762795,-3.773362196522101,-3.6229864615491048,-3.219218568455795,0,0,0,0,-10.615567226527,0.08202025432566075,-19398815.709723413,0
2025-02-07,kda,Kadena,0.0670213496022464,-5.99414408384672,-6.177036533008618,-4.099896940296343,0,0,0,0,-16.27107755715168,0.0714712967316431,-29154369.66878298,0
2025-02-08,kda,Kadena,0.0673936536480195,2.077702801073089,2.3713711788822422,0.5205466886809784,0,0,0,0,4.96962066863631,0.07449961025479829,-25651781.92786607,0
2025-02-09,kda,Kadena,0.0384386672237557,5.624565492452893,5.66092657410624,4.8728185240104915,0,0,0,0,16.158310590569627,0.07235094470635058,-17363136.035484016,0
2025-02-10,kda,Kadena,0.0506138076839264,-1.6564079796137166,-1.6422826078135166,-1.6933600431892848,0,0,0,0,-4.992050630616518,0.05790500067032876,-19870921.276373893,0
2025-02-11,kda,Kadena,0.050058336067498,1.039832352109582,1.0150923831722114,1.9212742246307757,0,0,0,0,3.976198959912569,0.03972988358230798,-18279096.517994404,0
2025-02-12,kda,Kadena,0.0516464669518754,0.4695701288430998,0.5129479329427644,0.2963473194531385,0,0,0,0,1.2788653812390027,0.03861495832846652,-17450935.306170255,0
2025-02-13,kda,Kadena,0.0911387222794296,5.632269795109202,5.585312977658474,6.248788546363859,0,0,0,0,17.466371319131536,0.040877485108909706,-8148016.293581545,1
2025-02-14,kda,Kadena,0.0768087947179161,-0.054040338965888335,0.022848827698540575,-0.5223873686160063,0,0,0,0,-0.5535788798833541,0.028012548643134724,-8253848.056975275,1
2025-02-15,kda,Kadena,0.0785809179678606,-0.8348432335706812,-0.9606540106123607,-1.5933584619008068,0,0,0,0,-3.3888557060838487,0.02977122641866985,-9858851.744973093,1
2025-02-16,kda,Kadena,0.0443929721452832,-4.314399640806521,-4.182909795965173,-3.110511563315621,0,0,0,0,-11.607821000087315,0.03029589264305514,-17167268.030204058,1
2025-02-17,kda,Kadena,0.0436791964938221,-1.366413847848924,-1.3523460634513929,-0.66958793687244,0,0,0,0,-3.388347848172757,0.030043992354944326,-19332511.27298078,1
2025-02-20,kda,Kadena,0.0644480834178123,-1.232959825176838,-1.1321248897150138,-1.9353145512771341,0,0,0,0,-4.300399266168986,0.0300640731549139,-20927845.681622654,0
2025-02-23,kda,Kadena,0.0369002246065265,5.013921852940895,5.048417138954897,4.515944730946764,0,0,0,0,14.578283722842555,0.03614968450919818,-13320011.141699344,1
2025-02-24,kda,Kadena,0.0396920459441224,-2.6288906824959435,-2.6546380788275648,-2.8509118947674272,0,0,0,0,-8.134440656090934,0.029028356974175447,-17637776.22421637,0
2025-02-26,kda,Kadena,0.1104000896492879,-8.139962401500501,-8.037689024172856,-8.074989733383875,0,0,0,0,-24.25264115905723,0.039782397764363035,-29829261.548354924,0
2025-02-27,kda,Kadena,0.0826648050427032,-0.5876779706970092,-0.47627866236317207,-0.4758412058509909,0,0,0,0,-1.5397978389111722,0.03990647974011577,-30769090.562984735,0
2025-02-28,kda,Kadena,0.0497394240780134,0.1408816657063383,-0.03166742848030868,-0.7715033633230561,0,0,0,0,-0.6622891260970265,0.03894361953955372,-31101251.79621011,0
2025-03-02,kda,Kadena,0.0515618775759448,-0.29592321568566726,-0.303420705196511,0.38755475135165973,0,0,0,0,-0.21178916953051852,0.03910348723993164,-31526212.62035817,0
2025-03-03,kda,Kadena,0.1036867821756373,15.487437923806091,16.259789705404827,15.344203055538696,0,0,0,0,47.09143068474961,0.07383289709267914,-7364194.351887345,1
2025-03-04,kda,Kadena,0.1244530866486167,-14.023049139431599,-13.89857267059057,-19.268709559272367,0,0,0,0,-47.19033136929453,0.09089450249914474,-30770744.82338345,0
2025-03-05,kda,Kadena,0.1096348993597049,-2.417558726964719,-2.448523051692575,3.186874673559381,0,0,0,0,-1.679207105097913,0.09085175043752321,-34459762.03169614,0
2025-03-06,kda,Kadena,0.0751806294513049,5.510650681408302,5.561856960293299,6.473726871293173,0,0,0,0,17.546234512994772,0.08860891326461157,-26838192.23664871,1
2025-03-07,kda,Kadena,0.059710878531561,-3.143519097600478,-3.2555309539141652,-5.739926646846072,0,0,0,0,-12.138976698360716,0.08967359522664566,-31864257.383049607,0
2025-03-10,kda,Kadena,0.0680273836787528,-13.758906079107325,-13.791230154467126,-7.231033630624761,0,0,0,0,-34.781169864199214,0.10401665883836914,-51793037.961804286,0
2025-03-11,kda,Kadena,0.0817898093324217,-6.397940179653228,-6.074377457447245,-7.326322672042718,0,0,0,0,-19.798640309143188,0.10509172546689165,-59302352.72963874,0
2025-03-12,kda,Kadena,0.0883276252700448,5.040473406193091,4.942577496903855,5.857497863800631,0,0,0,0,15.840548766897577,0.07923235303196619,-53438433.74426511,0
2025-03-13,kda,Kadena,0.04797845256386,6.515945850843652,6.411908891013818,6.251465669394363,0,0,0,0,19.17932041125183,0.07455507934181711,-45832855.89761931,0
2025-03-14,kda,Kadena,0.0392689628686643,-1.7204641967648704,-1.8016634496324846,-1.6197755732639485,0,0,0,0,-5.1419032196613035,0.07441735545116968,-48260754.27508783,0
2025-03-15,kda,Kadena,0.0429228280382031,1.2683125142317841,1.4580646464667169,1.8739756953464193,0,0,0,0,4.60035285604492,0.06967856272773926,-46355302.786816776,0
2025-03-16,kda,Kadena,0.0327115788252805,6.73477025812208,6.672440704903737,6.654133639009396,0,0,0,0,20.061344602035213,0.07607708145581817,-37726402.1940566,0
2025-03-17,kda,Kadena,0.0452596152000748,-5.789526058614425,-5.79910588724416,-5.511422541670374,0,0,0,0,-17.100054487528958,0.05592838018889788,-45701288.694433734,1
2025-03-18,kda,Kadena,0.0449821778949342,5.654224249908935,5.581472506750673,5.556871792630558,0,0,0,0,16.792568549290166,0.04804579769530923,-38378680.574154764,1
2025-03-19,kda,Kadena,0.0345341180652223,0.5289628873231145,0.4951988769923643,0.47995310514949985,0,0,0,0,1.5041148694649786,0.04713276351276089,-37778595.58263633,1
2025-03-20,kda,Kadena,0.0626699328862167,5.376792062480562,5.235814858338128,4.405320737408136,0,0,0,0,15.017927658226824,0.0454331948160106,-30250954.58734107,1
2025-03-21,kda,Kadena,0.0367810723278132,-4.094694791205766,-3.8634972872959916,-4.672376922589572,0,0,0,0,-12.63056900109133,0.049164346627335744,-36136139.37053713,1
2025-03-22,kda,Kadena,0.0339290371779702,-2.6673166566228868,-2.545241298130474,-2.3508403407122347,0,0,0,0,-7.563398295465596,0.05151128086907734,-39742512.26547557,1
2025-03-23,kda,Kadena,0.0293527069523878,2.799106725574374,2.954850867882408,3.325913652770107,0,0,0,0,9.07987124622689,0.04581264621355425,-35725852.40904394,1
2025-03-24,kda,Kadena,0.0250652915118189,2.696545192339106,2.730816534819258,2.00070404740873,0,0,0,0,7.428065774567094,0.03764094862468415,-31908409.670866966,1
2025-03-25,kda,Kadena,0.0466584186443695,3.5086527570423742,3.4735283651269766,3.6451330825045813,0,0,0,0,10.627314204673933,0.03440043910763905,-26678462.000277728,1
2025-03-26,kda,Kadena,0.0488755721988009,3.8045638107366164,3.8315944860324747,3.159338695081071,0,0,0,0,10.795496991850161,0.035599596949220505,-20902614.354408354,1
2025-03-27,kda,Kadena,0.0954299179679619,-6.428107884795564,-6.396072434787847,-6.2613060848643265,0,0,0,0,-19.085486404447735,0.04224385840019908,-30480404.330242127,0
2025-03-28,kda,Kadena,0.0478733116273364,-2.1740079458283823,-2.209500084356053,-2.0415578708985027,0,0,0,0,-6.425065901082938,0.03973130843218117,-34117446.85103682,1
2025-03-29,kda,Kadena,0.0701828161028279,-8.825001360940233,-8.88014407840223,-8.886888074185894,0,0,0,0,-26.592033513528357,0.05208524202573226,-46628504.66112408,0
2025-03-30,kda,Kadena,0.0391407754824822,-5.537424744198171,-5.597347601801905,-4.329199522357252,0,0,0,0,-15.463971868357328,0.05238831284503665,-54144674.21129537,0
2025-04-01,kda,Kadena,0.0479288729978667,-1.3327382657259412,-1.2158911476637613,-1.8506881477284853,0,0,0,0,-4.399317561118188,0.04863877041185407,-55576171.78234495,0
2025-04-02,kda,Kadena,0.0518521580147654,-0.09905102378010566,0.7716201696145175,-0.40494504317271085,0,0,0,0,0.267624102661701,0.04287129951890755,-54614108.12501542,0
2025-04-04,kda,Kadena,0.0817539227338388,-3.8447602650511947,-3.8867892464529485,-3.5984551294056866,0,0,0,0,-11.330004640909829,0.03088196661540018,-59160127.43254538,0
2025-04-05,kda,Kadena,0.0819245054762788,-0.5529067855209457,-0.5545440495412612,-0.5385984625724594,0,0,0,0,-1.6460492976346663,0.03127353978850186,-59812043.31456244,0
2025-04-06,kda,Kadena,0.0332546215273882,1.1548080688983164,1.056280006375232,0.7867343989420572,0,0,0,0,2.9978224742156057,0.03535022570973615,-58915343.462147966,0
2025-04-07,kda,Kadena,0.0902251335105464,-8.83253653508861,-8.658544553000647,-8.527728671511813,0,0,0,0,-26.01880975960107,0.035371920814585775,-68770703.16213241,0
2025-04-08,kda,Kadena,0.1725642780183483,2.854824215380969,3.300456575903077,3.1968654084016723,0,0,0,1,9.352146199685718,0.038332057166557625,-64658353.41286899,0
2025-04-10,kda,Kadena,0.1032812482597541,6.812312452889757,6.416673150231755,6.055553166430605,0,0,0,0,19.284538769552118,0.049683081959059704,-57940310.781627476,0
2025-04-11,kda,Kadena,0.0634504057235719,-2.048871623201498,-2.032508369689723,-1.9336543228285819,0,0,0,0,-6.015034315719802,0.050058743191291555,-60632343.25214481,0
2025-04-12,kda,Kadena,0.0516851813896888,2.278695357410876,2.1547195822456677,2.206133424388579,0,0,0,0,6.6395483640451225,0.048854251975142544,-58208729.742244974,1
2025-04-13,kda,Kadena,0.0401794991105221,6.052739215342573,6.189977254448187,6.128665166756275,0,0,0,0,18.371381636547035,0.05325345257271933,-50945288.721854135,1
2025-04-14,kda,Kadena,0.05947760474693,-4.734946347230595,-4.747875403809976,-4.468231619591013,0,0,0,0,-13.951053370631584,0.0577647978441329,-56789618.54347178,1
2025-04-15,kda,Kadena,0.0511669778070183,-1.5682114663920776,-1.497315641924546,-1.3985194872395579,0,0,0,0,-4.464046595556182,0.04323750775000031,-58646499.4644583,1
2025-04-16,kda,Kadena,0.040544508307911,-3.152865947702843,-3.164039038623878,-3.0624206948048904,0,0,0,0,-9.379325681131611,0.045709507094348796,-62460980.79996005,1
2025-04-17,kda,Kadena,0.1041103682433617,3.2738004045372637,3.245498954533721,3.6150175943245655,0,0,0,0,10.134316953395551,0.03906445060538795,-58300475.54098146,1
2025-04-19,kda,Kadena,0.0691380383909528,7.541395310118859,7.698352014872012,7.836363565471349,0,0,0,0,23.07611089046222,0.0466945173114494,-49430310.206202865,1
2025-04-20,kda,Kadena,0.0840195926950456,7.088191640384367,7.012681264527987,9.544092071056397,0,0,0,0,23.64496497596875,0.05151892089970282,-40362511.276830286,1
2025-04-21,kda,Kadena,0.0433628076603553,1.981672810280144,1.9554994374734402,2.3866343196959017,0,0,0,0,6.323806567449486,0.04848395599786246,-38024572.451900035,1
2025-04-22,kda,Kadena,0.0598952984703789,-0.9331769874958651,-0.980920407827901,-1.1455135307069653,0,0,0,0,-3.0596109260307314,0.04205150356147306,-39253190.6759963,1
2025-04-24,kda,Kadena,0.0749507145889253,4.591053107881371,4.66024701379848,4.393500788649529,0,0,0,0,13.64480091032938,0.03963489305963859,-32709302.44321516,1
2025-04-25,kda,Kadena,0.1549941077053968,18.346098257406783,18.572203221874073,18.432561665403234,0,0,0,1,55.350863144684084,0.06186243283891842,-5115338.385055512,1
2025-04-26,kda,Kadena,0.0786843160526567,-2.9743810170948293,-3.030449754037079,-2.0375254976436663,0,0,0,0,-8.042356268775574,0.07035028797762746,-11065885.080756158,1
2025-04-27,kda,Kadena,0.0694364195881776,4.723355423994713,4.732857159425463,3.3538385870940823,0,0,0,0,12.810051170514258,0.06951608092469196,-3314721.737174362,1
2025-04-28,kda,Kadena,0.0591295482295474,-1.7923738870769035,-1.7983345419366303,-1.9515367928903071,0,0,0,0,-5.5422452219038405,0.07244933796918268,-6541322.799657315,1
2025-04-29,kda,Kadena,0.1272447993917013,13.755426933268456,13.867911277603362,14.346357790096542,0,0,0,0,41.969696000968355,0.08163700724434439,17871496.359564275,1
2025-04-30,kda,Kadena,0.056204894324788,-0.9382237406828087,-1.1570731901769937,-1.0097880583674113,0,0,0,0,-3.1050849892272137,0.08164322771708878,14813108.956874698,1
2025-05-01,kda,Kadena,0.0621945062766369,1.6076871181488928,1.6967733417439845,1.1447341446887638,0,0,0,0,4.449194604581641,0.08272565726157488,18133622.16864729,1
2025-05-02,kda,Kadena,0.0506802795280851,2.8282181569684317,2.7523343069207673,3.0392463269423464,0,0,0,0,8.619798790831545,0.056676650015202015,23367423.588959545,1
2025-05-03,kda,Kadena,0.0404658501573823,4.302637631658168,4.410995338523738,4.427892184575466,0,0,0,0,13.141525154757371,0.05148685468157698,32076692.151289076,1
2025-05-04,kda,Kadena,0.0598154624614209,2.6227566167569494,2.6772301130378207,4.901791619935003,0,0,0,0,10.201778349729773,0.05126538870355533,37927214.72234005,1
2025-05-05,kda,Kadena,0.0744880869251354,-11.440260797607982,-11.45671512466835,-13.707490919059694,0,0,0,0,-36.60446684133603,0.07458398159902248,13465917.053634375,1
2025-05-06,kda,Kadena,0.0814980003036674,-4.101963889502159,-4.115833345749076,-0.7800053054021427,0,0,0,0,-8.997802540653378,0.05489646132665043,5717132.635348678,0
2025-05-07,kda,Kadena,0.0517925879830064,-4.320999856696773,-4.355239451536352,-4.673998397467971,0,0,0,0,-13.350237705701096,0.05657231789974059,-2545264.2248668075,0
2025-05-08,kda,Kadena,0.0618687666049446,1.7504577113097053,2.6665656834779394,1.5787458371190333,0,0,0,0,5.995769231906678,0.05669346944606284,2207829.305072516,0
2025-05-09,kda,Kadena,0.0728252573109652,9.646355221545221,8.793326858461214,9.899618329760763,0,0,0,0,28.339300409767198,0.06922731649689579,18090785.97508955,0
2025-05-10,kda,Kadena,0.1106915480564133,0.855715355826403,1.5998977906339418,1.6736407968185096,0,0,0,0,4.129253943278854,0.06665206506773427,21654208.93825984,0
2025-05-13,kda,Kadena,0.1778716445615937,-9.287532466121618,-9.084242263094112,-10.406033349436672,0,0,0,1,-28.777808078652402,0.07172756533053405,4322675.801073909,0
2025-05-14,kda,Kadena,0.0945591981282384,7.994251420210996,7.773676167120391,8.909605872686877,0,0,0,0,24.677533460018264,0.06850705810647668,17462612.412918687,1
2024-06-01,nls,Nolus,0.0373872049373883,0.0,0.0,0.0,0,0,0,0,0.0,0.0,-167673711.22341257,1
2024-06-02,nls,Nolus,0.0378847185677134,-0.623239660022612,-0.1953944988608458,-0.17583440051224253,0,0,0,0,-0.9944685593957003,0.0,-167691481.80843034,1
2024-06-04,nls,Nolus,0.0388990419668968,-0.07469455685394921,0.5761186534304574,3.5360786426295476,0,0,0,0,4.037502739206056,0.0038787996223723577,-167627218.2326645,1
2024-06-05,nls,Nolus,0.0421075898561021,0.4973627116888979,0.7140511136164873,2.923076054347473,0,0,0,0,4.134489879652858,0.005603422948205384,-167550942.84707013,1
2024-06-06,nls,Nolus,0.0468105955860787,0.14765749849776633,0.5136516188758655,1.9080813456342938,0,0,0,0,2.5693904630079256,0.004699217599643107,-167494953.60794845,1
2024-06-07,nls,Nolus,0.0407292380174199,0.16656248100377358,0.49854338425057154,-0.48937345124031584,0,0,0,0,0.17573241401402928,0.004148310558001952,-167454944.68523484,1
2024-06-08,nls,Nolus,0.0364195468341201,-1.1161370522471792,-0.7605496766950215,-0.7738020250859678,0,0,0,0,-2.6504887540281685,0.005948423504009377,-167529425.64024875,1
2024-06-09,nls,Nolus,0.0350011287804258,-0.41297546063657764,-0.20059633059495985,-0.055224132868170184,0,0,0,0,-0.6687959240997077,0.005509103507334475,-167548506.0687957,1
2024-06-10,nls,Nolus,0.0379058037004337,-1.0652598130596491,-0.701256624493618,-1.469041031835716,0,0,0,0,-3.2355574693889833,0.006272547804251191,-167615716.52881062,1
2024-06-11,nls,Nolus,0.0380237667290063,-1.2679684303841143,-1.0097802226464725,2.059084078146012,0,0,0,0,-0.21866457488457502,0.007218216851635665,-167698344.03484672,0
2024-06-12,nls,Nolus,0.036709525082311,-2.082379974332693,-1.6024429211178415,2.6085514359471595,0,0,0,0,-1.076271459503375,0.008181025927355031,-167831055.31525588,0
2024-06-13,nls,Nolus,0.0364285302114273,-0.6550388678306374,-0.4406171801753733,-0.294714771690463,0,0,0,0,-1.3903708196964737,0.007117664748959039,-167870757.00167003,0
2024-06-14,nls,Nolus,0.0381948133425541,-1.3208086385328333,-1.1049357202474464,2.033270458832348,0,0,0,0,-0.3924738999479316,0.005333152014680588,-167957825.5852344,0
2024-06-15,nls,Nolus,0.0385116116398564,-3.2341862725830617,-2.912374514122429,-0.481316414872035,0,0,0,0,-6.627877201577526,0.009562676403553677,-168209547.5647225,0
2024-06-16,nls,Nolus,0.0332732768597986,-0.014858065344591775,0.33251268186424987,1.0497982763971514,0,0,0,0,1.3674528929168095,0.010356630131422635,-168180283.39228776,0
2024-06-17,nls,Nolus,0.0388089619603338,-0.5034595269034048,-0.12390260426996536,0.7480878835306903,0,0,0,0,0.12072575235732019,0.010844837902165191,-168184910.74122146,0
2024-06-18,nls,Nolus,0.0373824855641088,-1.0512142977435635,-0.8198748926499411,-0.18576150860328822,0,0,0,0,-2.0568506989967927,0.010885363237845813,-168254823.00330275,0
2024-06-19,nls,Nolus,0.0426439492852654,-3.5710817818349616,-2.8835757643315696,4.396902471004704,0,0,0,0,-2.0577550751618268,0.013808096733075578,-168473448.37376887,0
2024-06-20,nls,Nolus,0.041411664823842,-1.0157307319274334,-1.246981227509525,-1.4449275637495984,0,0,0,0,-3.7076395231865567,0.01351368165668,-168580410.86378875,0
2024-06-21,nls,Nolus,0.0394324899620352,-0.7698079864897567,-0.36000863795534466,-0.6979140354858027,0,0,0,0,-1.827730659930904,0.013813125134797802,-168612824.3814592,0
2024-06-22,nls,Nolus,0.0396328766761349,-0.7240354383512781,-0.3508019927145889,0.7445671817032817,0,0,0,0,-0.3302702493625853,0.011473986327023263,-168637438.88694337,0
2024-06-23,nls,Nolus,0.0409953736661857,-0.46009002233581286,-0.30222348730661874,-0.5290850565924154,0,0,0,0,-1.291398566234847,0.010885090164280152,-168662828.70652252,0
2024-06-24,nls,Nolus,0.0394956503545055,-0.7106751097492925,-0.24101833064981149,0.4675808909204937,0,0,0,0,-0.48411254947861027,0.010704578422997801,-168680555.43611524,0
2024-06-25,nls,Nolus,0.0494702595698196,-1.8511890682957,-1.6700599608534206,0.04753251980877948,0,0,0,0,-3.473716509340341,0.010960551412995598,-168806802.06316718,0
2024-06-26,nls,Nolus,0.0432704022891788,-0.32992335071224677,0.012428733241698353,-1.1494408665356004,0,0,0,0,-1.4669354840061488,0.004988227605022508,-168813430.3137054,0
2024-06-27,nls,Nolus,0.0491399096834869,-1.2848463511712205,-1.0727495521546837,-3.084219588814019,0,0,0,0,-5.4418154921399235,0.005245683736896809,-168906155.15661445,0
2024-06-28,nls,Nolus,0.0708745093415652,-0.5608144659524861,-0.11548693595454518,-0.4959935545410521,0,0,0,0,-1.1722949564480833,0.005373967722361707,-168907120.53911263,0
2024-06-29,nls,Nolus,0.0660661633869047,-0.9422245433917231,-0.6108977441679597,-1.1311831175634168,0,0,0,0,-2.6843054051230997,0.005354719406892614,-168960391.0519578,0
2024-06-30,nls,Nolus,0.0740160248897027,-1.8620999849105813,-1.67136155525075,0.1305647055974024,0,0,0,0,-3.4028968345639288,0.006104477975849622,-169083194.3198844,0
2024-07-01,nls,Nolus,0.0726725444944871,0.052725874934433925,0.2790211214185767,-0.2815764349626493,0,0,0,0,0.05017056139036136,0.007410933449256204,-169064060.0738154,0
2024-07-03,nls,Nolus,0.0927808654606818,-1.7425645081982077,-1.0071694725129143,-0.5100122499969717,0,0,0,0,-3.2597462307080938,0.007203738984917023,-169132617.88022897,0
2024-07-04,nls,Nolus,0.0949902082678229,-1.6525513775942358,-1.3485900897324266,0.5670285327660451,0,0,0,0,-2.434112934560617,0.007030108940836936,-169229509.4531839,0
2024-07-05,nls,Nolus,0.0960849445343521,0.047816328255012586,0.13296627805978734,3.6446755734155234,0,0,0,0,3.8254581797303233,0.008272718503749773,-169205112.48166484,0
2024-07-07,nls,Nolus,0.096272966464521,-3.909056518781928,-3.2261510729515552,2.018268952429958,0,0,0,0,-5.116938639303525,0.013601469728467893,-169433346.07792905,0
2024-07-08,nls,Nolus,0.1020093205006844,0.011049600863577425,-0.06435861497395834,-0.37030296342684954,0,0,0,0,-0.42361197753723046,0.014610682122622735,-169437034.02155516,0
2024-07-09,nls,Nolus,0.0907593035468241,-0.6025137203781283,0.03638994686219199,-0.28631101099935163,0,0,0,0,-0.852434784515288,0.01456931245850214,-169440339.63108715,0
2024-07-10,nls,Nolus,0.095935994793438,-0.7072018850130424,-0.3804711033287611,-0.4712704612089058,0,0,0,0,-1.5589434495507093,0.013819225531461312,-169467077.8569735,0
2024-07-12,nls,Nolus,0.0960193266275926,-0.007462499320221028,0.5727802531344306,0.8606227412820022,0,0,0,0,1.4259404950962118,0.014278653980090664,-169423078.87499243,0
2024-07-13,nls,Nolus,0.0904165857382043,-0.052881412839822506,0.16758257408029387,-0.37181879384138306,0,0,0,0,-0.2571176326009117,0.01429227016413532,-169415054.6057541,0
2024-07-15,nls,Nolus,0.0922358007655895,-0.5067883156429698,0.161051766361342,-2.0040645246900413,0,0,0,0,-2.349801073971669,0.013928121096881263,-169411029.21377394,0
2024-07-16,nls,Nolus,0.0950702955999074,0.3242658253629349,0.5637804693235049,-1.098949621111489,0,0,0,0,-0.21090332642504928,0.0038484621249850184,-169374058.38575816,0
2024-07-18,nls,Nolus,0.0508944057877037,-0.0837172730808633,0.4071534335930771,-2.2558058203302256,0,0,0,0,-1.9323696598180118,0.00376940368767445,-169372596.8490442,0
2024-07-19,nls,Nolus,0.0258918920975771,-4.056686972500778,-3.779246768021005,-1.123634852168931,0,0,0,0,-8.959568592690713,0.015070303449239101,-169658450.06011796,0
2024-07-20,nls,Nolus,0.0503278380677059,-0.27780286463237047,0.03501398949676826,-0.7790064011259368,0,0,0,0,-1.021795276261539,0.015166887738248177,-169649021.90007454,0
2024-07-21,nls,Nolus,0.0542799305357124,1.1792257584282817,1.409017521035305,-0.1588402720226978,0,0,0,0,2.429403007440889,0.016619148482076927,-169550638.75367305,0
2024-07-22,nls,Nolus,0.0341315081113868,-0.7226904591497108,-0.42308512138091725,-0.02619166234673065,0,0,0,0,-1.1719672428773587,0.016513757779344922,-169588712.06690747,0
2024-07-23,nls,Nolus,0.0457172968401591,-1.7727646610812386,-1.1683928835473534,-0.01834674096578004,0,0,0,0,-2.959504285594372,0.017088089929559836,-169665486.3395575,0
2024-07-24,nls,Nolus,0.0364945926260207,0.30434780399479777,0.2968310236833638,3.510702155982126,0,0,0,0,4.111880983660288,0.017066928590149164,-169635483.12532467,0
2024-07-25,nls,Nolus,0.052156638945281,-0.12248266331176261,0.1264188285092338,1.056978907745898,0,0,0,0,1.0609150729433692,0.017041341455248514,-169616174.32964426,0
2024-07-26,nls,Nolus,0.0394745189982951,-2.3597105247820993,-1.8913003421849317,-0.2601615380155464,0,0,0,0,-4.511172404982577,0.01209417901962056,-169753281.94906327,0
2024-07-28,nls,Nolus,0.0271160909999284,-2.1882537212425834,-1.9465097441179857,-0.08525746412703095,0,0,0,0,-4.2200209294876,0.013482812083528606,-169890642.10007855,0
2024-07-29,nls,Nolus,0.0292450249167316,0.12990817595124327,0.497994566214488,0.10673735747839252,0,0,0,0,0.7346400996441238,0.011308249263521903,-169856249.73881966,0
2024-07-30,nls,Nolus,0.0530373637265626,-0.8626984207201427,-0.6700082451631784,0.2923765279169599,0,0,0,0,-1.2403301379663612,0.011271258194008336,-169890518.95587358,0
2024-07-31,nls,Nolus,0.0295643192803836,-0.5724865361189657,-0.22937193947601964,-0.47963305396837574,0,0,0,0,-1.281491529563361,0.010768978615377872,-169916900.05815855,0
2024-08-01,nls,Nolus,0.0319208821229555,-0.8974411210380673,-0.6139665711256792,0.55890944353163,0,0,0,0,-0.9524982486321165,0.009589341672053595,-169954452.6028975,0
2024-08-02,nls,Nolus,0.0507067735567441,-7.894529152202956,-7.66272119413145,-0.013882083945782053,0,0,0,0,-15.571132430280189,0.027059880651957767,-170452418.65555474,0
2024-08-03,nls,Nolus,0.063023725336646,-1.6225900938987903,-1.5602539470284227,-0.6409661489984564,0,0,0,0,-3.8238101899256693,0.027081832582883023,-170545586.88566726,0
2024-08-04,nls,Nolus,0.0584166516050591,-0.7955672250647305,-0.1961539551671332,1.4292653036824587,0,0,0,0,0.437544123450595,0.02741869932716159,-170553341.2180941,0
2024-08-05,nls,Nolus,0.0595564593513718,-0.7374053295431837,-0.5919620741874354,4.687162720178106,0,0,0,0,3.357795316447487,0.02659109109575599,-170569596.46046233,0
2024-08-06,nls,Nolus,0.0636270851414326,-9.422329656655426,-8.83421149906053,7.725464447648789,0,0,0,0,-10.531076708067168,0.038136938695520664,-171061477.26193357,0
2024-08-09,nls,Nolus,0.0748630462305476,-0.7176031480561562,-0.3717018244529746,0.1798444831904611,0,0,0,0,-0.9094604893186697,0.03797806370732389,-171077236.34311727,0
2024-08-10,nls,Nolus,0.0768927179261854,-3.11156556207689,-2.9392868422707275,-0.27296676926287233,0,0,0,0,-6.32381917361049,0.03668410616525177,-171236810.65002623,0
2024-08-11,nls,Nolus,0.0813865245002055,-0.6095393930081072,-0.1835900614480246,-0.042305997251090854,0,0,0,0,-0.8354354517072227,0.03209146750305896,-171245247.70056766,0
2024-08-13,nls,Nolus,0.0681380091959712,0.04820855072709129,0.5278377644188481,1.625447197496932,0,0,0,0,2.2014935126428714,0.033388046626947394,-171214376.10218155,0
2024-08-14,nls,Nolus,0.0741608461058689,-2.474015241810412,-2.237104999567552,-1.05765238633182,0,0,0,0,-5.768772627709784,0.03281561826217851,-171335181.43349978,0
2024-08-15,nls,Nolus,0.0633234780030865,-0.5999013441469803,-0.33483715749447196,-2.5978073051660777,0,0,0,0,-3.53254580680753,0.03293785341797424,-171367492.3748019,0
2024-08-17,nls,Nolus,0.06835602734029,0.35896284547602963,0.8739074103279121,-8.512443117796009,0,0,0,0,-7.279572861992067,0.012889045097236361,-171358725.6248245,0
2024-08-18,nls,Nolus,0.0777178145742455,-2.5689854991446603,-2.281278756823446,-3.6908084603720304,0,0,0,0,-8.541072716340135,0.014026270449121227,-171488900.22521162,0
2024-08-19,nls,Nolus,0.0845983831825848,-0.08686625723397512,0.02774567850398757,-7.823158903343231,0,0,0,0,-7.882279482073218,0.01194669032101109,-171515880.961654,0
2024-08-22,nls,Nolus,0.0833649461756395,-0.813598193993359,0.02229060544407524,-2.6631369801278337,0,0,0,0,-3.4544445686771175,0.011903781815927932,-171524674.30808952,0
2024-08-23,nls,Nolus,0.0825453744313245,-0.4038650480531536,-0.05968234994822019,-2.2700447537109536,0,0,0,0,-2.7335921517123274,0.011431691043645971,-171535867.85790154,0
2024-08-24,nls,Nolus,0.0848968352210492,-4.852963541776878,-4.856774432255517,-2.701602201395148,0,0,0,0,-12.411340175427544,0.018250565865384774,-171790216.64900622,0
2024-08-25,nls,Nolus,0.0892793600698495,0.04802235125316301,0.7030366619176442,-2.4366687369110407,0,0,0,0,-1.6856097237402334,0.01880933381537894,-171763193.3982547,0
2024-08-26,nls,Nolus,0.0911473364152319,-0.08532377995725815,0.23635869270064447,-1.6978326064367,0,0,0,0,-1.5467976936933137,0.018267296097984626,-171756690.68918508,0
2024-08-27,nls,Nolus,0.0753661059836407,-0.21303140547485055,0.22041355170132615,0.7033511085747346,0,0,0,0,0.7107332548012102,0.017594240165188714,-171748276.44251004,0
2024-08-29,nls,Nolus,0.0963115824978639,0.48285934802354546,0.8997068593295854,-1.0125152254470082,0,0,0,0,0.3700509819061226,0.01816392959857382,-171701630.16900843,0
2024-08-30,nls,Nolus,0.0746145759702463,-0.6711461792871853,-0.3242650105869105,-2.0739040325653546,0,0,0,0,-3.0693152224394504,0.01817457126609447,-171730446.68929723,0
2024-08-31,nls,Nolus,0.075891781550339,-1.2778793761145657,-0.9750331746163243,-0.6432723562768361,0,0,0,0,-2.896184907007726,0.018146342301736177,-171779825.1501595,0
2024-09-01,nls,Nolus,0.081674080838836,-0.34869133352691817,0.0912361193017075,-0.09418309537614356,0,0,0,0,-0.3516383096013542,0.005603321986121042,-171774031.97204727,0
2024-09-03,nls,Nolus,0.0845513615157748,-0.212112339007009,0.170127239188278,-0.41714830420561677,0,0,0,0,-0.45913340402434777,0.005421189548442036,-171766231.28822657,0
2024-09-04,nls,Nolus,0.0859968337610928,-0.4940271703894106,-0.1307471333712451,-0.028131204706838275,0,0,0,0,-0.652905508467494,0.005330328390798969,-171772262.969655,0
2024-09-06,nls,Nolus,0.079662031590949,-0.08049808438141959,0.704219039337528,0.8459983385433967,0,0,0,0,1.4697192934995051,0.005426571729942243,-171737280.71314335,0
2024-09-07,nls,Nolus,0.0759015176019832,-1.7114876896226816,-1.602693863501936,-0.12684941108351833,0,0,0,0,-3.441030964208136,0.005977728394208525,-171817131.53528184,0
2024-09-08,nls,Nolus,0.0779332751045187,0.0851562944029105,0.429640828573441,-1.431156863717331,0,0,0,0,-0.9163597407409796,0.006652582993811637,-171800306.15357193,0
2024-09-09,nls,Nolus,0.0798019765355611,-0.4962152453036439,-0.42420853007181236,-0.3039498976031285,0,0,0,0,-1.2243736729785848,0.00589285003717194,-171821202.50349763,0
2024-09-11,nls,Nolus,0.0841993859365108,-0.5109951683254899,0.29232241679315596,-0.39240001513709544,0,0,0,0,-0.6110727666694293,0.005871161407895718,-171807071.60468745,0
2024-09-12,nls,Nolus,0.0858890086155635,-0.20518912709190928,0.08915109914111596,-0.07179478187342436,0,0,0,0,-0.18783280982421768,0.005876650952209041,-171802502.07235107,0
2024-09-13,nls,Nolus,0.0732717485916214,-1.4968395361416253,-1.3410740678892252,-0.29859621758627775,0,0,0,0,-3.1365098216171283,0.007008265135008243,-171871774.43074557,0
2024-09-15,nls,Nolus,0.0726054056681178,0.10235029869956058,0.7448730274020932,1.4462173559771418,0,0,0,0,2.2934406820787956,0.007276528744387504,-171832110.2594116,0
2024-09-16,nls,Nolus,0.0834937141859176,-2.7165535667042606,-2.4748203917476785,-0.004915529990512368,0,0,0,0,-5.196289488442451,0.010220419583185023,-171947899.1849935,0
2024-09-17,nls,Nolus,0.0753419816618323,-0.19539899033391706,0.05439680225380883,-0.109881954009583,0,0,0,0,-0.25088414208969123,0.009888721975739834,-171947945.5901975,0
2024-09-18,nls,Nolus,0.0819485120919877,-0.009405758646852114,0.23025023902776276,0.17011840742924278,0,0,0,0,0.3909628878101534,0.010291436895879984,-171934805.38875255,0
2024-09-19,nls,Nolus,0.0948963826048495,-5.375212179592692,-5.123021078799717,0.12445814468740046,0,0,0,0,-10.373775113705008,0.020253857671644556,-172171642.61339808,0
2024-09-20,nls,Nolus,0.0889758416691518,2.544813166391924,2.9800739015642286,-0.14691281056617989,0,0,0,0,5.3779742573899725,0.025080659266003058,-172040793.88423818,0
2024-09-21,nls,Nolus,0.1003315152838071,0.4321817431323538,0.630300105204995,-0.03102522967823873,0,0,0,0,1.03145661865911,0.025526351678083616,-172008851.2603305,0
2024-09-22,nls,Nolus,0.0941492754265974,0.09081790813547652,0.4744347203305965,-1.0102713815234643,0,0,0,0,-0.44501875305739125,0.025520005392750688,-171991705.3016496,0
2024-09-23,nls,Nolus,0.0903709245010502,-4.122445616839054,-3.880915485007097,0.5286930377066179,0,0,0,0,-7.474668064139534,0.027781429028595036,-172171304.96502742,0
2024-09-24,nls,Nolus,0.0866212996409648,-0.13524694226110245,0.15821730352634233,-1.985780021327066,0,0,0,0,-1.9628096600618261,0.027809496904123352,-172171283.41440165,0
2024-09-25,nls,Nolus,0.0686889429287418,0.31648475953607313,0.6253636369193627,-0.9572247892267516,0,0,0,0,-0.01537639277131575,0.028017598925448067,-172150962.96097547,0
2024-09-27,nls,Nolus,0.0739636976576275,-0.46405827228034324,0.027820873809347724,0.008480486400785914,0,0,0,0,-0.4277569120702096,0.01989301599104851,-172148286.42436957,0
2024-10-01,nls,Nolus,0.0543040369763202,11.333743941122766,12.606937425147692,-24.883328378488923,0,0,0,0,-0.9426470122184654,0.04796614588530715,-171661185.23529512,0
2024-10-03,nls,Nolus,0.001030137828811,-4.983968651159298,-4.431251157242033,0.679452666081426,0,0,0,0,-8.735767142319904,0.053235093629754544,-171898902.27340865,0
2024-10-04,nls,Nolus,0.0008936028737025,-1.6836410493323295,-1.6816919492044335,0.4479767832997972,0,0,0,0,-2.917356215236966,0.05376600272800648,-171978921.17043015,0
2024-10-05,nls,Nolus,0.0021010790848216,2.3492933070802025,2.313037601735468,-1.1922975398931834,0,0,0,0,3.470033368922487,0.05090937987563612,-171871741.14266953,0
2024-10-06,nls,Nolus,0.007651702487446,5.725934870712979,5.71363255017574,-0.36988697381152846,0,0,0,0,11.06968044707719,0.05355553483994513,-171594084.75676885,0
2024-10-07,nls,Nolus,0.0082377901045359,7.7062740615220005,7.7188082737650765,-0.07617304488073406,0,0,0,0,15.348909290406343,0.057298459075384736,-171198638.94621354,0
2024-10-08,nls,Nolus,0.0015187320674607,-3.4908205511796297,-3.392053822503427,-6.523567562660371,0,0,0,0,-13.406441936343427,0.061227732026714686,-171402369.2393903,0
2024-10-09,nls,Nolus,0.002064547879643,2.501535717284531,2.416080223454342,-1.3816565596551755,0,0,0,0,3.5359593810836976,0.04732518285812943,-171276289.81096873,0
2024-10-11,nls,Nolus,0.0028624223193844,-0.405422789113119,-0.42743062255690134,-1.822737146994935,0,0,0,0,-2.6555905586649553,0.04001704221303304,-171303074.5505597,0
2024-10-13,nls,Nolus,0.0079126530660738,-14.330840204817985,-14.329078649704696,-6.331334063022743,0,0,0,0,-34.991252917545424,0.0732202817423894,-172093124.958647,0
2024-10-14,nls,Nolus,0.0008316702154652,1.1629029686893944,1.1640779976411109,0.026456984565181862,0,0,0,0,2.353437950895687,0.07272363623035415,-172040838.0624284,0
2024-10-15,nls,Nolus,0.0018099316860745,2.569194642717809,2.566573806519279,-0.6947844719685237,0,0,0,0,4.440983977268564,0.06936556842346935,-171920977.44098517,0
2024-10-18,nls,Nolus,0.0001990259415823,-3.5752270340645875,0.35144735878946953,4.065014871232253,0,0,0,0,0.8412351959571351,0.05917346899519749,-171896899.14912343,0
2024-10-19,nls,Nolus,0.0004125470902505,0.583651754087211,0.8500545700662387,-0.466035332760506,0,0,0,0,0.9676709913929438,0.05972118700743617,-171856532.92110193,0
2024-10-20,nls,Nolus,0.0002072924560728,-0.4662286944442928,-0.15687983645963355,0.39933938337346486,0,0,0,0,-0.2237691475304615,0.057293448515567884,-171863492.32120615,0
2024-10-21,nls,Nolus,0.0015969882207025,2.1027546251866536,2.330030938729677,-3.6954712183163707,0,0,0,0,0.7373143455999598,0.05925574843487423,-171756500.36469185,0
2024-10-22,nls,Nolus,0.0004622900425595,-1.9578425232179342,-1.7002006758769062,-4.044970856326913,0,0,0,0,-7.703014055421753,0.022182196659372024,-171849297.5573975,0
2024-10-23,nls,Nolus,0.0002268706770554,-0.05686130777156073,0.13723409149997146,1.6002745213199443,0,0,0,0,1.680647305048355,0.021643871075866385,-171839766.73547536,0
2024-10-24,nls,Nolus,0.001322096701862,-2.5946023934242723,-2.286679779941292,0.30007501875468634,0,0,0,0,-4.581207154610878,0.019684279744196873,-171951336.35546398,0
2024-10-26,nls,Nolus,0.0027426580493487,-0.11741033073356943,0.3847965395832542,-0.2978821228634243,0,0,0,0,-0.030495914013739522,0.015633398556964214,-171932984.65036002,0
2024-10-27,nls,Nolus,0.000551485677456,0.8044139811785422,1.0815261450090041,0.7634926459842761,0,0,0,0,2.6494327721718225,0.01587543121366603,-171880065.7502872,0
2024-10-28,nls,Nolus,0.0115595976695426,11.928853194183752,12.210723403419665,-3.0475895809564335,0,0,0,0,21.091987016646982,0.0488788643694652,-171286803.8417691,0
2024-10-29,nls,Nolus,0.0070404803620312,6.92595143704815,7.600747250815498,5.160859245666871,0,0,0,0,19.68755793353052,0.053172881545487286,-170863176.74118763,0
2024-10-30,nls,Nolus,0.0061039327683699,-1.9093602564705048,-2.027936367609451,-0.09546479024615806,0,0,0,0,-4.032761414326114,0.05311099183278211,-170983085.42112094,0
2024-11-01,nls,Nolus,0.0018533099980259,-3.9529876805335373,-3.441999138435581,-2.8682624309829263,0,0,0,0,-10.263249249952045,0.057645106650826464,-171188391.4660059,0
2024-11-02,nls,Nolus,0.0009519801425085,0.525708903664146,0.7645043808439222,-0.836699459248158,0,0,0,0,0.45351382525991024,0.05502251909240753,-171147635.42752835,0
2024-11-03,nls,Nolus,0.0005220959274913,-0.27991779392324556,-0.0394129483989758,-1.3742910501081562,0,0,0,0,-1.6936217924303776,0.05513151073561317,-171152458.24676,0
2024-11-04,nls,Nolus,0.0021205497585187,-7.695572246436111,-7.418384111904852,-2.446307472987197,0,0,0,0,-17.56026383132816,0.06642362979609445,-171572356.0123519,0
2024-11-05,nls,Nolus,0.0006312336260727,0.9078864586575808,1.0979327936795347,4.314684849095296,0,0,0,0,6.3205041014324115,0.04534203408749315,-171508350.11232316,0
2024-11-06,nls,Nolus,0.0004994597793267,0.33508710458634017,0.5215395717171667,-2.218018103531516,0,0,0,0,-1.3613914272280092,0.031351674334072314,-171485011.51085135,0
2024-11-07,nls,Nolus,0.0025086600082668,0.4938794947306757,0.8452806745081531,0.6033593980130147,0,0,0,0,1.9425195672518436,0.032412958641851834,-171438709.31609115,0
2024-11-08,nls,Nolus,0.0029756635755527,1.8885397574107454,2.115952709765967,-26.1483663925549,0,0,0,0,-22.143873925378188,0.03220615254917294,-171372313.12101147,0
2024-11-09,nls,Nolus,0.0012044277511675,-0.7035753010157797,-0.5060596585709454,9.947129756238215,0,0,0,0,8.73749479665149,0.03185742451217434,-171387359.11043066,0
2024-11-10,nls,Nolus,0.0025962356105151,-1.116673622023323,-0.8224749373018425,1.243663870642564,0,0,0,0,-0.6954846886826016,0.031820883020401244,-171429594.10954982,0
2024-11-11,nls,Nolus,0.0094382711861836,-8.917069565464441,-8.678674662153163,-4.191895479860119,0,0,0,0,-21.787639707477723,0.03623476861827584,-171899125.21240574,0
2024-11-12,nls,Nolus,0.00638631447342,-2.4664444116674233,-2.1290682159122,14.104725091354586,0,0,0,0,9.509212463774963,0.03548554681797421,-171984604.22649744,0
2024-11-14,nls,Nolus,0.0022581905613,-0.41529223106068214,-0.3934343399296325,-19.28023753901289,0,0,0,0,-20.088964110003207,0.03494877115320268,-172035360.92302427,0
2024-11-16,nls,Nolus,0.0016261612874727,-4.710189407620058,-4.30527709638967,-8.11919651968912,0,0,0,0,-17.13466302369885,0.03527288036293399,-172251512.99649194,0
2024-11-17,nls,Nolus,0.0026407842136368,3.5103336217031877,3.70960730509875,3.1047126038003414,0,0,0,0,10.32465353060228,0.038869183178462996,-172078090.06406203,0
2024-11-18,nls,Nolus,0.0025518711641708,0.2971788704963174,0.5295628812377107,-6.383385622433957,0,0,0,0,-5.556643870699929,0.03965185916691732,-172060802.68054718,0
2024-11-19,nls,Nolus,0.0025307154524998,-0.638766088801257,-0.4547531618176448,8.08080285685473,0,0,0,0,6.9872836062358274,0.03986465240061834,-172073250.72794697,0
2024-11-20,nls,Nolus,0.002050267095828,1.9911928833484138,2.2068491837293536,1.168746964487788,0,0,0,0,5.366789031565555,0.027196933488899337,-171967310.05873907,0
2024-11-21,nls,Nolus,0.0014827179183395,-2.6292298829792116,-2.356197399498694,1.331665302917795,0,0,0,0,-3.6537619795601106,0.027414410928901015,-172079989.9144724,0
2024-11-22,nls,Nolus,0.0022984769766618,3.053345343092273,3.2745928884237108,-0.8891793178290919,0,0,0,0,5.4387589136868915,0.03030296710727829,-171925934.30969167,0
2024-11-23,nls,Nolus,0.0026484452072359,0.8729453669337195,1.126996981164985,0.7523400247247958,0,0,0,0,2.7522823728235,0.021534974774138696,-171869814.49002418,0
2024-11-24,nls,Nolus,0.0041483824257529,4.8386105470829,5.087711004613227,-0.25591885385748414,0,0,0,0,9.670402697838643,0.024567082084773425,-171618239.06884944,0
2024-11-25,nls,Nolus,0.0080665743963863,5.449875848887786,5.677844096047746,-2.846699080311643,0,0,0,0,8.281020864623889,0.029031863718829286,-171325643.1094144,0
2024-11-28,nls,Nolus,0.0074160136416303,8.401417323974258,9.090958980680597,4.845812853028986,0,0,0,0,22.33818915768384,0.03550918495561973,-170820844.62916848,0
2024-12-01,nls,Nolus,0.0040211294540059,-9.860960877240943,-9.228697132143438,-27.726940223317186,0,0,0,0,-46.816598232701566,0.06100347934629621,-171410201.37660015,0
2024-12-02,nls,Nolus,0.0020269664370851,-0.9474780481732004,-0.7120417650132715,13.015939704122426,0,0,0,0,11.356419890935953,0.059441952500550295,-171437477.61954466,0
2024-12-03,nls,Nolus,0.0014026461896736,0.35769863926145007,0.581096335261444,17.359566067173972,0,0,0,0,18.298361041696865,0.05928207345994177,-171388140.3890576,0
2024-12-04,nls,Nolus,0.0017682830245365,-1.900769773406774,-1.55693266026532,14.629317668063301,0,0,0,0,11.171615234391208,0.06053028591786463,-171454535.10957205,0
2024-12-06,nls,Nolus,0.0035087964519215,-0.7144105779095633,-0.41267164746706664,10.952916276762114,0,0,0,0,9.825834051385485,0.058106850528274946,-171460598.39187372,0
2024-12-07,nls,Nolus,0.0063368131878183,6.479354306918261,6.688241731547895,-3.730181641166719,0,0,0,0,9.437414397299438,0.059788911956734615,-171109588.30170327,0
2024-12-08,nls,Nolus,0.0047391500876498,6.032480144609043,6.194045108576285,-0.6987031364225182,0,0,0,0,11.52782211676281,0.05488116111804106,-170759517.03841478,0
2024-12-09,nls,Nolus,0.0016719338885291,-0.3380415234529699,-0.12708661856620784,3.103819873447211,0,0,0,0,2.6386917314280334,0.0346758004278662,-170763636.8327878,0
2024-12-10,nls,Nolus,0.0070907177424026,-3.1379829560875483,-2.916947845811735,-9.111548415749093,0,0,0,0,-15.166479217648376,0.03786415153109534,-170951406.42219254,0
2024-12-11,nls,Nolus,0.0079247906403214,-3.881126312551142,-3.6127805755698628,-34.00401016019578,0,0,0,0,-41.497917048316786,0.0421503679247589,-171209978.3656189,0
2024-12-12,nls,Nolus,0.0056811451450396,-2.1262454575391776,-1.8539575193898927,-26.244554724026237,0,0,0,0,-30.22475770095531,0.042360268561913036,-171339456.7814001,0
2024-12-14,nls,Nolus,0.0099828954710056,-6.599284696762742,-6.284189886754266,23.351751770809436,0,0,0,0,10.46827718729243,0.049941151070608134,-171669754.90676835,0
2024-12-15,nls,Nolus,0.0035048681967263,-0.23452736164403243,0.05236080919790442,2.327090575528712,0,0,0,0,2.144924023082584,0.0396717455755233,-171667078.1143626,0
2024-12-17,nls,Nolus,0.0032674423307998,0.1678619643756818,0.6602001374341748,8.946525842357666,0,0,0,0,9.774587944167521,0.024468233994486062,-171625222.04772055,0
2024-12-18,nls,Nolus,0.0052092815931289,0.6603708727154212,0.8443115564729764,3.651878958745658,0,0,0,0,5.1565613879340555,0.026047346569534734,-171577126.0701075,0
2024-12-19,nls,Nolus,0.0070324580976866,1.7821563820667796,2.1866994100862236,-12.15579132704947,0,0,0,0,-8.186935534896467,0.029404431237833303,-171473253.742973,0
2024-12-20,nls,Nolus,0.0088712891413461,-7.125488733357221,-7.1113548374041375,62.52470867948523,0,0,0,0,48.28786510872387,0.035730341951056954,-171801886.0472915,0
2024-12-21,nls,Nolus,0.0108894534011134,1.6680624073487804,1.997401092957718,-27.33334609112037,0,0,0,0,-23.66788259081387,0.03816903770961963,-171739377.8296859,0
2024-12-22,nls,Nolus,0.0033760921838677,0.43629759553136527,0.5148645939893726,-7.43082703246799,0,0,0,0,-6.479664842947252,0.03067058727436082,-171722907.48824295,0
2024-12-23,nls,Nolus,0.0035948968412843,-0.10973665811593314,0.14133143450516528,-5.310772323672309,0,0,0,0,-5.279177547283076,0.03068393321006501,-171720558.3008193,0
2024-12-24,nls,Nolus,0.0020503496535905,-0.9016093388754864,-0.9874969422441149,0.3601997623148945,0,0,0,0,-1.5289065188047068,0.03064348402852727,-171771355.8318292,0
2024-12-25,nls,Nolus,0.0020510804539908,-1.9219337236642708,-1.4317806958904722,-1.646847506112059,0,0,0,0,-5.000561925666802,0.030549916675271033,-171845522.16432974,0
2024-12-26,nls,Nolus,0.0006591699047603,-0.25842497149264343,-0.10896261121292605,0.1433963285128792,0,0,0,0,-0.22399125419269028,0.028488338849525657,-171851264.33204347,0
2024-12-27,nls,Nolus,0.0011364809107914,-2.160513495606997,-1.9374559456715512,-7.907587772029123,0,0,0,0,-12.005557213307672,0.013366138928320776,-171954894.61905006,0
2024-12-28,nls,Nolus,0.0006786695472301,-0.13125115436954937,0.11583751986059543,9.411682734797001,0,0,0,0,9.396269100288047,0.009850398128518296,-171941777.8558976,0
2024-12-29,nls,Nolus,0.0032854863714057,-2.2278441954995176,-1.96963222602774,1.6708115753557795,0,0,0,0,-2.526664846171478,0.009780065916478202,-172036237.04528773,0
2024-12-30,nls,Nolus,0.0024754934105454,-0.09475464903607733,0.18540291482223026,0.926344105517507,0,0,0,0,1.01699237130366,0.009805520937912579,-172026717.82162088,0
2024-12-31,nls,Nolus,0.0019199551598745,0.17408002094851938,0.24614051539986193,8.085826367861815,0,0,0,0,8.506046904210196,0.01094409044819378,-172007708.18310037,0
2025-01-01,nls,Nolus,0.0019420728149787,0.6536926813714317,0.9442171105052299,-0.5530238011773658,0,0,0,0,1.0448859906992958,0.011434060749366886,-171962610.13609394,0
2025-01-03,nls,Nolus,0.0102269242147622,-2.92068825429459,-2.5476726550007323,-14.644248476045195,0,0,0,0,-20.112609385340516,0.014270337884651572,-172098771.8369711,0
2025-01-05,nls,Nolus,0.0007267937793187,3.2193165230135046,3.670918574551396,0.19118008309391143,0,0,0,0,7.081415180658812,0.02003738183068761,-171926789.87243816,0
2025-01-06,nls,Nolus,0.0030638755956222,-2.714172823515826,-2.5517306845214027,6.118170447438742,0,0,0,0,0.8522669394015137,0.02217604211060364,-172046799.59530726,0
2025-01-07,nls,Nolus,0.0036030244580681,4.498690826561913,4.712674672000694,28.67178762531728,0,0,0,0,37.883153123879886,0.02763843931175893,-171795022.08282903,0
2025-01-08,nls,Nolus,0.0045052857825049,-1.1496592415129792,-0.9380244259541315,-8.738432552281218,0,0,0,0,-10.826116219748329,0.028235780607843014,-171851840.34059238,0
2025-01-09,nls,Nolus,0.0011148478579578,-1.2474033900032877,-1.0746753843342005,-23.004998731069403,0,0,0,0,-25.32707750540689,0.028806227674349625,-171930180.31863892,0
2025-01-10,nls,Nolus,0.002835199585969,1.9258194378056315,2.274184110774513,-26.315399628906754,0,0,0,0,-22.115396080326608,0.02964082437724268,-171838549.28859434,0
2025-01-11,nls,Nolus,0.0034874805376355,0.238991231048713,0.3597910132301152,56.68030438585028,0,0,0,0,57.27908663012911,0.026255161269566445,-171786950.3366205,0
2025-01-15,nls,Nolus,0.0033286019761422,-4.488312575303787,-3.7928417618390387,30.660704203664736,0,0,0,0,22.37954986652191,0.02976632622749433,-171950686.69757527,0
2025-01-16,nls,Nolus,0.0045231609356132,-0.20992954383435292,0.0331316561342776,21.046829656327183,0,0,0,0,20.870031768627108,0.028001259481048212,-171923440.26535565,0
2025-01-17,nls,Nolus,0.0032305615617136,-0.17075505955321812,0.0466323063767371,-0.6285608815672861,0,0,0,0,-0.7526836347437671,0.01964021032468899,-171922457.77337626,0
2025-01-18,nls,Nolus,0.0105703394429283,3.055768920234514,3.2724924769000463,-63.52677514430574,0,0,0,0,-57.19851374717118,0.02407044229230161,-171852673.21560034,0
2025-01-19,nls,Nolus,0.0068229705758886,-0.4449569285773558,-0.24232412168674333,-6.612980849944594,0,0,0,0,-7.300261900208693,0.02363561564395517,-171869471.35397112,0
2025-01-20,nls,Nolus,0.0065599052721363,-2.528700594635269,-2.3960932875709107,-18.61191176734961,0,0,0,0,-23.53670564955579,0.02354094581655331,-171998978.59410077,0
2025-01-21,nls,Nolus,0.010317521172646,0.33254931189410364,0.5888404612817144,24.93631182906537,0,0,0,0,25.857701602241193,0.023602386465586284,-171959040.87313503,0
2025-01-22,nls,Nolus,0.0099066037040109,-0.22367710609313418,-0.21284618019562496,9.223506948127724,0,0,0,0,8.786983661838965,0.016410740553880757,-171965034.98564088,0
2025-01-23,nls,Nolus,0.0053277740567151,-1.0600959141096267,-0.6754723673027208,-25.577191818147483,0,0,0,0,-27.31276009955983,0.016876583042367558,-172013568.8758703,0
2025-01-24,nls,Nolus,0.0081365111200299,-1.0098584947438094,-0.8027495495527837,-45.14583167189868,0,0,0,0,-46.95843971619527,0.017190071488009943,-172070335.1645673,0
2025-01-25,nls,Nolus,0.0065540102399087,-0.9509624076352807,-0.763366381767927,-4.226692395125687,0,0,0,0,-5.9410211845288945,0.008992679111019312,-172108718.49052584,0
2025-01-26,nls,Nolus,0.0036863426779515,0.02998998820944454,0.28754059818281164,10.547306248620014,0,0,0,0,10.86483683501227,0.009505672904788013,-172093460.0164631,0
2025-01-28,nls,Nolus,0.0018628398506292,-3.1130998280973765,-2.7824429520171723,12.784151197772985,0,0,0,0,6.888608417658436,0.011377099526449237,-172225087.11225146,0
2025-01-29,nls,Nolus,0.0007787974311153,-0.4559709090446007,-0.26279410430515293,30.83300128392439,0,0,0,0,30.114236270574633,0.010347417798345221,-172229485.73548973,0
2025-01-30,nls,Nolus,0.0036281453178221,-0.17040811091354469,0.026403676215069893,-7.6951059599847715,0,0,0,0,-7.839110394683246,0.010413125526343851,-172230143.78698084,0
2025-02-01,nls,Nolus,0.0116379187768786,-4.88253298585496,-4.7287786385463715,-6.809704057410482,0,0,0,0,-16.421015681811813,0.0181583696125287,-172451321.3720255,0
2025-02-03,nls,Nolus,0.0049856732053413,-1.166870218846583,-1.1675163179773462,150.0201614886063,0,0,0,0,147.68577495178238,0.018096236999109293,-172460095.5788245,0
2025-02-04,nls,Nolus,0.024618609938743,1.535675144162485,1.5570061502126586,223.31778237575625,0,0,0,0,226.4104636701314,0.02153604177889663,-172218855.29344407,0
2025-02-05,nls,Nolus,0.0057660467202932,-1.9698107440606183,-1.8213907458571543,-11.278913584092109,0,0,0,0,-15.070115074009882,0.020991066777967353,-172332656.3195038,0
2025-02-06,nls,Nolus,0.004027106771043,-0.07937562432644985,-0.23223919841373064,3.5682990344570342,0,0,0,0,3.2566842117168537,0.020124077663748623,-172335628.48404554,0
2025-02-07,nls,Nolus,0.0042346944624218,-1.4310906568722137,-1.4641932977256689,-2.9558502637544226,0,0,0,0,-5.851134218352305,0.02000000269038894,-172406287.04663128,0
2025-02-08,nls,Nolus,0.0088008267204424,-2.096993693502802,-2.0619138053634356,-4.29826284853545,0,0,0,0,-8.45717034740169,0.01972476308419499,-172503417.3348959,0
2025-02-09,nls,Nolus,0.0066526491215979,-0.030657356613028597,-0.005586851773398127,2.0518347754059363,0,0,0,0,2.0155905670195096,0.012994537557212735,-172499947.11188903,0
2025-02-10,nls,Nolus,0.0100134410826027,-4.097863518426581,-4.088233239158279,-0.31376909891270843,0,0,0,0,-8.499865856497568,0.018233555304242487,-172672608.1486213,0
2025-02-11,nls,Nolus,0.0211395754740672,-3.5596021370329356,-3.5637372156128944,-1.2992473026359086,0,0,0,0,-8.422586655281739,0.01562977035289663,-172817267.96492204,0
2025-02-12,nls,Nolus,0.0391124318627119,-1.9252539427672355,-1.9414863344447864,-2.9757374740166043,0,0,0,0,-6.842477751228626,0.015627125630120146,-172895330.091135,0
2025-02-13,nls,Nolus,0.0356462491628851,0.5626711470768875,0.5626711470765766,-0.7192633806403226,0,0,0,0,0.4060789135131415,0.016994650340214072,-172875960.43418202,0
2025-02-14,nls,Nolus,0.0357112062347544,-0.7310444940743843,-0.7310444940739624,0.37454508470378123,0,0,0,0,-1.0875439034445655,0.017445825049941095,-172903428.76839983,0
2025-02-15,nls,Nolus,0.0347373098875148,0.13494079952305338,0.1259446132371389,12.184050845565997,0,0,0,0,12.44493625832619,0.018594627457382218,-172874346.52594146,0
2025-02-17,nls,Nolus,0.0161177105909411,0.02224718440051454,0.0088673442347309,0.0,0,0,0,0,0.031114528635245442,0.01865948489377802,-172878242.98928657,0
2025-02-18,nls,Nolus,0.0194864929357007,-2.1646880802058344,-2.1428074805538655,0.0,0,0,0,0,-4.307495560759699,0.015027279733054072,-172959657.88559383,0
2025-02-19,nls,Nolus,0.029357615676372,-8.485375663877603,-8.478740600784896,0.0,0,0,0,0,-16.9641162646625,0.03126029675984939,-173275856.919529,0
2025-02-20,nls,Nolus,0.0292940640477511,2.2385504097693687,2.2238514629557393,0.0,0,0,0,0,4.462401872725108,0.03474520612720284,-173199439.88066757,0
2025-02-21,nls,Nolus,0.0303039173723608,-0.6605467487083128,-0.6338253279270512,0.0,0,0,0,0,-1.294372076635364,0.03400884112088752,-173221498.76898837,0
2025-02-22,nls,Nolus,0.0282945166480458,-4.365410039116768,-4.379064829666501,-1.8464970095545041,0,0,0,0,-10.590971878337774,0.0355938397490822,-173378939.65479064,0
2025-02-23,nls,Nolus,0.0128740118869203,0.4129954615439413,0.4080859288241312,0.8307249538893613,0,0,0,0,1.6518063442574338,0.035872839830303635,-173366545.30021343,0
2025-02-27,nls,Nolus,0.0472376991093355,-5.856136483759911,-5.895905501744236,-3.7367602399822286,0,0,0,0,-15.488802225486374,0.03757908444863143,-173565875.6395003,0
2025-02-28,nls,Nolus,0.047518511699943,0.05347006334726068,0.026364754559171644,0.0,0,0,0,0,0.07983481790643232,0.03901092081776378,-173564990.64358282,0
2025-03-01,nls,Nolus,0.0496081224893231,-6.968798851239299,-6.904820289841229,0.0,0,0,0,0,-13.873619141080528,0.03529992214617874,-173782706.27717677,0
2025-03-02,nls,Nolus,0.0337986514289432,5.467744353581261,5.4405440255908655,0.0,0,0,0,0,10.908288379172127,0.04323087476750242,-173625622.01944846,0
2025-03-03,nls,Nolus,0.0488852922931696,1.884360187603562,1.9106431325530249,0.0,0,0,0,0,3.795003320156587,0.045274826559129726,-173563611.98213893,0
2025-03-04,nls,Nolus,0.0528076071905123,-6.756196682242477,-6.881314801024018,0.0,0,0,0,0,-13.637511483266495,0.04870998227480427,-173780360.4977471,0
2025-03-05,nls,Nolus,0.0515772349964634,1.4191465679509685,1.5759020391421075,0.929371094415532,0,0,0,0,3.924419701508608,0.04957148681817767,-173732204.19190714,0
2025-03-06,nls,Nolus,0.0340991337353866,0.13837885501974956,0.12484713764087108,-68.58929329891853,0,0,0,0,-68.32606730625791,0.045908241635903915,-173880198.76488066,0
2025-03-08,nls,Nolus,0.0445038201169341,1.673958418142174,1.8017557325857858,0.0,0,0,0,0,3.47571415072796,0.04674093105641286,-173824452.73577648,0
2025-03-09,nls,Nolus,0.043077046237166,-3.961706896117345,-4.0952980033950315,0.0,0,0,0,0,-8.057004899512377,0.040747401148741896,-173949423.4870441,0
2025-03-10,nls,Nolus,0.0211914636052094,0.8678253357951471,0.8748153313392626,0.0,0,0,0,0,1.7426406671344097,0.033485981737200986,-173927694.06175706,0
2025-03-11,nls,Nolus,0.0426409410741518,-0.039870491988280854,-0.03987049198891368,0.0,0,0,0,0,-0.07974098397719454,0.03177989263410068,-173925124.6384819,0
2025-03-13,nls,Nolus,0.0581297621465475,0.02308333121818773,0.6084314470335972,0.0,0,0,0,0,0.6315147782517849,0.01883416316620294,-173904488.1939575,0
2025-03-14,nls,Nolus,0.0460566717268394,-1.3948638663332846,-1.984269072192757,1.0587995648650095,0,0,0,0,-2.320333373661032,0.018339897165305104,-173964688.36693114,0
2025-03-15,nls,Nolus,0.0376786866533892,2.4246777793529573,2.441096982930646,3.786410265207407,0,0,0,0,8.652185027491011,0.021234232216495258,-173892656.89653406,0
2025-03-16,nls,Nolus,0.0339350570941905,0.40503272804666146,0.4050327280478383,19.827276295944294,0,0,0,0,20.637341752038793,0.020015796594438553,-173867118.97037038,0
2025-03-18,nls,Nolus,0.0253063566534873,-0.7066577388644024,-0.7066577388653905,7.58238271928493,0,0,0,0,6.169067241555137,0.012170379193206501,-173883245.3880942,1
2025-03-19,nls,Nolus,0.015772389168542,-1.3620932795444296,-1.2898688264496472,1.8703361797061335,0,0,0,0,-0.7816259262879433,0.013092656446004441,-173921393.787757,0
2025-03-20,nls,Nolus,0.0199059073978467,0.9639151391570344,0.9656734241237253,0.7041921141810681,0,0,0,0,2.6337806774618278,0.013696274901652969,-173891783.91862303,1
2025-03-21,nls,Nolus,0.0137543539980629,-0.4464209830693733,-0.5304582131108626,2.0012560576661675,0,0,0,0,1.0243768614859317,0.013826249489116713,-173906624.47213018,0
2025-03-23,nls,Nolus,0.0300692492930803,-0.9764314488160952,-0.9150027760807977,4.363861370974176,0,0,0,0,2.472427146077283,0.013207692526367564,-173926462.3991785,1
2025-03-24,nls,Nolus,0.0327715503965944,1.713051045264602,1.6596637429634908,3.0093924273554506,0,0,0,0,6.382107215583543,0.011188634961363816,-173874649.34843138,0
2025-03-25,nls,Nolus,0.0270360293381551,-0.0037388577846186877,-0.1927578308825173,-7.983690123748765,0,0,0,0,-8.1801868124159,0.011011650285141701,-173889624.6965903,0
2025-03-26,nls,Nolus,0.0323784806110613,-0.6088210783242953,-0.4039744869416273,3.0445849616330234,0,0,0,0,2.0317893963671008,0.010930228248980193,-173897722.47926024,0
2025-03-28,nls,Nolus,0.033168742707602,0.08965105089027148,0.1656634317863448,10.51339379624121,0,0,0,0,10.768708278917828,0.009415165659033418,-173882389.91204885,1
2025-03-30,nls,Nolus,0.0334894804045928,-0.0838192364623569,-0.20462767850958352,0.0,0,0,0,0,-0.2884469149719404,0.008620403143988957,-173888364.73753366,0
2025-03-31,nls,Nolus,0.0317194109180624,0.28251520125390783,0.18798666299781885,0.0,0,0,0,0,0.4705018642517267,0.008494331559530482,-173883144.86899278,1
2025-04-01,nls,Nolus,0.0357457934407763,-4.267562004121439,-4.114739566553672,0.0,0,0,0,0,-8.38230157067511,0.018451883277021946,-174003708.2311929,0
2025-04-02,nls,Nolus,0.0330619799557464,0.02778510931233935,0.029833443498294976,0.0,0,0,0,0,0.05761855281063433,0.016177503747989864,-174003314.8486119,0
2025-04-04,nls,Nolus,0.0344925706366927,0.3643537638684746,0.3253541084333733,0.0,0,0,0,0,0.6897078723018479,0.01648032818202105,-173993879.03335717,0
2025-04-06,nls,Nolus,0.0337686627751385,0.008225552511142986,-0.1388753929220221,0.0,0,0,0,0,-0.13064984041087913,0.016638718823971967,-173997938.62773108,0
2025-04-07,nls,Nolus,0.0354764561183135,-5.033447367069888,-4.926040480956617,0.0,0,0,0,0,-9.959487848026505,0.02343445092237476,-174137153.4527896,0
2025-04-08,nls,Nolus,0.0403491948762336,-3.699199163187017,-3.7194165841190285,0.0,0,0,0,0,-7.4186157473060454,0.024416989204170698,-174236546.96664625,0
2025-04-09,nls,Nolus,0.0397523388672327,-0.6001118643436665,-0.536471079275247,0.0,0,0,0,0,-1.1365829436189134,0.023393096333768692,-174250549.01092267,0
2025-04-10,nls,Nolus,0.0396229269850647,0.3420317528157524,0.33636096281777217,0.0,0,0,0,0,0.6783927156335245,0.022018300725200925,-174241894.031253,0
2025-04-11,nls,Nolus,0.0353996370735873,-0.4814231532583535,-0.46302035734370195,0.0,0,0,0,0,-0.9444435106020554,0.021614999854352005,-174254520.1278064,0
2025-04-12,nls,Nolus,0.0380987555902456,1.0868892580847112,1.040479947490458,0.0,0,0,0,0,2.127369205575169,0.022688099554176933,-174227310.96837825,0
2025-04-13,nls,Nolus,0.0385021311302693,0.8490328821642468,0.8840040836033181,0.0,0,0,0,0,1.7330369657675648,0.02363514603863762,-174204244.12031126,0
2025-04-14,nls,Nolus,0.0355603573546552,0.0669341111217081,-0.03365468931997295,0.0,0,0,0,0,0.033279421801735154,0.016047848764631473,-174205585.21355772,0
2025-04-15,nls,Nolus,0.0357337783213798,-0.39955682974255335,-0.3258993550748879,0.0,0,0,0,0,-0.7254561848174412,0.006669091867718838,-174214109.88242644,0
2025-04-16,nls,Nolus,0.0358812138652496,0.9259225403847715,0.8909235572351015,0.0,0,0,0,0,1.816846097619873,0.006398566070362992,-174190785.05979085,0
2025-04-18,nls,Nolus,0.0357465962412653,0.6100643211217616,0.6606727897475961,0.0,0,0,0,0,1.2707371108693577,0.006478700458593699,-174173372.51124042,0
2025-04-20,nls,Nolus,0.0366799192717307,0.28807093907348147,0.28868464781346415,0.0,0,0,0,0,0.5767555868869456,0.005323995596794436,-174165557.10430667,0
2025-04-21,nls,Nolus,0.0365933825373873,0.2937541426807355,0.2807837623628462,0.0,0,0,0,0,0.5745379050435817,0.004641239650657275,-174158090.68709016,0
2025-04-22,nls,Nolus,0.0363687255311328,1.5481325069618856,1.604617298290112,0.0,0,0,0,0,3.1527498052519976,0.006288000404824118,-174115259.78914043,0
2025-04-23,nls,Nolus,0.0367602386619857,2.9335532758149485,2.8896297218681033,0.0,0,0,0,0,5.823182997683052,0.010854767198788584,-174036761.4282779,0
2025-04-24,nls,Nolus,0.034967671266649,1.1951882443673068,1.1958041417100995,0.0,0,0,0,0,2.3909923860774063,0.009264737357832674,-174003665.16282168,0
2025-04-25,nls,Nolus,0.034865073368745,0.9990102465061046,0.9983942531302414,0.0,0,0,0,0,1.997404499636346,0.009244166718614864,-173975468.83544338,0
2025-04-26,nls,Nolus,0.0357044671279876,0.645636383378001,0.6518777171152346,0.0,0,0,0,0,1.2975141004932356,0.009212130137152157,-173956720.64145568,0
2025-04-27,nls,Nolus,0.0345406975474536,0.37809256902054944,0.37434425665228144,0.0,0,0,0,0,0.7524368256728309,0.009080504935055383,-173946165.20339486,0
2025-04-29,nls,Nolus,0.030456653327949,0.4913156439346311,0.4887293068374543,0.0,0,0,0,0,0.9800449507720854,0.008799302251221686,-173932774.61627665,0
2025-04-30,nls,Nolus,0.0348147940067851,0.9469307015775863,0.9868001330276099,0.0,0,0,0,0,1.9337308346051962,0.008661181287637536,-173903433.0937539,0
2025-05-01,nls,Nolus,0.0378354853291179,4.557559063105798,4.517434402844089,0.0,0,0,0,0,9.074993465949888,0.014587755639867136,-173770699.10318834,0
2025-05-02,nls,Nolus,0.0314986046569299,0.6264892768717445,0.6245838377477275,0.0,0,0,0,0,1.251073114619472,0.014822879472622803,-173752749.85476506,0
2025-05-03,nls,Nolus,0.0306758550992299,0.7488080225129812,0.7501194926024413,0.0,0,0,0,0,1.4989275151154224,0.014919124319277175,-173729821.22865793,0
2025-05-04,nls,Nolus,0.0309003994448172,0.37647065357702125,0.37552795055220134,0.0,0,0,0,0,0.7519986041292226,0.015118945232460613,-173718139.37693074,0
2025-05-05,nls,Nolus,0.0306804122050619,-0.08552694612622425,-0.08559995332290127,0.0,0,0,0,0,-0.1711268994491255,0.015612469809586908,-173720843.30942366,0
2025-05-06,nls,Nolus,0.0327141384289321,1.171914297648069,1.1725310881242068,-0.5862662508055672,0,0,0,0,1.7581791349667086,0.015384426466016902,-173684649.26276967,0
2025-05-07,nls,Nolus,0.0294936696289931,-0.04492101765628531,-0.044626843622286305,17.987663945075827,0,0,0,0,17.898116083797255,0.016088208305006145,-173667253.8617088,1
2025-05-08,nls,Nolus,0.0302341169427809,-1.3624931499859438,-1.3628644207118845,4.592715546519477,0,0,0,0,1.8673579758216485,0.008207318304939397,-173704115.95999122,1
2025-05-10,nls,Nolus,0.0348041267605195,1.0058829936731462,1.001248805308541,-23.031110362437058,0,0,0,0,-21.02397856345537,0.008646062339553352,-173702872.73758894,0
2025-05-11,nls,Nolus,0.0335953041971309,0.9080965542290764,0.9105432243692979,-9.041090367708248,0,0,0,0,-7.222450589109875,0.008815879405328015,-173683835.9337824,0
2025-05-12,nls,Nolus,0.0306894479215583,0.8083200175837524,0.8111687227702724,-1.9536951146541415,0,0,0,0,-0.3342063743001167,0.009041749963391537,-173660563.90763924,0
2025-05-13,nls,Nolus,0.0307713765792014,0.21669649176070394,0.21732023375349296,-0.6571044779974944,0,0,0,0,-0.22308775248329749,0.008873593593159677,-173654224.59642705,0
2025-05-14,nls,Nolus,0.0305240003920322,0.29042430563757105,0.2892494468402118,0.9562597308041099,0,0,0,0,1.5359334832818927,0.008170359571363715,-173644167.74084947,0
2024-06-01,one,Harmony,0.0177324998898028,0.0,0.0,0.0,0,0,0,0,0.0,0.0,79595816.93137467,0
2024-06-02,one,Harmony,0.011574690675693,0.30339529569824997,0.18751063309414562,1.984724685823358,0,0,0,0,2.4756306146157536,0.0,79998462.244741,0
2024-06-03,one,Harmony,0.0253242488158132,-0.8432599338338287,-0.7874633303671885,-3.2204394474366183,0,0,0,0,-4.8511627116376355,0.0081080768848515,78161522.47479299,0
2024-06-04,one,Harmony,0.0233290696766134,1.8856788584500128,1.7240505579580567,3.4223847614744285,0,0,0,0,7.032114177882498,0.01370252192140755,82543153.71500298,1
2024-06-05,one,Harmony,0.0239199912034098,4.121088198582656,4.235119389938036,-16.943684999163754,0,0,0,0,-8.587477410643062,0.021502351192934022,93358900.17584947,0
2024-06-06,one,Harmony,0.0211993187348966,-0.08582975760325073,-0.21205086591351563,2.629205144000535,0,0,0,0,2.3313245204837685,0.019722111239183604,92762716.88720259,0
2024-06-07,one,Harmony,0.0178913694666573,-1.923298409158558,-1.8289484451681326,19.84630027905725,0,0,0,0,16.094053424730557,0.02147371964704965,87937893.77525598,1
2024-06-08,one,Harmony,0.0524471667328209,-11.021630964036877,-10.951398409245572,-27.388717412760457,0,0,0,0,-49.3617467860429,0.048019431608802114,59267162.003738105,0
2024-06-09,one,Harmony,0.0270232178042027,-6.744925010998548,-6.809608603722395,-3.9474404699730514,0,0,0,0,-17.501974084693995,0.05186919457081978,42870373.42267653,0
2024-06-10,one,Harmony,0.0201583455272307,0.6525324798148047,0.6884099614801409,5.165360124630891,0,0,0,0,6.506302565925837,0.05276752149636342,44321273.90390715,0
2024-06-11,one,Harmony,0.0261652848970999,-3.017744469319139,-3.0163570521300254,-0.7968047637008313,0,0,0,0,-6.830906285149996,0.050134006187518114,37737926.616078675,0
2024-06-12,one,Harmony,0.0415711694842966,-3.0834482120296824,-3.1062457712925595,-1.9075882919088127,0,0,0,0,-8.097282275231056,0.04058359177654421,31266747.13809076,0
2024-06-13,one,Harmony,0.0313313238389631,3.973636425535343,4.003412077906887,1.2674179267898156,0,0,0,0,9.244466430232045,0.048563756447049,39453815.42218509,0
2024-06-14,one,Harmony,0.0226380160622384,-5.028500948633274,-4.8873577951043305,-2.9627773761295217,0,0,0,0,-12.878636119867126,0.04880882556830061,28784484.042435586,0
2024-06-15,one,Harmony,0.031993677668255,-4.06136756491623,-4.174554656861251,14.495473067538622,0,0,0,0,6.259550845761142,0.036354804304555906,20421174.93176052,0
2024-06-17,one,Harmony,0.0156345490143217,3.719360782777703,3.652969904476855,2.1516077561727576,0,0,0,0,9.523938443427316,0.037360790699063944,27422309.22927323,0
2024-06-18,one,Harmony,0.0363230653859528,-8.847060104034089,-8.937371036866914,-1.6303637272275906,0,0,0,0,-19.414794868128595,0.046569430584869745,9438456.599010915,0
2024-06-19,one,Harmony,0.0638925208312007,-5.977296558732659,-6.152362619797391,-7.771810913427101,0,0,0,0,-19.90147009195715,0.048592096890825935,-1754915.6872516572,0
2024-06-20,one,Harmony,0.0390958568389015,1.5864876840294029,1.7838268062462914,-0.6822938505561926,0,0,0,0,2.6880206397195017,0.051205945548754246,1093186.5930939317,0
2024-06-21,one,Harmony,0.0326734185751025,1.4292633122617637,1.649985201555948,-15.25551826886915,0,0,0,0,-12.176269755051438,0.04690632146669643,3851723.0270139873,0
2024-06-22,one,Harmony,0.0298719884796359,-0.7950453143954705,-0.9245336209032784,25.236079522421683,0,0,0,0,23.516500587122934,0.045748824244970836,2295285.961348444,0
2024-06-23,one,Harmony,0.0161465565398114,-0.7793395348674736,-0.7981213259280584,-3.3461163005831573,0,0,0,0,-4.92357716137869,0.04477547231701164,702994.9339405298,0
2024-06-25,one,Harmony,0.032639400860582,0.2251705572581253,0.1904360605605282,-0.06693540711181223,0,0,0,0,0.34867121070684126,0.03981537572395086,1213101.0960274339,0
2024-06-26,one,Harmony,0.0177416949334919,0.8705839293544404,0.7922661063908931,2.4858532352249885,0,0,0,0,4.148703270970322,0.026027296267405717,2477867.9398375154,0
2024-06-27,one,Harmony,0.0193188831010065,-3.317582192328805,-3.142506641252474,-21.471185023027196,0,0,0,0,-27.931273856608478,0.017091497171044284,-3269755.3126966655,0
2024-06-28,one,Harmony,0.0200050540106504,1.8560092895365754,1.8543555050382965,-1.124331775672771,0,0,0,0,2.586033018902101,0.017561656522215762,-58186.30785489082,0
2024-06-29,one,Harmony,0.0187981619668827,-3.014030493244857,-3.0431827717390836,-3.6769415931714233,0,0,0,0,-9.734154858155364,0.019182126999027455,-5456580.7665652335,0
2024-07-02,one,Harmony,0.0195589868257079,-0.6636812518538648,-0.706545388287072,6.468346012416748,0,0,0,0,5.098119372275811,0.01917858855111363,-6623719.85016939,0
2024-07-04,one,Harmony,0.0245448999853835,-7.142684781398567,-7.145279285719253,20.067918961925947,0,0,0,0,5.779954894808127,0.031071590396187922,-18597950.475625724,0
2024-07-05,one,Harmony,0.0357106750394855,-10.321699272952012,-10.050092663546872,-4.653534274858595,0,0,0,0,-25.02532621135748,0.04374433885012323,-34381967.20699185,0
2024-07-06,one,Harmony,0.0613715386544376,-0.714058116327454,-1.0470188038540384,-21.493762067954826,0,0,0,0,-23.254838988136317,0.041706815255298554,-35788732.79457003,0
2024-07-07,one,Harmony,0.0222437607094768,9.81526194092468,9.774759064818394,36.06180591293642,0,0,0,0,55.6518269186795,0.06487879176009964,-22220307.86331913,0
2024-07-08,one,Harmony,0.0199410117383795,-7.047414100956139,-7.084820237907019,-7.029536070061171,0,0,0,0,-21.16177040892433,0.06602318373779999,-33200965.669175178,0
2024-07-09,one,Harmony,0.0301820818928997,2.3969047757418815,2.5164305717118474,2.5088459299217103,0,0,0,0,7.422181277375439,0.06874251297158564,-29494823.889080375,0
2024-07-10,one,Harmony,0.0231823577028971,5.375778601330139,5.553551065563256,4.880328514142995,0,0,0,0,15.80965818103639,0.07420477371162429,-21375085.9911097,0
2024-07-11,one,Harmony,0.0187919312089524,0.2937610423649817,0.2779062600604787,-0.22271094656572954,0,0,0,0,0.34895635585973084,0.06925525403227499,-20986559.022176504,0
2024-07-12,one,Harmony,0.0253564380481913,0.41070613672815615,0.2688459320825176,-1.4447382843461476,0,0,0,0,-0.7651862155354738,0.05253117440012352,-20518054.063189626,1
2024-07-13,one,Harmony,0.0179676512816532,1.9961703768996308,1.9423875852818684,0.9578876482482679,0,0,0,0,4.896445610429767,0.051614322305910294,-17555817.864064544,1
2024-07-14,one,Harmony,0.0170654455120859,0.3222112202220462,0.3942533249420288,-3.1646826545360995,0,0,0,0,-2.4482181093720246,0.0380014851036044,-16959556.171420485,0
2024-07-16,one,Harmony,0.0248149953319021,10.036318882143757,9.929014174203509,7.766032682918311,0,0,0,0,27.731365739265577,0.03599078371317711,-1008597.826546222,1
2024-07-17,one,Harmony,0.0256780226313941,-1.287525399782008,-1.1380596488942407,2.249229071647374,0,0,0,0,-0.17635597702887473,0.039501696607162934,-2978493.9761267006,1
2024-07-18,one,Harmony,0.0336550597456238,3.9157257516226895,4.00987513723976,3.625440050477491,0,0,0,0,11.551040939339941,0.03805820135109424,4079603.912346989,1
2024-07-19,one,Harmony,0.0226712965226154,-2.179028115527004,-2.3217511081100817,-1.315966982832184,0,0,0,0,-5.81674620646927,0.04118600971796469,-230470.9719387889,1
2024-07-21,one,Harmony,0.0167474374738355,3.5667114861830607,3.6269374830024237,1.4514091935776685,0,0,0,0,8.645058162763153,0.04102667636012103,6098792.002981722,1
2024-07-23,one,Harmony,0.0177566904386719,-4.241305694692022,-4.266666971313626,-14.302424457439455,0,0,0,0,-22.810397123445107,0.04806451577508368,-1773928.919651717,0
2024-07-24,one,Harmony,0.0174703216682706,-2.5831291787507205,-2.5289150070954114,-9.592060500011268,0,0,0,0,-14.7041046858574,0.05039613156446708,-6250962.736890942,0
2024-07-25,one,Harmony,0.0195898009603535,-5.47638200135192,-5.614192330793221,20.600451054745417,0,0,0,0,9.509876722600275,0.03635621984780405,-15664517.637351543,0
2024-07-26,one,Harmony,0.0256199239214711,-1.2672537151977137,-1.1890917296086934,-22.649194041364684,0,0,0,0,-25.105539486171093,0.03635533443233497,-17672494.619248062,0
2024-07-28,one,Harmony,0.026566167234466,8.19327774726415,8.249534256486001,8.228263392139112,0,0,0,0,24.67107539588926,0.04806008578840656,-4524297.0489932895,0
2024-07-29,one,Harmony,0.0189569770439342,-4.710875612413268,-4.74637740393502,26.32040669194606,0,0,0,0,16.863153675597772,0.05037038330129516,-12603350.457035452,0
2024-07-31,one,Harmony,0.0320048636233679,-2.241749528639936,-2.2528036627334935,-3.570024139938366,0,0,0,0,-8.064577331311796,0.0463494324341587,-16191226.418208688,0
2024-08-01,one,Harmony,0.0395074304290837,-3.5224652585034044,-3.603063663305661,0.7694152174170021,0,0,0,0,-6.3561137043920635,0.04578451408255975,-21883857.999943882,0
2024-08-02,one,Harmony,0.0583694140569416,0.3223762544993347,0.4502392823467316,-1.8872761975301633,0,0,0,0,-1.114660660684097,0.04612220634524613,-21028898.921946228,0
2024-08-03,one,Harmony,0.0440250323080296,-7.992435977060309,-8.209203142732502,-5.350966785483102,0,0,0,0,-21.55260590527591,0.0507219523899938,-33929028.42833999,0
2024-08-04,one,Harmony,0.0503034603326875,-6.241504580844182,-6.091440422583161,-27.560091290129474,0,0,0,0,-39.89303629355681,0.05357765561179218,-42730997.72997731,0
2024-08-06,one,Harmony,0.2871589395844143,-12.0533712559049,-12.01829616335971,-12.161397176278044,0,0,1,1,-36.23306459554265,0.040445879477804744,-57210630.14100738,0
2024-08-08,one,Harmony,0.0648260922964077,2.1479213485015247,2.2420829943527565,-2.199123555181215,0,0,0,0,2.1908807876730663,0.04920414114558957,-56128707.57173462,0
2024-08-11,one,Harmony,0.029503376826553,10.07350590555285,10.103334761735994,45.51746235645577,0,0,0,0,65.69430302374462,0.07349968869957947,-44055901.64627032,0
2024-08-12,one,Harmony,0.0350179359948334,-7.306570783479815,-7.532098119928166,-6.535797284472777,0,0,0,0,-21.374466187880756,0.07576249385621722,-54018817.143047065,0
2024-08-14,one,Harmony,0.037114076581464,7.78633092952552,7.896231892478056,-15.485017447974547,0,0,0,0,0.19754537402902894,0.08581493810674645,-44425828.93820301,0
2024-08-15,one,Harmony,0.0379846431404789,-2.7445901227919345,-2.7279308344518194,-1.940683401581833,0,0,0,0,-7.413204358825587,0.08184767493663914,-48030361.18879089,0
2024-08-17,one,Harmony,0.0439349028438624,-5.413929599059286,-5.408701151565543,-4.700888507288459,0,0,0,0,-15.52351925791329,0.08105250496795405,-54956499.5617564,0
2024-08-19,one,Harmony,0.0495149669399681,5.207348818015611,5.242063219420778,1.1083418873328643,0,0,0,0,11.557753924769255,0.06714182757020813,-48537930.62280001,1
2024-08-20,one,Harmony,0.040582599979864,1.2612066092746899,1.2712824836502934,0.4440703624249531,0,0,0,0,2.9765594553499364,0.06705922648001265,-46977811.3594978,1
2024-08-21,one,Harmony,0.0448778712683651,2.2679392323230463,2.1979166929673832,4.363855535376215,0,0,0,0,8.829711460666644,0.055459771864622455,-44078089.01467517,0
2024-08-22,one,Harmony,0.061277998846531,6.541000796448193,6.541765914706321,30.14686967528979,0,0,0,0,43.229636386444305,0.04871129438845247,-35140293.368071675,1
2024-08-23,one,Harmony,0.0315894454892805,0.9415738686154196,0.9792072267866603,-19.33480335054333,0,0,0,0,-17.414022255141248,0.041849642295267435,-34124805.43097794,1
2024-08-24,one,Harmony,0.061717666740924,9.956453886412353,9.942556304884032,9.170047975157235,0,0,0,0,29.069058166453623,0.04905538558951213,-19649767.143806458,1
2024-08-25,one,Harmony,0.0612528422745462,3.6424374765022582,3.613052794662286,-0.5530113674558912,0,0,0,0,6.702478903708653,0.032379114684356364,-13993447.30017829,1
2024-08-26,one,Harmony,0.1030337093445643,-0.1992074385516962,-0.1910228429905847,3.1192580595963415,0,0,0,0,2.7290277780540606,0.03598900278329943,-13886378.999343365,1
2024-08-27,one,Harmony,0.0565754928592998,-6.5927337467936,-6.458053172393763,-9.311512782228615,0,0,0,0,-22.362299701415978,0.05252820144312198,-24848820.326963425,1
2024-08-28,one,Harmony,0.0520755985629719,-5.6986815734319745,-5.8696081429184925,5.385825774447306,0,0,0,0,-6.182463941903161,0.060759792653632,-33758295.75514269,1
2024-08-29,one,Harmony,0.0472944823039628,-0.4008850863785218,-0.35028464340944865,-9.107687947282649,0,0,0,0,-9.85885767707062,0.05613019854041943,-34345654.84996861,0
2024-08-30,one,Harmony,0.0376424919243998,-4.114813346347745,-4.153589473037266,3.2889624523060768,0,0,0,0,-4.979440367078935,0.05828248193354694,-40311030.795683265,0
2024-08-31,one,Harmony,0.0502996230465584,-2.2021875146898573,-2.1214582318522024,-5.403784949924251,0,0,0,0,-9.72743069646631,0.03572429577607466,-43125594.96205352,0
2024-09-01,one,Harmony,0.0399737152356156,-3.515502361772216,-3.5496160098249963,-1.4589319931013978,0,0,0,0,-8.52405036469861,0.02466810002726171,-47944413.51880252,0
2024-09-02,one,Harmony,0.0368113732513978,-4.4936369407574395,-4.30325475487402,-0.7312948193364921,0,0,0,0,-9.528186514967953,0.020875626046876757,-53502122.025305465,0
2024-09-03,one,Harmony,0.0508418158481606,9.022025587649619,8.686730413369471,1.7780205109533265,0,0,0,0,19.486776511972415,0.04996461551869513,-42699654.00246221,0
2024-09-04,one,Harmony,0.0389906774790653,-5.519132364072643,-5.295798377651895,-2.542255525722592,0,0,0,0,-13.35718626744713,0.04972491318360684,-49884896.65841113,0
2024-09-05,one,Harmony,0.0491014886156842,3.5116236191535144,3.349571605886359,1.5711032258828528,0,0,0,0,8.432298450922726,0.053367436601617226,-45558734.35041574,0
2024-09-06,one,Harmony,0.0371408888802776,-1.95426223496048,-1.8351359112412702,-2.853256909700297,0,0,0,0,-6.642655055902047,0.05190039536257397,-48065403.41012637,0
2024-09-07,one,Harmony,0.0542680006292474,-3.857721940751946,-4.030768238125848,-2.7008540170803452,0,0,0,0,-10.58934419595814,0.05304454122008983,-53128962.130054906,0
2024-09-09,one,Harmony,0.0332685562525881,4.4244887394899735,4.637250238174029,7.435362990918537,0,0,0,0,16.49710196858254,0.0551476491784088,-47536093.68288703,1
2024-09-10,one,Harmony,0.0488216498591875,7.337796551847875,7.192081235090475,38.68616443895117,0,0,0,0,53.21604222588952,0.056612340922417466,-37956290.07542655,1
2024-09-11,one,Harmony,0.0408313481815813,-0.05277714628403318,-0.036927081152082764,0.20496072084368322,0,0,0,0,0.11525649340756727,0.04703790682824102,-38071505.17673969,1
2024-09-12,one,Harmony,0.0387665787867121,-2.273060443032826,-2.268534547479706,-2.972253581885431,0,0,0,0,-7.513848572397963,0.04130108714889477,-41242792.288677245,1
2024-09-13,one,Harmony,0.0343593564926241,4.615505239063733,4.615505239063622,1.6806400744659777,0,0,0,0,10.911650552593333,0.042601528240634026,-35034981.786423594,1
2024-09-14,one,Harmony,0.0509550483287713,2.522394343243173,2.5510726803640082,-14.624751196281306,0,0,0,0,-9.551284172674125,0.04042163903771469,-31381335.354246438,1
2024-09-15,one,Harmony,0.0398809086209992,3.0866987721119843,2.9985422998966005,29.71554757418875,0,0,0,0,35.80078864619734,0.031769909479712935,-26970056.207300037,1
2024-09-16,one,Harmony,0.0534788245235159,-7.9399802377781326,-7.890307416967746,-28.746407166387833,0,0,0,0,-44.57669482113371,0.05027316798918342,-38838680.84371871,1
2024-09-17,one,Harmony,0.0574106054594761,-2.415631602781365,-2.3879005332871905,-7.471798970992549,0,0,0,0,-12.275331107061104,0.04289112575420503,-42130528.87119442,0
2024-09-19,one,Harmony,0.0476736795333102,8.17822839786173,8.15143448759108,9.943101639164631,0,0,0,0,26.272764524617443,0.053752345203236775,-31217234.094613016,0
2024-09-20,one,Harmony,0.0494180085717689,4.0877012666580725,4.017261284676077,10.800585497464233,0,0,0,0,18.905548048798384,0.05301379632839562,-25313109.723100126,1
2024-09-21,one,Harmony,0.039649189580673,4.51884379123626,4.58962344244549,2.0694535167896655,0,0,0,0,11.177920750471415,0.05292740604255902,-18459720.436199665,1
2024-09-22,one,Harmony,0.0504096836588097,4.8999467436696476,4.943734590170634,2.9902611559644576,0,0,0,0,12.83394248980474,0.054274071818988606,-10530552.214770168,1
2024-09-23,one,Harmony,0.040840615762947,-3.037755578673018,-3.0617880671377162,-3.0702044597366474,0,0,0,0,-9.16974810554738,0.05719961201157337,-15716737.192716122,0
2024-09-25,one,Harmony,0.0444668164261793,4.610962473463154,4.593237337598488,35.18955077638803,0,0,0,0,44.393750587449674,0.04128943220198857,-8099504.93895185,1
2024-09-26,one,Harmony,0.0470874165153112,-2.0174990143005056,-2.072987381527014,-0.8023778997168107,0,0,0,0,-4.89286429554433,0.04044143057196427,-11564083.252372146,1
2024-09-27,one,Harmony,0.0546048177176196,3.323671798090855,3.4019116182447684,-0.8704115567017112,0,0,0,0,5.855171859633912,0.03376094288657397,-5895347.657767028,1
2024-09-28,one,Harmony,0.0476149542969766,4.168318921577874,4.148479409669115,4.223633180118491,0,0,0,0,12.54043151136548,0.03383176577751895,1127504.6494832635,1
2024-09-29,one,Harmony,0.0400980307123587,-2.827476901641035,-2.8478045694482867,-24.244185551146003,0,0,0,0,-29.919467022235324,0.03721615255829687,-4190518.2104577124,1
2024-09-30,one,Harmony,0.0373994478241461,0.43959452197086524,0.4105728727434421,4.734418200257995,0,0,0,0,5.584585594972302,0.033681547396078315,-3482820.8526194394,1
2024-10-01,one,Harmony,0.0550056281685408,-8.420909468932436,-8.564928738949584,23.020823606312458,0,0,0,0,6.034985398430438,0.04704214315805377,-17974681.386600673,0
2024-10-04,one,Harmony,0.0522046638444031,-13.485437052074067,-13.284935421131848,-10.56530517750469,0,0,0,0,-37.33567765071061,0.06362010632278782,-39094471.7731978,0
2024-10-05,one,Harmony,0.0427047791359588,6.692118187170504,6.478289328049658,0.6126937689663325,0,0,0,0,13.783101284186493,0.07297952284062054,-30287490.17976764,0
2024-10-06,one,Harmony,0.0294131297473167,-2.6417795641778596,-2.4199172074967357,0.5677550078724725,0,0,0,0,-4.493941763802123,0.06990198041804628,-33927574.133557945,0
2024-10-07,one,Harmony,0.0333613382584576,4.668970623263857,4.5089101765347195,2.444285260139112,0,0,0,0,11.622166059937689,0.0706948032103543,-27459064.12149653,0
2024-10-08,one,Harmony,0.0562762981051723,2.856849828909458,2.9615617128071703,-19.712534578097063,0,0,0,0,-13.894123036380435,0.0731108134055459,-22987470.304982126,0
2024-10-09,one,Harmony,0.0435647422007891,-0.34222007960197365,-0.3385884643405501,25.583573711125474,0,0,0,0,24.902765167182952,0.07283985826937589,-23473790.240946025,0
2024-10-10,one,Harmony,0.0421723881504198,-5.740874942345641,-5.705204700925536,-27.33891730863164,0,0,0,0,-38.78499695190282,0.06922555676759914,-32398298.479520142,0
2024-10-11,one,Harmony,0.0482729893028073,-0.1956129406888718,-0.35846848179004187,0.9276043890216412,0,0,0,0,0.37352296654272754,0.04297835666639185,-32857769.815752625,0
2024-10-12,one,Harmony,0.0419951544825916,2.49491342441861,2.504165377130807,36.065821556941934,0,0,0,0,41.06490035849136,0.0356147346427126,-29125654.712930202,1
2024-10-13,one,Harmony,0.064579978562927,6.5005861606974635,6.675013988995815,-0.7602659710176041,0,0,0,0,12.415334178675675,0.04011832807692077,-19103090.84370953,1
2024-10-15,one,Harmony,0.0515337538723149,3.782726960438021,3.7733238725455864,5.344754983543654,0,0,0,0,12.900805816527262,0.039064029621616564,-13262026.72412157,1
2024-10-16,one,Harmony,0.0655253338813661,-0.005099585755707903,-0.25811271993400053,-4.755979322979775,0,0,0,0,-5.019191628669484,0.03870377517854493,-13583946.984208077,1
2024-10-17,one,Harmony,0.071986811940709,-0.7903088389151769,-0.5738285500566986,4.447582933972805,0,0,0,0,3.083445545000929,0.03898486313702971,-14423251.0594863,1
2024-10-18,one,Harmony,0.0493635921106898,-2.6389455011695095,-2.6557058663685407,-1.9301052361406335,0,0,0,0,-7.224756603678683,0.03121493783786405,-18944396.66167301,1
2024-10-19,one,Harmony,0.0463656516913761,4.92391391129523,4.936486693258835,0.5211167585596144,0,0,0,0,10.38151736311368,0.03305132926209967,-11207008.29389429,1
2024-10-21,one,Harmony,0.0587267060504478,8.327142017386468,8.227694082947501,-16.06416410210819,0,0,0,0,0.49067199822577834,0.040830077222076946,2379028.668476701,0
2024-10-22,one,Harmony,0.0475223165930818,-6.226365874144579,-6.077878029219508,-1.7217304876140038,0,0,0,0,-14.025974390978092,0.0494107809744874,-8603778.192505687,0
2024-10-23,one,Harmony,0.0445787772560985,-2.4403691565435093,-2.5231907693484046,21.17403606652499,0,0,0,0,16.210476140633077,0.049279641791801894,-12734383.446830839,1
2024-10-24,one,Harmony,0.0524910236117436,-5.666692600011003,-5.709166427204215,-3.655034730632123,0,0,0,0,-15.030893757847341,0.054021825562140705,-22021536.811797827,0
2024-10-25,one,Harmony,0.0498637034521921,4.73414998025361,4.6401666524616525,-19.175816091916133,0,0,0,0,-9.80149945920087,0.057684533346305196,-15028729.394555211,0
2024-10-26,one,Harmony,0.0566384870676803,-12.271789016781565,-12.185838632567004,-1.2236019492376293,0,0,0,0,-25.6812295985862,0.07447759193209418,-34638475.36269155,0
2024-10-27,one,Harmony,0.0620875053022847,0.39312402573201677,0.44023325727193807,23.74957412321004,0,0,0,0,24.582931406213994,0.07007532121353079,-33832901.79112077,0
2024-10-28,one,Harmony,0.046224843452793,1.8764701580931131,1.8867898103259506,-0.6444045098304207,0,0,0,0,3.118855458588643,0.057537069338949295,-31286909.51617968,0
2024-10-29,one,Harmony,0.0559623525723235,0.7288028105613131,0.5879975056325648,-1.6349372156567066,0,0,0,0,-0.31813689946282864,0.056632680299552665,-30362002.650015324,0
2024-10-30,one,Harmony,0.0651840473114401,2.096613915455836,2.169249874570811,6.6044834887912796,0,0,0,0,10.870347278817928,0.05835645873331628,-27070375.15957138,0
2024-10-31,one,Harmony,0.0562191349827888,-0.5121629270466443,-0.4452033155965873,-4.274028195901902,0,0,0,0,-5.231394438545134,0.054867517262648,-27844556.220765144,0
2024-11-01,one,Harmony,0.0630444352456242,-5.487712576795511,-5.424438916337704,-7.131650723236804,0,0,0,0,-18.04380221637002,0.052404401670377646,-35887376.15922904,0
2024-11-02,one,Harmony,0.0629147565163957,0.1600252603490393,0.09395684635389312,-17.899719953052273,0,0,0,0,-17.64573784634934,0.025470991141517362,-35873784.51932305,0
2024-11-03,one,Harmony,0.0380661739269008,-2.7390480874490697,-2.7408296624056194,-5.93617776441695,0,0,0,0,-11.41605551427164,0.027143464399787785,-39958278.586073875,0
2024-11-04,one,Harmony,0.0638181614162979,-5.716437907317351,-5.616443239667213,-4.801317551332717,0,0,0,0,-16.13419869831728,0.030745121015994525,-47450958.57480462,0
2024-11-05,one,Harmony,0.05307757327079,-2.4800781318139786,-2.590852127175225,-4.479320839418566,0,0,0,0,-9.55025109840777,0.028967943887716546,-50894739.898050874,0
2024-11-06,one,Harmony,0.0535969354716632,4.289938344661892,4.173756830338737,25.48021515485981,0,0,0,0,33.94391032986044,0.03484913347058845,-45531971.72096318,0
2024-11-07,one,Harmony,0.0924447013086583,12.749781246260472,12.813372334986383,13.821989635833297,0,0,0,0,39.385143217080156,0.06549119477484458,-28349105.726587713,0
2024-11-08,one,Harmony,0.0564732946282178,0.6410833115425119,0.7673929672276536,0.9084038809456629,0,0,0,0,2.3168801597158284,0.06067895198457974,-27524687.511187196,1
2024-11-09,one,Harmony,0.0659632872727301,1.5206105821424787,1.4586802733980608,-22.236921911719097,0,0,0,0,-19.257631056178557,0.060587947388353505,-25417516.965944022,1
2024-11-11,one,Harmony,0.1085252120720433,13.56107926451051,13.34604968183697,44.74484149374365,0,0,0,0,71.65197044009113,0.07305278902653169,-4602623.385139942,1
2024-11-12,one,Harmony,0.1300058796439622,11.873760752441797,11.534785812092952,3.0252797183859315,0,0,0,0,26.43382628292068,0.0659350692118862,15455031.774269968,1
2024-11-13,one,Harmony,0.1302117055406181,-7.9984112859807555,-7.272880083072519,-6.748234131164132,0,0,0,0,-22.019525500217405,0.07966447819777119,1468702.1199467778,1
2024-11-14,one,Harmony,0.134459635002178,-7.181567558651814,-7.407972609819735,-23.26728354469759,0,0,0,0,-37.85682371316914,0.09266795056956628,-11820115.737009555,1
2024-11-15,one,Harmony,0.0900576350271398,-6.252427826657914,-6.298756088860724,20.406012642444704,0,0,0,0,7.854828726926066,0.08914656402347419,-22477075.551790506,1
2024-11-17,one,Harmony,0.0937261465573398,14.596341111684087,14.662755873647093,6.898434688416399,0,0,0,0,36.157531673747584,0.10304285124495946,157960.05878427625,1
2024-11-19,one,Harmony,0.1915277368053721,7.906141441095449,7.807633551976134,2.901888204368386,0,0,1,1,18.615663197439968,0.10446155661206384,15048823.835620552,1
2024-11-20,one,Harmony,0.1130335272596654,-5.227942059870361,-5.228854604337608,-1.8586025456481692,0,0,0,0,-12.315399209856139,0.09916443954324748,4199054.280470878,1
2024-11-22,one,Harmony,0.1132395581305835,2.0795861355209277,2.2509655379727267,0.7299685659271749,0,0,0,0,5.060520239420829,0.08767759282535283,8267755.60497278,0
2024-11-24,one,Harmony,0.4983973791292312,33.98898638951173,33.66997726204486,26.058858994649192,0,0,1,1,93.71782264620578,0.1486383369254168,76175786.16645128,1
2024-11-25,one,Harmony,0.8435530875421656,16.96605339515722,17.089946274611556,8.188361391964571,0,0,1,1,42.24436106173334,0.1416113518115783,125232311.93723741,1
2024-11-26,one,Harmony,0.3045378118614891,0.48377223669135994,0.5163144462556835,-20.849364379228753,0,0,1,1,-19.84927769628171,0.1313138674775581,117352124.32644847,1
2024-11-27,one,Harmony,0.2047426974926076,-5.84979111081495,-5.88199661136305,17.242330510854064,0,0,1,1,5.510542788676064,0.14198597158396878,98613328.89379421,1
2024-11-28,one,Harmony,0.137495047741376,3.888906622546262,3.8944811980711203,4.830204946324046,0,0,1,0,12.613592766941428,0.142460471884341,108227085.7725099,1
2024-11-29,one,Harmony,0.1058285571083169,0.8921036298279228,0.8447671057544737,-1.6838515661829367,0,0,0,0,0.05301916939945972,0.13569584587129885,110077166.77520666,1
2024-11-30,one,Harmony,0.2022405199062473,10.888443328679154,11.1095287077857,6.909859142546182,0,0,1,1,28.907831179011033,0.13391191651451628,143732689.06870738,1
2024-12-01,one,Harmony,0.3574295368210121,6.073146833234588,6.007525510053324,8.64973982962336,0,0,1,1,20.730412172911272,0.07470420066657095,166110274.39832667,1
2024-12-04,one,Harmony,0.2532412745984178,6.626616718230083,6.533762910070284,2.43058681240671,0,0,1,1,15.590966440707078,0.053872449324511726,186271786.9731047,1
2024-12-05,one,Harmony,0.2687036942777124,8.556117502825455,8.478220525047142,12.097355019040146,0,0,1,1,29.13169304691274,0.05548939489409855,217461387.58979395,1
2024-12-07,one,Harmony,0.268065079888856,21.970702414775257,22.09857372760904,3.670504077474601,0,0,1,1,47.7397802198589,0.06778113978169789,304369215.4603251,1
2024-12-08,one,Harmony,0.5760208130459717,13.270609666498355,13.91092681646513,11.12175948236198,0,0,1,1,38.30329596532546,0.06660814002721525,381132462.30833375,1
2024-12-09,one,Harmony,0.2866105539701823,-5.867958084426328,-6.442975838230414,-4.650182296775885,0,0,1,1,-16.961116219432625,0.08418057737447952,336545827.6545671,1
2024-12-10,one,Harmony,0.3790927302176459,-19.841950730473545,-19.89677015687881,-15.087188498067016,0,0,1,1,-54.825909385419365,0.135741848716636,236661059.09130177,1
2024-12-11,one,Harmony,0.2850360405020884,-1.119747629260548,-1.044736138150315,-5.961062944067108,0,0,1,1,-8.125546711477972,0.13697943438091817,230052659.25537887,1
2024-12-12,one,Harmony,0.2074026300280048,4.915494426157774,4.940378611225693,4.805935711490328,0,0,1,1,14.661808748873796,0.1364532151976461,248226577.0296637,1
2024-12-13,one,Harmony,0.2387174296636778,0.0627087252653924,-0.013697784120003664,4.719963611814282,0,0,1,1,4.76897455295967,0.1345835565779583,249001854.92148432,0
2024-12-14,one,Harmony,0.1466840500674198,-2.9643522636491393,-2.929455087923938,-3.0202809684268805,0,0,1,1,-8.914088319999959,0.1016046758267908,234300670.54151145,0
2024-12-15,one,Harmony,0.1040845989649107,-6.27862816711835,-6.357182798433025,-2.910174932282361,0,0,1,0,-15.545985897833734,0.07785038516706426,207234521.36143443,0
2024-12-18,one,Harmony,0.1091135890390344,-2.832517468979512,-2.77949440005546,1.1939592162420132,0,0,1,0,-4.418052652792959,0.0777691166813225,196712149.86612615,0
2024-12-19,one,Harmony,0.1232077162817507,-11.788907105736524,-11.71033107713777,-9.77709820836149,0,0,1,0,-33.27633639123579,0.05219403466995593,153252251.25451693,0
2024-12-20,one,Harmony,0.1742878611206653,-9.024118575866414,-8.938199080984644,-11.115492307018283,0,0,1,1,-29.07780996386934,0.05620306390157787,124619428.63786224,0
2024-12-22,one,Harmony,0.1375709586600951,-0.6155068582969769,-1.151623243417177,-12.645160051339332,0,0,1,0,-14.412290153053485,0.04420920976496745,120399208.76391628,0
2024-12-23,one,Harmony,0.094155747058498,1.2847900573409232,1.9237467596996183,14.552277633740719,0,0,0,0,17.76081445078126,0.04661495250403609,125447797.12727639,0
2024-12-24,one,Harmony,0.1433444753952457,19.658054955519688,19.421700222445672,13.838111669580556,0,0,1,0,52.917866847545916,0.10353493798174083,185170803.15695533,0
2024-12-25,one,Harmony,0.1517458089461957,6.463228073363303,6.375416715713844,-13.015009397204913,0,0,1,1,-0.17636460812776633,0.10466336143954628,208243221.95668218,0
2024-12-26,one,Harmony,0.080273266192782,-0.9119172658595298,-0.9405557066659354,19.92710835356486,0,0,0,0,18.074635381039396,0.10390867982257854,203209351.9144933,1
2024-12-27,one,Harmony,0.0905002523362395,-8.094889381773607,-7.954182808231014,-20.755496551465935,0,0,0,0,-36.804568741470554,0.09721744557359767,173042470.95434418,0
2024-12-29,one,Harmony,0.0558992389891084,1.268344655048792,1.272355146052817,-3.180508065557719,0,0,0,0,-0.6398082644561098,0.08625107084773775,176734051.47836217,0
2024-12-31,one,Harmony,0.0713922459550591,-8.32641994793606,-8.442138224507245,7.809440893923791,0,0,0,0,-8.959117278519514,0.09563692298266391,147309433.82097778,1
2025-01-01,one,Harmony,0.0660783464831567,-4.116565563070839,-4.008404907882146,-15.628673451378727,0,0,0,0,-23.75364392233171,0.09809987369694591,134109453.78274223,0
2025-01-02,one,Harmony,0.0462774598354662,4.997384028826235,4.919104639846283,7.0657900119719175,0,0,0,0,16.982278680644438,0.059178453398343336,149045216.8946562,0
2025-01-03,one,Harmony,0.0619749022150918,3.67794343240746,3.7584706997065176,1.5765240483450516,0,0,0,0,9.01293818045903,0.05382549742311675,161593069.12295505,0
2025-01-04,one,Harmony,0.0764035976899054,11.62756553237676,11.584776033356947,20.594589683861187,0,0,0,0,43.806931249594896,0.07381961802433727,201207809.11734572,0
2025-01-05,one,Harmony,0.0618502833907402,-3.130727124673971,-3.110630847903839,-1.4820467034664775,0,0,0,0,-7.723404676044288,0.06661435177295236,189146957.02765664,1
2025-01-06,one,Harmony,0.0447261515100009,0.08640870927478783,0.12386699478457164,-0.12832142964888105,0,0,0,0,0.08195427441047842,0.06664243550863222,189227462.5617552,1
2025-01-08,one,Harmony,0.1176850539543317,-15.469844519033149,-15.491800105919706,-23.97020290129016,0,0,1,0,-54.93184752624302,0.08553736012501913,133752074.84059837,0
2025-01-09,one,Harmony,0.0979942200942165,-5.069692406848569,-4.94862299128791,-6.0956487806106185,0,0,0,0,-16.113964178747096,0.0863124525870338,118026408.20075074,0
2025-01-10,one,Harmony,0.0733003929240432,-4.7996160833317925,-5.100126980772057,12.891269241161485,0,0,0,0,2.9915261770576356,0.08388060479895529,102702303.44342539,0
2025-01-11,one,Harmony,0.0675903155252048,1.7008983974389658,1.8752850519103248,0.2114018984981536,0,0,0,0,3.787585347847444,0.08201396259611934,107837196.62554511,0
2025-01-12,one,Harmony,0.068841204459636,-0.6447036515357385,-0.6835932698364244,-1.7954767966987584,0,0,0,0,-3.1237737180709213,0.056934017022531175,105902506.45653996,0
2025-01-13,one,Harmony,0.0419438614906565,-2.6167648277772626,-2.676034985573439,-2.6090127130594998,0,0,0,0,-7.901812526410201,0.05708328975309542,97897323.62195316,0
2025-01-14,one,Harmony,0.0957932691419067,-1.291391315544066,-1.2577190437732755,-14.040628243710618,0,0,0,0,-16.589738603027957,0.05572909172525004,95206748.67518201,0
2025-01-15,one,Harmony,0.049664080569897,5.670223790898965,5.827206651580608,23.180211059214596,0,0,0,0,34.67764150169417,0.037773649744223224,110396055.11387768,0
2025-01-16,one,Harmony,0.0889686700907093,10.47095722584852,10.375470970542299,-7.342578332389971,0,0,0,0,13.503849864000848,0.05265553943720055,140801557.9012427,1
2025-01-17,one,Harmony,0.0715488684368718,-4.274318629015362,-4.333273023153106,0.2568197522328619,0,0,0,0,-8.350771899935605,0.0516843389454433,126755208.65543321,0
2025-01-18,one,Harmony,0.0818504103762208,12.299288492587124,12.452153901170604,22.787228590625542,0,0,0,0,47.53867098438327,0.06649699459474268,164856592.01700744,1
2025-01-19,one,Harmony,0.0705845627323673,-11.347207727691167,-11.486838969724944,-9.570256088378015,0,0,0,0,-32.40430278579413,0.0853683970026002,125411899.84152374,1
2025-01-20,one,Harmony,0.1508731162297263,-13.123169234915554,-12.966895865272154,2.1225013860510122,0,0,1,1,-23.967563714136695,0.1011282479651299,87578345.7562767,0
2025-01-21,one,Harmony,0.174778402183625,-2.4133115081030554,-2.5649325355631802,-7.942963837965255,0,0,1,1,-12.92120788163149,0.1014133821824917,81109526.72637093,0
2025-01-22,one,Harmony,0.0834591559498375,4.367085229004508,4.3409085799386515,-9.950094550747258,0,0,0,0,-1.242100741804098,0.10022857518043342,90758232.66598806,0
2025-01-23,one,Harmony,0.0495170321222294,-3.5572610435291474,-3.404729239325943,-5.529498517044873,0,0,0,0,-12.491488799899964,0.08770510155052563,81111529.51867339,0
2025-01-25,one,Harmony,0.0374967712614094,-4.174370139748795,-4.405827238822269,16.284049581465233,0,0,0,0,7.7038522028941685,0.08767369869448773,69704849.36302406,0
2025-01-28,one,Harmony,0.1086751974629393,-7.769794044452238,-7.654165180428407,-20.737215295637412,0,0,0,0,-36.16117452051806,0.05913823821052214,51682965.475440085,0
2025-01-29,one,Harmony,0.0497924066257793,-8.375561391124531,-8.501614114916867,9.935160209537885,0,0,0,0,-6.942015296503513,0.05511323922137091,31634582.95704478,0
2025-01-30,one,Harmony,0.0726020578930176,3.7013367818510723,4.796409656672096,-8.782219640354361,0,0,0,0,-0.28447320183119285,0.05029260647124181,41841328.25284821,0
2025-02-01,one,Harmony,0.0703759950395083,8.477075909185494,7.435798149972839,0.4034501147097025,0,0,0,0,16.316324173868036,0.06551751272563,58035203.64209533,0
2025-02-02,one,Harmony,0.0562687244227198,-10.38302652669466,-10.148327986519956,-7.031600385350744,0,0,0,0,-27.562954898565362,0.06883681483322193,34032878.879915476,0
2025-02-04,one,Harmony,0.3052311029333733,-9.939865344261278,-10.058998743699842,-1.940139473854563,0,0,1,1,-21.93900356181568,0.07352658762517175,15647026.884290159,0
2025-02-05,one,Harmony,0.1420068577651313,-7.659676551409877,-7.891304203490279,-9.15762296104038,0,0,0,0,-24.708603715940537,0.07478132337946397,-1241859.3820582926,0
2025-02-08,one,Harmony,0.0869133811499526,-6.900243848820553,-6.927252635067537,12.288634369973405,0,0,0,0,-1.5388621139146856,0.0742302788732059,-13843609.174624592,0
2025-02-09,one,Harmony,0.0524845657107562,5.171236159372894,5.389025164192307,0.006112042469963441,0,0,0,0,10.566373366035165,0.07971601596713232,-5433798.740104884,0
2025-02-11,one,Harmony,0.0686197766130819,5.364392111352134,5.4108188688331005,-11.69403650053028,0,0,0,0,-0.9188255203450462,0.08208647146055571,3919888.861500114,0
2025-02-12,one,Harmony,0.0971880393737119,0.873058761262846,0.9096698721056118,7.123759960590936,0,0,0,0,8.906488593959395,0.06957652483094766,5904191.937898874,0
2025-02-13,one,Harmony,0.0974479388419287,7.8998805431676145,7.736653594486476,15.730986754344855,0,0,0,0,31.367520891998947,0.0730209835795989,20096514.91478741,0
2025-02-14,one,Harmony,0.0639672898992343,-3.5605966560602775,-3.4677839114836906,-5.121235634259913,0,0,0,0,-12.14961620180388,0.06290852501986405,12878501.708017468,1
2025-02-16,one,Harmony,0.0552597496671788,-4.659028428550993,-4.695807609054836,-13.023296289483932,0,0,0,0,-22.378132327089762,0.05747173701623208,3822478.0823375583,1
2025-02-18,one,Harmony,0.0636978880047336,0.38670027010210273,0.3615672372986767,1.2025631638428402,0,0,0,0,1.9508306712436196,0.04733035511420955,4570783.752218872,0
2025-02-19,one,Harmony,0.082111279544928,-5.531163015980267,-5.4610558625383,8.9882206231779,0,0,0,0,-2.003998255340667,0.05115162553346829,-5079199.521447897,1
2025-02-20,one,Harmony,0.0547683276459471,2.3851939502911312,2.518076914893186,5.099057282059283,0,0,0,0,10.002328147243599,0.047133147168062356,-1020705.3289775848,0
2025-02-22,one,Harmony,0.1203866450084855,7.263476688154236,7.222733441184137,2.256549830200938,0,0,0,0,16.74275995953931,0.05529943666445317,12385767.0606305,1
2025-02-23,one,Harmony,0.0653242136000944,5.035737895124992,4.92320753760358,-6.091962842714571,0,0,0,0,3.8669825900140014,0.049780277307788466,20995822.432615876,0
2025-02-24,one,Harmony,0.0692493812035095,-2.7265922286800914,-2.7430960727631737,8.093716502371361,0,0,0,0,2.624028200928096,0.048824009758681314,15673483.46707359,1
2025-02-25,one,Harmony,0.11827364865292,-15.787803270453892,-15.781467689405726,-19.13708886074167,0,0,0,0,-50.70635982060129,0.0774308742831882,-14275486.442422032,0
2025-02-28,one,Harmony,0.0685218541401231,5.942852869467741,5.880716611318393,0.5004136519154212,0,0,0,0,12.323983132701555,0.08213169820666096,-5240781.001999825,0
2025-03-01,one,Harmony,0.1112638209124382,0.1530627977783583,0.19192975369135556,0.8805632535320962,0,0,0,0,1.22555580500181,0.07906773206697902,-4474054.944181919,0
2025-03-02,one,Harmony,0.0460238711560858,-2.3683122058696826,-2.3743983638423782,-3.1832033266946946,0,0,0,0,-7.9259138964067555,0.07904340708821211,-9219435.44451195,0
2025-03-04,one,Harmony,0.1520755803076076,-4.918061302979737,-4.70552662044168,10.995632293646995,0,0,0,1,1.372044370225578,0.07262281900710489,-16032563.286517084,0
2025-03-05,one,Harmony,0.163037919487388,-2.1066942962824187,-2.3053663169725236,-14.201216114835391,0,0,0,1,-18.613276728090334,0.0656126237060427,-19706367.880221188,0
2025-03-06,one,Harmony,0.1019232023807979,1.6849525131080068,1.661643733300111,-0.2580676613532229,0,0,0,0,3.088528585054895,0.06811970751351977,-17675770.250005126,0
2025-03-07,one,Harmony,0.1004329485977582,-1.027817693722488,-1.0423977424142694,-0.896581672712593,0,0,0,0,-2.9667971088493506,0.03475512503394113,-19349056.28923309,0
2025-03-08,one,Harmony,0.1215874201191994,-1.8551142653880914,-1.779257008805124,2.537035315779468,0,0,0,0,-1.0973359584137476,0.02082876180694944,-21940060.97152981,0
2025-03-09,one,Harmony,0.0821970268823006,-3.353792102602826,-3.3618560474716674,-3.3151317635378708,0,0,0,0,-10.030779913612363,0.02042851073233962,-27497526.70795861,0
2025-03-10,one,Harmony,0.1084650091508202,-8.532405364969708,-8.836593872924503,-7.479710057114797,0,0,0,0,-24.84870929500901,0.032209017864748,-40485823.22996366,0
2025-03-11,one,Harmony,0.1697446793420387,-8.230296615282706,-7.794082799451408,-11.61929959651763,0,0,0,1,-27.64367901125174,0.037682508309338884,-50683780.43488999,0
2025-03-12,one,Harmony,0.2268063052501875,1.7276440942455062,1.5623965498136716,10.689284274091326,0,0,0,1,13.979324918150503,0.04228929194208911,-48247681.79987799,0
2025-03-13,one,Harmony,0.1376035670252591,4.735428541661291,4.591594144068045,2.3471703803713995,0,0,0,0,11.674193066100734,0.048756215776807485,-43049554.37535082,0
2025-03-14,one,Harmony,0.0842116659650415,-2.8194089524354427,-2.7383911643042214,-5.204134886417311,0,0,0,0,-10.761935003156974,0.048407910462111604,-47134843.01150614,0
2025-03-15,one,Harmony,0.0939548290606671,2.1095449387972476,2.1409058422507954,17.829937625105675,0,0,0,0,22.080388406153716,0.05165977381409927,-44216046.43205814,0
2025-03-16,one,Harmony,0.056028490027253,1.9279658843236902,1.9358391845965883,-9.171097036660347,0,0,0,0,-5.307291967740069,0.053273357981732765,-42001916.91456854,0
2025-03-18,one,Harmony,0.1155052053359789,0.5940106511751253,0.6039732249436991,2.877628025028156,0,0,0,0,4.0756119011469805,0.042742578284683176,-40700593.89187336,1
2025-03-19,one,Harmony,0.0856715336541535,-0.5771288971133659,-0.5677601621150385,8.648874001199246,0,0,0,0,7.503984941970841,0.023715514905851023,-41670516.9908447,1
2025-03-20,one,Harmony,0.0910360907610113,7.459802604719101,7.490595298746228,4.762743199225294,0,0,0,0,19.713141102690624,0.033938160805927486,-31505495.266687572,1
2025-03-21,one,Harmony,0.051985757941731,-4.167776397757061,-4.212000813540806,-10.33596059113301,0,0,0,0,-18.715737802430876,0.03805556294717986,-37982556.373916924,1
2025-03-22,one,Harmony,0.0571624315333548,-1.5640541169058886,-1.5708698712382896,-8.127444409182537,0,0,0,0,-11.262368397326716,0.0364101415707042,-40153501.59801349,1
2025-03-23,one,Harmony,0.0495325681890952,3.568844120705039,3.55268759963574,7.826740931005793,0,0,0,0,14.948272651346572,0.03766369532953575,-35339833.254730105,0
2025-03-24,one,Harmony,0.0882500277575711,-1.3266932003867304,-1.2657942666301158,1.7435711400905163,0,0,0,0,-0.84891632692633,0.03837904879706082,-36799011.64145097,1
2025-03-27,one,Harmony,0.0846173396808143,8.055458496947065,27.130846989527946,2.0591490731584727,0,0,0,0,37.24545455963349,0.04769026212815655,1068448.5715832114,1
2025-03-29,one,Harmony,0.0719053819073524,-8.432646077565009,-8.420892409834313,-9.811485071869663,0,0,0,0,-26.665023559268988,0.061117074219482086,-14049968.691117793,0
2025-03-30,one,Harmony,0.0657245139762446,-7.227564965097743,-7.251610524326257,-1.7450881078599378,0,0,0,0,-16.224263597283937,0.05844758912169586,-25893749.268873304,0
2025-04-01,one,Harmony,0.0667699309557842,-1.7125428764875328,-1.5610383280781015,14.127682506142335,0,0,0,0,10.854101301576701,0.057365960868803134,-28177167.26941672,1
2025-04-02,one,Harmony,0.0625252673637336,2.772566332550297,2.937249319630997,0.24224357687956388,0,0,0,0,5.952059229060858,0.05926068401310779,-23858818.64714971,1
2025-04-03,one,Harmony,0.1299276031762414,-6.1577912109822215,-6.283540808050104,-3.2761758136052532,0,0,0,0,-15.717507832637578,0.05921980038888387,-32892839.567530274,1
2025-04-04,one,Harmony,0.0798459721124819,2.9116522397066635,3.277685641125694,-0.9385631083887569,0,0,0,0,5.2507747724436005,0.062123428597385774,-28628660.653313488,1
2025-04-05,one,Harmony,0.0914384108725195,0.14137239399061308,-0.15536241769320558,-1.8255030952242346,0,0,0,0,-1.839493118926827,0.04753988994811545,-28765522.885431945,0
2025-04-06,one,Harmony,0.0504083524257699,-1.9334549802844547,-2.2296491534941953,-13.461473839846771,0,0,0,0,-17.62457797362542,0.03980651571804908,-32469637.236461878,0
2025-04-08,one,Harmony,0.2502997630932271,-8.051936930428727,-7.875777808042239,-4.144348688102584,0,0,1,1,-20.07206342657355,0.041819668970680735,-42261895.83050895,0
2025-04-09,one,Harmony,0.1096533393154078,-4.760232606872139,-4.718198365906212,-2.93938462442741,0,0,0,0,-12.417815597205761,0.04337005792569137,-49663000.0642755,0
2025-04-10,one,Harmony,0.120583835160857,16.3242173078441,16.51548136008596,25.731997233963334,0,0,0,0,58.5716959018934,0.08203608712217227,-28514300.054538995,0
2025-04-11,one,Harmony,0.0882199828355418,-3.5084457037236394,-3.5601097954347405,-0.778377519931317,0,0,0,0,-7.846933019089697,0.07940807069234139,-34058120.50772014,1
2025-04-12,one,Harmony,0.0746662234666349,3.177222272027036,3.2295908314375676,1.3799803469072724,0,0,0,0,7.786793450371876,0.07956760497059105,-29569755.611623943,1
2025-04-14,one,Harmony,0.0825619272773019,-0.8665474678702267,-0.8095718505982452,2.8252082364108366,0,0,0,0,1.1490889179423647,0.07967077474538296,-30678194.329007417,1
2025-04-15,one,Harmony,0.0751279355630944,1.4970925445456418,1.371836153390693,-14.76274618630683,0,0,0,0,-11.893817488370495,0.07929843180393047,-28812328.052263856,1
2025-04-16,one,Harmony,0.070110633739548,-4.475249848859764,-4.4380256907817,-1.3111452514172672,0,0,0,0,-10.22442079105873,0.073797724002207,-35415576.65460962,1
2025-04-17,one,Harmony,0.0692381289271019,0.03410390805020924,-0.056129980997132733,3.77705847105847,0,0,0,0,3.7550323981115463,0.06960647595865276,-35487176.97956467,1
2025-04-18,one,Harmony,0.0573609554726143,5.484849230687061,5.685597922466168,-1.989011527660045,0,0,0,0,9.181435625493183,0.0354144614721336,-27580987.2484816,0
2025-04-20,one,Harmony,0.0415200288977817,5.6748438955590785,5.597830711155671,16.24905584332772,0,0,0,0,27.52173045004247,0.03641756399755246,-19325011.540014982,1
2025-04-22,one,Harmony,0.0642220449648939,2.3600876567348106,2.288191733896916,-9.018077784962042,0,0,0,0,-4.369798394330315,0.03591930095310175,-15555015.232279807,0
2025-04-23,one,Harmony,0.0896631461464753,9.643804449242044,9.740761362737317,5.758747991235502,0,0,0,0,25.143313803214863,0.04559358562922038,413946.4421749115,0
2025-04-24,one,Harmony,0.1100815275541081,4.521970149454302,4.429112727236095,5.453261515640873,0,0,0,0,14.404344392331268,0.045488379318035316,8496532.585674167,1
2025-04-25,one,Harmony,0.0722362273411411,1.9901834157292964,1.9495249356692446,3.6325636322144694,0,0,0,0,7.57227198361301,0.03140440948162425,11698445.830754668,1
2025-04-26,one,Harmony,0.0838425717341222,-0.17142664857134893,0.006508008919237085,-0.8246865685650473,0,0,0,0,-0.9896052082171591,0.03186980205968062,11835810.896484524,1
2025-04-27,one,Harmony,0.0576803129629435,0.7422318706605813,0.6440817414257394,3.4950700051383787,0,0,0,0,4.881383617224699,0.033708189799779145,12772503.978324205,1
2025-04-30,one,Harmony,0.1142992151317159,-1.041423841725464,-1.0681162798160337,-1.1917413397843246,0,0,0,0,-3.3012814613258223,0.03608491074366985,11372934.316244304,1
2025-05-01,one,Harmony,0.0507356586635743,-0.35668238899050353,-0.10378189720301467,-5.15608129753331,0,0,0,0,-5.616545583726829,0.037779463460843966,10448775.361616403,1
2025-05-02,one,Harmony,0.0416251859808002,-0.4847932743177852,-0.47483433049427815,11.486815291484698,0,0,0,0,10.527187686672633,0.0193963933718747,9515044.55355531,1
2025-05-03,one,Harmony,0.0355064090550461,2.5109569011876554,2.5521280713272754,-11.193615766686438,0,0,0,0,-6.130530794171508,0.013441218364631823,14132162.627067804,1
2025-05-04,one,Harmony,0.0408644735135986,-7.583594661493176,-7.646746383159542,-1.1561226804104208,0,0,0,0,-16.386463725063138,0.03162788193330521,-392279.19263985753,0
2025-05-05,one,Harmony,0.0371951692723027,-4.875203004939166,-4.867114675633289,5.12291820728541,0,0,0,0,-4.619399473287046,0.034644896895811086,-8975278.380175143,0
2025-05-07,one,Harmony,0.0514514622159948,0.41954885783856977,0.5445535351867647,2.5888155434725,0,0,0,0,3.5529179364978347,0.03430356259174631,-7908432.215676516,0
2025-05-08,one,Harmony,0.0662456431045775,-0.596012836659765,-0.6276419104973896,-14.43796864591408,0,0,0,0,-15.661623393071235,0.034471868241195115,-8891351.549520522,0
2025-05-10,one,Harmony,0.1116025568004462,24.31687211683966,24.495399074143887,20.506824502405287,0,0,0,0,69.31909569338883,0.10430857009220024,32815389.376846224,1
2025-05-12,one,Harmony,0.0791179496463755,6.85048126864396,6.967577883665199,4.013045545023397,0,0,0,0,17.831104697332556,0.10512654881965469,46985931.274020076,1
2025-05-13,one,Harmony,0.1078723577651629,-0.30268004934536075,-0.5250022874676463,1.6705092044067893,0,0,0,0,0.8428268675937822,0.1058826141595019,46199815.616455585,1
2025-05-14,one,Harmony,0.0783273384494146,4.391837415980859,4.398582030480269,2.1008839562190795,0,0,0,0,10.891303402680208,0.09588055454748363,55597016.82880518,1
2024-06-02,stars,Stargaze,0.0029266669844746,0.0,0.0,0.0,0,0,0,0,0.0,0.0,-133956483.56491922,1
2024-06-03,stars,Stargaze,0.0038184899179022,-2.005127192540357,-2.048210072975021,2.690833274802129,0,0,0,0,-1.3625039907132486,0.0,-134830829.00476232,1
2024-06-04,stars,Stargaze,0.002259932789359,-4.964405244264347,-4.839102047596011,-12.304258612621044,0,0,0,0,-22.107765904481404,0.020925255777905483,-136878259.6123798,1
2024-06-05,stars,Stargaze,0.0026107929849448,0.18126832567102458,-0.915682698599285,-0.5040843971922282,0,0,0,0,-1.2384987701204886,0.025824926085018966,-137243958.80607164,0
2024-06-06,stars,Stargaze,0.0032144962609909,3.0918040668691527,0.03232804672395062,-3.135546368954789,0,0,0,0,-0.011414255361685832,0.03407932455640972,-137231970.4671445,0
2024-06-07,stars,Stargaze,0.0050350847450495,-7.9336986616231675,-4.050036173148208,-4.792105016568559,0,0,0,0,-16.775839851339935,0.043055029099385855,-138836483.23683846,0
2024-06-08,stars,Stargaze,0.0059159405157541,-8.053479760908743,-8.10294781887837,-6.092667236311744,0,0,0,0,-22.249094816098857,0.04505237069135451,-141920679.90299845,0
2024-06-09,stars,Stargaze,0.0066681544817361,-1.3728221004606578,-1.4044180224141112,-2.5401120469530136,0,0,0,0,-5.317352169827783,0.04175434059486983,-142411634.1299375,0
2024-06-12,stars,Stargaze,0.005527424039033,-16.298014754536883,-16.252676613668005,4.2213315084563385,0,0,0,0,-28.32935985974855,0.064683659712524,-148012700.79127055,0
2024-06-13,stars,Stargaze,0.0002374030100094,11.237494063569532,11.225289861570387,9.347797538646251,0,0,0,0,31.810581463786168,0.08933182044901866,-144777010.73502964,0
2024-06-14,stars,Stargaze,0.0055834573002608,-3.5753625554754587,-3.5004750010914742,-17.808078165277696,0,0,0,0,-24.883915721844627,0.08841128974068557,-145902806.35169196,0
2024-06-15,stars,Stargaze,0.0055459236398008,20.23817768291849,20.180217239897182,-1.3745381676999235,0,0,0,0,39.04385675511575,0.12511491248450174,-139652093.27121744,0
2024-06-16,stars,Stargaze,0.0053661369772698,-18.94585023559484,-19.082546052066096,10.85378371800163,0,0,0,0,-27.174612569659306,0.14140877992897555,-146750835.71607625,0
2024-06-17,stars,Stargaze,0.0040526893258344,6.258929139181002,6.927769212463386,-22.511419666168674,0,0,0,0,-9.324721314524286,0.14220964364136024,-144680241.5570981,0
2024-06-18,stars,Stargaze,0.0048413426442802,-4.389083760990664,-3.431348809883672,-2.9283496772286033,0,0,0,0,-10.74878224810294,0.14302545737070121,-145785422.03638804,0
2024-06-19,stars,Stargaze,0.0091056325826791,-2.42905339782985,-3.9712053674276437,9.981597817120381,0,0,0,0,3.5813390518628876,0.12661381654982756,-147008506.69967225,0
2024-06-20,stars,Stargaze,0.0139381320948259,1.8064363902121183,1.7377739092790279,15.830256173551804,0,0,0,0,19.37446647304295,0.11893701321498411,-146472472.67677018,0
2024-06-21,stars,Stargaze,0.0080275717184718,6.840040037548145,7.006048763604,-4.282291526571925,0,0,0,0,9.56379727458022,0.12044008683061597,-144356137.89508325,0
2024-06-22,stars,Stargaze,0.006936266127983,-14.17800517372364,-16.66464588472366,2.041527893422157,0,0,0,0,-28.801123165025146,0.09872535484905368,-149776951.53872138,0
2024-06-23,stars,Stargaze,0.0065902951181392,11.003167169005202,14.281046575130318,15.427140547625239,0,0,0,0,40.711354291760756,0.08495351715338391,-145898034.88084373,0
2024-06-24,stars,Stargaze,0.0086232340516192,-12.775927760356131,-12.652427552640788,-17.691189530470584,0,0,0,0,-43.1195448434675,0.09416578627152006,-149825449.62197945,0
2024-06-25,stars,Stargaze,0.0088232827399323,0.12751890495601437,-0.060100823390396574,3.975479354991096,0,0,0,0,4.042897436556714,0.09381667203963899,-149839205.59891814,0
2024-06-26,stars,Stargaze,0.0055537110774024,10.513872395410907,3.0047794363688096,10.65163295439293,0,0,0,0,24.170284786172648,0.10362802788265459,-149025982.26153213,0
2024-06-27,stars,Stargaze,0.0077471887134126,-12.928203910380153,-4.933464170276203,0.22675313768487637,0,0,0,0,-17.63491494297148,0.11483571811575609,-150396303.4950602,0
2024-06-28,stars,Stargaze,0.0077932878404386,2.1456900424836833,2.068273118478281,0.856546998361396,0,0,0,0,5.07051015932336,0.11034924624331577,-149848041.4583139,0
2024-06-29,stars,Stargaze,0.0051285452567911,2.6331316237745206,9.001434047897373,-18.075659109371532,0,0,0,0,-6.441093437699639,0.0977627837623538,-147431517.99326006,0
2024-06-30,stars,Stargaze,0.0055113341957494,-0.2532571971452069,-6.047774765961334,7.79519307694907,0,0,0,0,1.4941611138425288,0.08530927482593431,-149208129.78335184,0
2024-07-01,stars,Stargaze,0.0050152892342168,3.1452783366150427,3.166231940930264,5.725709507134269,0,0,0,0,12.037219784679575,0.07012481746893297,-148329532.33134833,0
2024-07-02,stars,Stargaze,0.0053861334512637,0.9881855953441487,1.1449278707461596,-1.259114615517709,0,0,0,0,0.8739988505725993,0.07006899831371365,-148002784.05327705,0
2024-07-04,stars,Stargaze,0.0064680350594744,-9.575777695041976,-10.407734287215787,-12.0623016151158,0,0,0,0,-32.04581359737357,0.06505401876906479,-151013603.12737498,0
2024-07-05,stars,Stargaze,0.0056079809952949,-5.022867649518348,-4.322382056381258,-15.730592957385635,0,0,0,0,-25.075842663285243,0.047320828286716556,-152141332.25173792,0
2024-07-06,stars,Stargaze,0.0098255877409547,-1.341203584126649,-1.2589680644810697,32.09066648650474,0,0,0,0,29.490494837897018,0.045441573388986745,-152432832.3061943,0
2024-07-07,stars,Stargaze,0.0048315941388243,3.8261054175533937,3.839722910412946,-8.854608877113657,0,0,0,0,-1.1887805491473173,0.047365881984115885,-151506747.34323296,0
2024-07-09,stars,Stargaze,0.0054836425080521,11.328298234589361,6.76086097255113,1.5914523967183403,0,0,0,0,19.680611603858832,0.06720130661805837,-149789040.30412453,0
2024-07-11,stars,Stargaze,0.0046836078383617,-7.004956804798335,-2.838406539949001,9.65377434571748,0,0,0,0,-0.18958899902985582,0.07131256058207011,-150554218.92676708,0
2024-07-12,stars,Stargaze,0.0063991673760775,-0.7622222916427224,-0.8161770886999431,-3.048636123214865,0,0,0,0,-4.627035503557531,0.070815928636925,-150768205.11543053,0
2024-07-13,stars,Stargaze,0.0042937611944612,2.565124090022941,2.705908576320959,3.5419794973579277,0,0,0,0,8.813012163701828,0.06115394830659579,-150062950.97864616,0
2024-07-15,stars,Stargaze,0.0056890913371655,0.6169967275675425,0.39317718350917463,0.8806704134885601,0,0,0,0,1.8908443245652773,0.05615657952228384,-149954766.8646066,0
2024-07-16,stars,Stargaze,0.0052380737758829,1.691155762496055,2.242851769856813,-2.94078145596538,0,0,0,0,0.9932260763874878,0.054919048131530486,-149353383.0297044,0
2024-07-17,stars,Stargaze,0.006533567624096,2.8463584064185365,2.4532610352541617,-0.5724594230306024,0,0,0,0,4.7271600186420955,0.05442482725399666,-148676231.0647639,0
2024-07-18,stars,Stargaze,0.0043011180046299,-0.8199005640946222,-0.9352900707835565,-2.2978670762759945,0,0,0,0,-4.053057711154173,0.033699024669519614,-148945044.6035065,0
2024-07-21,stars,Stargaze,0.004097091203308,-0.9473742643977712,-0.7456512580438224,-2.120307257264653,0,0,0,0,-3.8133327797062466,0.016444264237630114,-149154879.45480907,0
2024-07-22,stars,Stargaze,0.0050476798591603,-2.896198365879632,-2.8903893369405798,-2.7138614448415033,0,0,0,0,-8.500449147661715,0.02103399110136128,-149956304.7689741,0
2024-07-24,stars,Stargaze,0.0053454667057471,-6.440409762319765,-6.432861021101132,-0.9291167573437398,0,0,0,0,-13.802387540764638,0.03101682720903536,-151688627.32423174,0
2024-07-25,stars,Stargaze,0.0052870078582356,-3.4052236421492244,-3.3394639946078386,-9.501892996750872,0,0,0,0,-16.246580633507936,0.03156718886563961,-152535158.1371562,0
2024-07-26,stars,Stargaze,0.004442092675751,-2.647795160503441,-3.797613036407943,-2.961205245139842,0,0,0,0,-9.406613442051226,0.028544926900393116,-153462662.02014732,0
2024-07-27,stars,Stargaze,0.0047968189246595,2.801242097999923,4.075769482233249,5.549753556554626,0,0,0,0,12.426765136787798,0.02841631373645506,-152504662.61598712,0
2024-07-28,stars,Stargaze,0.0044231829676501,0.5174969099803084,0.5278394729303582,-0.17797995764680108,0,0,0,0,0.8673564252638655,0.02979786142168704,-152376582.51692396,0
2024-07-29,stars,Stargaze,0.0038482424141655,-1.4536705674650818,-1.527966190840857,-2.3644033991320867,0,0,0,0,-5.346040157438026,0.029600282250085843,-152753105.90403605,0
2024-07-30,stars,Stargaze,0.0056371559472549,-3.0963316731652313,-1.681704607507839,6.408240581396796,0,0,0,0,1.630204300723726,0.02971835529114351,-153153449.00913477,0
2024-07-31,stars,Stargaze,0.0049300380726832,-2.9035737226647873,-4.201417851321388,-10.643187080410021,0,0,0,0,-17.748178654396195,0.023102961390139815,-154156960.89411384,0
2024-08-01,stars,Stargaze,0.0081137513910946,-3.2556535944216813,-3.2462777506607865,-1.9010540433205936,0,0,0,0,-8.40298538840306,0.022898586843435886,-154891730.20125946,0
2024-08-02,stars,Stargaze,0.0095114890926374,-2.800358228208921,-3.4104430950523734,-3.695272732099364,0,0,0,0,-9.906074055360659,0.023040187845666794,-155641970.6523724,0
2024-08-03,stars,Stargaze,0.0081598575016437,-11.34035380788987,-10.753709077261897,-6.395793564926155,0,0,0,0,-28.489856450077923,0.03716242701860031,-157931746.2124103,0
2024-08-04,stars,Stargaze,0.0068409433856523,-3.2795746091704103,-3.285574621740539,-5.384672016491199,0,0,0,0,-11.949821247402149,0.03288696879132111,-158558490.14519414,0
2024-08-05,stars,Stargaze,0.006604205620909,-3.4977546732387177,-3.2476968158844155,-24.812474711319986,0,0,0,0,-31.55792620044312,0.031088337060841787,-159163827.70986256,0
2024-08-06,stars,Stargaze,0.0116895390539072,-6.517584615166161,-6.629476194955308,21.376826592706056,0,0,0,0,8.229765782584586,0.03154728276199631,-160329179.76886922,0
2024-08-07,stars,Stargaze,0.0097577913090593,12.8505967279952,12.809137001301863,12.68800518399782,0,0,0,0,38.34773891329488,0.07440671555623732,-158203911.88894245,0
2024-08-08,stars,Stargaze,0.0051525326723559,-2.585186285797403,-1.5420877346680517,1.7644610903037927,0,0,0,0,-2.362812930161662,0.0743436667769219,-158496551.9398809,0
2024-08-09,stars,Stargaze,0.0056450467647071,13.90172086819199,12.83700389581015,13.291746284303741,0,0,0,0,40.030471048305884,0.09653324049144307,-156128427.65068376,0
2024-08-10,stars,Stargaze,0.005033996064686,-1.2008874015826398,-1.285186091532875,-1.9701523882027172,0,0,0,0,-4.4562258813182325,0.08352920801172077,-156396921.72930905,0
2024-08-12,stars,Stargaze,0.0045626696906945,-3.167728443844664,-3.133886815406739,-13.383365021556914,0,0,0,0,-19.684980280808315,0.08342619140907348,-157045729.6529082,0
2024-08-13,stars,Stargaze,0.0054218914383622,1.2338818408468955,1.2712126029821524,-3.9147942897334254,0,0,0,0,-1.4096998459043775,0.08067008560190697,-156793809.31820524,0
2024-08-14,stars,Stargaze,0.0047360390626651,-1.2066313018197938,-1.2589029170438137,2.338395701277385,0,0,0,0,-0.12713851758622274,0.07341461638572054,-157046895.19862735,0
2024-08-15,stars,Stargaze,0.004556398860522,-2.632129411873174,-2.592279658533192,-6.233935687729419,0,0,0,0,-11.458344758135786,0.0603641205876957,-157564102.73187548,0
2024-08-16,stars,Stargaze,0.0053708273554585,-7.246583266578899,-7.251304440223727,-11.00828219830332,0,0,0,0,-25.506169905105946,0.06672574417816893,-158969421.69957104,0
2024-08-17,stars,Stargaze,0.0051752832280572,-1.120117104391194,-0.809246362226268,7.442539562923889,0,0,0,0,5.5131760963064265,0.02631014532119647,-159112454.62906846,0
2024-08-18,stars,Stargaze,0.0055976777355131,4.194584026268866,3.926218881082999,10.530330261877419,0,0,0,0,18.651133169229283,0.03586432311852847,-158409896.6049906,0
2024-08-19,stars,Stargaze,0.0063912696196104,0.09950666999134494,0.2943252270733332,-8.810045053620152,0,0,0,0,-8.416213156555475,0.035333827193464964,-158357875.6095241,0
2024-08-20,stars,Stargaze,0.0049330389196206,4.252814081792966,3.886196807057707,14.825381637889802,0,0,0,0,22.964392526740475,0.039985499934702226,-157633771.5424447,0
2024-08-21,stars,Stargaze,0.0056701490948354,2.8152613264030846,3.0963763934878097,7.9433977986349324,0,0,0,0,13.855035518525828,0.0416920132736329,-157033281.33356583,0
2024-08-22,stars,Stargaze,0.0047570061718938,2.9776559188218865,2.9552611597912337,10.196147233236253,0,0,0,0,16.129064311849376,0.04105966058413255,-156443108.35226423,0
2024-08-23,stars,Stargaze,0.0052035258323145,-1.3422538464603062,-1.3026073156151563,0.33307010393315295,0,0,0,0,-2.3117910581423096,0.02428507665394074,-156708784.23076767,0
2024-08-24,stars,Stargaze,0.0051786610062208,4.271624758425641,4.266162947323693,-1.9873434594121164,0,0,0,0,6.550444246337217,0.022333772621024855,-155848707.9562478,0
2024-08-26,stars,Stargaze,0.0027809218795968,-1.1720461507286783,-0.6675861348369172,-10.020982281628843,0,0,0,0,-11.860614567194439,0.02451933306148167,-155996734.39391568,0
2024-08-27,stars,Stargaze,0.0051845649203027,-0.2918317573670559,-2.3302102794370283,0.9989779908163188,0,0,0,0,-1.6230640459877654,0.024985357396938596,-156480432.65631497,0
2024-08-28,stars,Stargaze,0.0039096777546244,-5.45990550057428,-3.9036336884640477,-8.043183923608632,0,0,0,0,-17.406723112646958,0.03357774365196802,-157282222.22785285,0
2024-08-29,stars,Stargaze,0.0043393839103923,-0.3098182514090997,-0.277877240495783,7.34871321962447,0,0,0,0,6.761017727719587,0.031630383995740315,-157333438.87825793,0
2024-08-30,stars,Stargaze,0.0047889944914137,0.32060577204706675,0.29753390412097236,0.9925934481613607,0,0,0,0,1.6107331243293999,0.028650068826500313,-157274300.56262988,0
2024-09-01,stars,Stargaze,0.0053433494214707,-3.5580934499608086,-3.5152296906127423,-6.0914503827706685,0,0,0,0,-13.16477352334422,0.03079083423178134,-157965966.69628245,0
2024-09-02,stars,Stargaze,0.0040835818031394,-3.761566238325531,-3.6463089617852273,3.3262545764543905,0,0,0,0,-4.081620623656368,0.02211306402646604,-158656410.07053557,0
2024-09-03,stars,Stargaze,0.0040731749388336,3.312443122580633,3.281221676450996,0.3307575009760644,0,0,0,0,6.924422300007693,0.030083480737435272,-158057741.9051039,0
2024-09-05,stars,Stargaze,0.0056519927176349,-6.639054978259029,-6.652164717501652,-1.571976093628391,0,0,0,0,-14.863195789389072,0.03532215750470547,-159310001.4858167,0
2024-09-06,stars,Stargaze,0.0054789504343509,-4.3789692550435415,-4.300523063648576,-2.563834786695207,0,0,0,0,-11.243327105387324,0.03391854398121218,-160067586.19657433,0
2024-09-07,stars,Stargaze,0.0068662068184212,-5.395185601839348,-5.445743261082536,-13.597458275914864,0,0,0,0,-24.43838713883675,0.03476833887736719,-160988138.67930079,0
2024-09-09,stars,Stargaze,0.0029659002839417,5.592284707665751,5.634828547085058,13.74547001125297,0,0,0,0,24.972583266003777,0.04654840613231973,-160090581.6125298,0
2024-09-10,stars,Stargaze,0.0053259084489118,4.988862006828243,5.023801957059337,5.692051226124084,0,0,0,0,15.704715190011665,0.05291633601084717,-159241470.43666714,0
2024-09-12,stars,Stargaze,0.0042594536184722,-0.7440893405498583,-0.7104451427811354,0.9102366615320046,0,0,0,0,-0.5442978217989891,0.0514015411020718,-159367656.4858718,0
2024-09-13,stars,Stargaze,0.0036017682187062,2.426788195962648,2.3220342363910795,-1.168616795944899,0,0,0,0,3.5802056364088286,0.05041597122738086,-158961776.18343365,0
2024-09-14,stars,Stargaze,0.0034549471355209,1.9920688782137708,2.0721744931225805,-2.341221159673057,0,0,0,0,1.7230222116632943,0.04320255536055633,-158591197.6218516,0
2024-09-16,stars,Stargaze,0.0048483084317294,6.705864043004883,6.788537563300556,-0.2323187989042408,0,0,0,0,13.2620828074012,0.04203834905421917,-157346833.36699274,0
2024-09-17,stars,Stargaze,0.0049023724021575,-7.078618472270037,-7.1191642785854325,-3.1523297355107394,0,0,0,0,-17.350112486366207,0.047278353472285074,-158739963.61503267,0
2024-09-18,stars,Stargaze,0.007119885746412,7.21732251488818,7.329754300655877,3.688039911342944,0,0,0,0,18.235116726887004,0.04968358312465176,-157404893.17928687,0
2024-09-19,stars,Stargaze,0.0055331914799952,0.595463867535595,0.6105527046600834,-1.909480935403951,0,0,0,0,-0.7034643632082727,0.04835333250148683,-157288464.8525583,0
2024-09-20,stars,Stargaze,0.0071934204318596,6.091449093389989,6.005277220651717,2.8683853877903065,0,0,0,0,14.965111701832011,0.04974141505452694,-156107604.6833936,0
2024-09-21,stars,Stargaze,0.0073880844078683,-1.4619377837998826,-1.2845283804512664,1.7037330917964777,0,0,0,0,-1.0427330724546713,0.05203910952987503,-156373762.91074416,0
2024-09-22,stars,Stargaze,0.0048182261990656,1.3280765836445774,1.2030945807827598,-5.136716593677548,0,0,0,0,-2.6055454292502107,0.05210314422712097,-156132065.25891495,0
2024-09-23,stars,Stargaze,0.0070819792908157,-6.0097096744538785,-6.0264322368901,0.9985568642055798,0,0,0,0,-11.0375850471384,0.05471260025916594,-157380629.71121207,0
2024-09-25,stars,Stargaze,0.0064399135874274,7.18746500832288,7.171964111493323,-3.949359698247712,0,0,0,0,10.41006942156849,0.04988427388127791,-155983046.2208172,0
2024-09-26,stars,Stargaze,0.0071072460888752,-5.36370427276518,-5.427807922816985,-6.521530488195026,0,0,0,0,-17.31304268377719,0.05117071301569329,-157120063.4396548,0
2024-09-27,stars,Stargaze,0.0060920884205567,-1.325553611065955,-1.2632368907646407,6.209894077585165,0,0,0,0,3.6211035757545695,0.05152362785234683,-157369012.3895631,0
2024-09-28,stars,Stargaze,0.0074823305027834,1.7168163239150935,1.593442405423895,3.826448411419725,0,0,0,0,7.1367071407587135,0.04526706008974099,-157054735.1477547,0
2024-09-29,stars,Stargaze,0.0052798051984424,-2.503619531412382,-2.5258659227879954,-1.5602935927874206,0,0,0,0,-6.589779046987798,0.045780820318923866,-157559123.68532026,0
2024-09-30,stars,Stargaze,0.0055484166680173,3.60620189962495,3.7947605657025596,1.7355665024630484,0,0,0,0,9.136528967790557,0.04821610977996227,-156824190.0963995,0
2024-10-01,stars,Stargaze,0.0047944148425553,-8.095128644141703,-8.158701142333246,-8.339208379494412,0,0,0,0,-24.59303816596936,0.052706224046107,-158466114.5466658,0
2024-10-02,stars,Stargaze,0.0076961142811116,-4.943987307326935,-4.857810452955846,1.355725913466821,0,0,0,0,-8.446071846815961,0.041205990291011504,-159358255.25945616,0
2024-10-03,stars,Stargaze,0.0050234886974691,-1.1983592086001305,-1.2710587842362342,-5.734799903266429,0,0,0,0,-8.204217896102794,0.03919768727186326,-159586032.4644241,0
2024-10-05,stars,Stargaze,0.0047197009695884,1.4822201562797455,1.4550897106300864,-2.3009554140127397,0,0,0,0,0.6363544528970921,0.04117531348913733,-159335114.41894335,0
2024-10-07,stars,Stargaze,0.0058860055698342,-1.7190187199735085,-1.8380696251950157,8.795805829462422,0,0,0,0,5.238717484293898,0.03879257371293494,-159654009.81100392,0
2024-10-08,stars,Stargaze,0.0077637688976885,0.26023847168539227,0.5414483926274638,-8.947758274866214,0,0,0,0,-8.146071410553358,0.03948827674187703,-159561855.41034073,0
2024-10-09,stars,Stargaze,0.0061417504269672,-2.5380279750977452,-2.7128349750351166,7.788705873750024,0,0,0,0,2.537842923617162,0.032398884574967236,-160031478.84358457,0
2024-10-10,stars,Stargaze,0.0049890645425873,-0.6150782038150449,-0.5932784961179993,-6.148079679112639,0,0,0,0,-7.356436379045684,0.020670933030286234,-160134862.1806687,0
2024-10-13,stars,Stargaze,0.0048408324780756,3.8062930552060337,3.85565574786777,-3.9485692083886748,0,0,0,0,3.713379594685129,0.021573393504746984,-159489690.10309216,0
2024-10-14,stars,Stargaze,0.0058856013826736,-0.5090691978988593,-0.5241215687983858,8.37981994863739,0,0,0,0,7.346629181940146,0.02112764409128656,-159577273.6782291,0
2024-10-15,stars,Stargaze,0.0050049311723947,4.259880598258725,4.102432287330404,3.244481863710935,0,0,0,0,11.606794749300064,0.026298628154720817,-158866294.16683424,0
2024-10-16,stars,Stargaze,0.0065028418730963,-0.236035381817834,-0.14449288882253386,-1.6040487940209625,0,0,0,0,-1.9845770646613303,0.024844739180109456,-158891316.7095506,0
2024-10-17,stars,Stargaze,0.0035037650150026,-0.5316210149949763,-0.41693561590117056,-3.5628540426004607,0,0,0,0,-4.5114106734966075,0.025219980279960412,-158970840.31067103,0
2024-10-19,stars,Stargaze,0.0044452767369273,-2.2702687495005813,-2.2912888988112723,0.7654756314730893,0,0,0,0,-3.7960820168387643,0.024693773381772074,-159380523.56486815,0
2024-10-21,stars,Stargaze,0.0046610569882371,5.891351864544103,6.434794089809537,5.855717237437896,0,0,0,0,18.181863191791535,0.030986917811624336,-158250687.79250744,0
2024-10-22,stars,Stargaze,0.0087036247694413,4.180554213187482,4.239710257322993,-13.11433199053117,0,0,0,0,-4.6940675200206945,0.03148208078101821,-157459893.58161113,0
2024-10-23,stars,Stargaze,0.008689777261183,-5.129707299686692,-5.087790375592515,-8.655335258015795,0,0,0,0,-18.872832933295,0.040147619253409,-158452017.71179196,0
2024-10-24,stars,Stargaze,0.0056442224066778,-1.8952449472315225,-1.9615539439182927,-0.02302411252511627,0,0,0,0,-3.8798230036749315,0.0382063155482701,-158817356.8174457,0
2024-10-25,stars,Stargaze,0.0061282437643457,0.7487779439007802,0.8106066026151382,-1.8015283157123418,0,0,0,0,-0.24214376919642344,0.038285597179853394,-158670681.14456138,0
2024-10-26,stars,Stargaze,0.0054907075345371,-9.127657810497602,-8.97581078357944,-6.258461341662313,0,0,0,0,-24.361929935739354,0.05209984666363301,-160310202.66930747,0
2024-10-27,stars,Stargaze,0.0071926250816728,-3.6326553767579983,-3.7290327817146585,-5.699470081193569,0,0,0,0,-13.061158239666227,0.052864822881611276,-160929156.70669577,0
2024-10-28,stars,Stargaze,0.0056137839578037,-2.2948001520257777,-2.321160551585111,-3.0979427441333196,0,0,0,0,-7.713903447744208,0.042367221681234205,-161302402.6188862,0
2024-10-29,stars,Stargaze,0.0065479253564345,-0.40131031260317584,-0.2949838108866065,5.448187463444376,0,0,0,0,4.751893339954593,0.0328967423848477,-161346300.4286282,0
2024-10-30,stars,Stargaze,0.0096567046569102,0.8505247459839271,0.8121696092506125,-1.2072933262524344,0,0,0,0,0.4554010289821053,0.034488004356149654,-161217276.95140794,0
2024-10-31,stars,Stargaze,0.0069228191334669,-0.5033043128509718,-0.5284718690331758,-1.6843463302752326,0,0,0,0,-2.71612251215938,0.03512230932213713,-161303176.2651162,0
2024-11-01,stars,Stargaze,0.0076690509299235,-5.977944444488603,-5.925331076710805,-4.448251561322936,0,0,0,0,-16.351527082522345,0.03538503363336601,-162228585.3565586,0
2024-11-02,stars,Stargaze,0.0064878240820203,-2.785665180887731,-2.789781275489156,70.04743072951769,0,0,0,0,64.47198427314079,0.023106946366699216,-162623051.3787956,0
2024-11-03,stars,Stargaze,0.005374397203816,-2.0521681559361515,-2.1073745730497917,0.0007477921436960244,0,0,0,0,-4.158794936842247,0.022118113094794008,-162924814.4059113,0
2024-11-04,stars,Stargaze,0.0057161190996136,-1.0722793737330094,-0.9725864740432466,-0.0007477865518024096,0,0,0,0,-2.0456136343280584,0.02221903513281083,-163060441.1244853,0
2024-11-07,stars,Stargaze,0.0076771867792709,4.942635774969539,5.012304301688508,0.0007477921436960244,0,0,0,0,9.955687868801743,0.033675861372470486,-162365137.65726894,0
2024-11-08,stars,Stargaze,0.0058015524865219,0.012444785214826837,0.04416895391847753,0.0,0,0,0,0,0.056613739133304364,0.03307574453528234,-162360337.54802522,0
2024-11-09,stars,Stargaze,0.0144651133214132,1.340849740980632,1.3297214104335708,0.0,0,0,0,0,2.6705711514142028,0.03430675272696239,-162159440.65653476,0
2024-11-10,stars,Stargaze,0.0083656338652993,1.2333139013255057,1.6786923695800704,0.0,0,0,0,0,2.912006270905576,0.025979267304605914,-161917440.45510283,0
2024-11-12,stars,Stargaze,0.0089540830522897,10.517449621141338,9.508419765608123,0.0,0,0,0,0,20.025869386749463,0.04318876736216337,-160492395.10916594,0
2024-11-13,stars,Stargaze,0.0089386162166112,-9.21006863350813,-8.719882723773642,0.0,0,0,0,0,-17.929951357281773,0.059962277867948964,-161923011.2922147,0
2024-11-14,stars,Stargaze,0.0098955752864648,-5.950141240858519,-5.997299041361148,0.0,0,0,0,0,-11.947440282219667,0.0654986997811784,-162820342.76980713,0
2024-11-15,stars,Stargaze,0.0070042241299827,-1.9098341081954406,-1.8264409651083446,0.0,0,0,0,0,-3.7362750733037853,0.06265857850381121,-163079846.26190877,0
2024-11-16,stars,Stargaze,0.0072680328148569,4.061433852935004,4.182133129793586,-0.0007477865518024096,0,0,0,0,8.242819196176788,0.06510337418365893,-162501702.08490407,0
2024-11-17,stars,Stargaze,0.0092335750596351,6.431521864070211,6.180091188807468,0.0007477921436960244,0,0,0,0,12.612360845021374,0.06952825497454242,-161610175.94689295,0
2024-11-18,stars,Stargaze,0.0101607721028152,0.5359656668673773,0.4108691861917535,-0.0007477865518024096,0,0,0,0,0.9460870665073284,0.06949559158488858,-161546515.78475338,0
2024-11-19,stars,Stargaze,0.0138218916680296,15.769677541018368,16.20442937765725,0.0007477921436960244,0,0,0,0,31.97485471081931,0.08338525405974309,-159054919.42034414,0
2024-11-20,stars,Stargaze,0.010242633102707,-0.9782754902052715,-0.962941840895315,0.0,0,0,0,0,-1.9412173311005865,0.07079976019850798,-159230497.80975762,0
2024-11-22,stars,Stargaze,0.0160425747694018,-5.743002144123189,-5.7727717232625935,0.0,0,0,0,0,-11.515773867385782,0.07038763929084609,-160244705.39766592,1
2024-11-23,stars,Stargaze,0.0102722255187214,1.8539698200526145,1.920854596490651,0.0,0,0,0,0,3.7748244165432654,0.06776114433780422,-159930620.48093334,1
2024-11-24,stars,Stargaze,0.0162410681989234,9.799045776551285,10.004876475546865,0.0,0,0,0,0,19.80392225209815,0.0723838352352365,-158226380.62190983,1
2024-11-25,stars,Stargaze,0.0153442661214863,6.000815004560867,5.781967442464442,0.0,0,0,0,0,11.782782447025308,0.07215595293221758,-157147809.73125726,1
2024-11-26,stars,Stargaze,0.0099621094073744,-4.238569599871578,-4.422318145724957,0.0,0,0,0,0,-8.660887745596536,0.07788534016280334,-158027282.3523088,1
2024-11-27,stars,Stargaze,0.0091867462305602,-3.2593576456128037,-2.8635572696435463,0.0,0,0,0,0,-6.1229149152563505,0.057200091456366925,-158568517.29131788,0
2024-11-28,stars,Stargaze,0.0042344667272117,2.389069996744153,2.917901145256163,0.0,0,0,0,0,5.306971142000316,0.05717478347406248,-158039209.72269836,0
2024-11-30,stars,Stargaze,0.0066478510000746,2.9347204262559545,2.2585887277403627,0.0,0,0,0,0,5.193309153996317,0.04901459764910404,-157610489.57538402,0
2024-12-02,stars,Stargaze,0.00631060254229,4.2009799044683716,4.241732804898812,0.0,0,0,0,0,8.442712709367184,0.04952939661124902,-156792741.7899078,0
2024-12-03,stars,Stargaze,0.0111213756577937,-3.8882186906692984,-3.9926372443342406,0.0,0,0,0,0,-7.880855935003539,0.04266878839615649,-157589982.12131646,0
2024-12-04,stars,Stargaze,0.0084839529395249,5.12935604108038,5.235027339427378,1.6870064608758062,0,0,0,0,12.051389841383564,0.0409186638777918,-156581685.99047136,0
2024-12-05,stars,Stargaze,0.010464959814813,6.2502896841300615,6.8439055757152145,-3.9622308506883197,0,0,0,0,9.131964409156957,0.04001056889511018,-155190297.13304177,0
2024-12-06,stars,Stargaze,0.0072973984127885,-1.9360425528134773,-2.429438056783384,-0.7550001531440476,0,0,0,0,-5.120480762740909,0.03735507459737505,-155721983.29203412,0
2024-12-08,stars,Stargaze,0.0072114778441303,11.34196072268734,11.462673177987304,27.82887122907183,0,0,0,0,50.633505129746474,0.051093271053288196,-153283917.1342296,0
2024-12-09,stars,Stargaze,0.0069568780059904,-0.9833374531760586,-0.9618960913799768,-0.5468405772608431,0,0,0,0,-2.4920741218168785,0.05380464033313955,-153511595.91438127,0
2024-12-10,stars,Stargaze,0.016178149115693,-17.98618402293063,-15.97209694561722,-12.222876320756438,0,0,0,0,-46.18115728930429,0.09458147676436884,-157240715.1746794,0
2024-12-11,stars,Stargaze,0.0085335314282646,-2.6422311888207317,-5.006518210966371,4.0474857051986834,0,0,0,0,-3.6012636945884196,0.09390761325960606,-158231473.08533978,0
2024-12-12,stars,Stargaze,0.007101987176237,6.236355380570058,6.157939269809853,-2.585605401130997,0,0,0,0,9.808689249248914,0.09502512582986346,-157085098.3464155,0
2024-12-13,stars,Stargaze,0.0066425254860302,-1.8246382002348738,-1.8373832074083052,25.499331496084476,0,0,0,0,21.8373100884413,0.0910478443066913,-157438581.95862728,0
2024-12-14,stars,Stargaze,0.0041854469114683,0.19292139844286904,0.29512012432921786,-7.5650760692912655,0,0,0,0,-7.077034546519179,0.09108284020601749,-157388146.25269553,0
2024-12-15,stars,Stargaze,0.0087800835573991,-2.101534587966458,-2.049208742307751,2.554995619167455,0,0,0,0,-1.5957477111067542,0.07370700228744635,-157781243.45392907,0
2024-12-16,stars,Stargaze,0.0056517470370547,-0.16459277933948968,-0.2549937909273714,-4.288319075250568,0,0,0,0,-4.707905645517429,0.07409427957595298,-157835706.4964453,0
2024-12-17,stars,Stargaze,0.0061670804847341,-6.580570170256839,-6.554205907529065,-9.471319454844995,0,0,0,0,-22.6060955326309,0.03877649341894057,-159088605.4477118,0
2024-12-18,stars,Stargaze,0.0055091798762299,-7.628044408870682,-7.636893203061879,-15.302914998511064,0,0,0,0,-30.567852610443627,0.04619968906827745,-160455808.71905822,0
2024-12-19,stars,Stargaze,0.0077585798197258,-7.765053449424942,-7.594347813767232,1.769669505430116,0,0,0,0,-13.589731757762058,0.03511357187231692,-161701962.72215384,0
2024-12-20,stars,Stargaze,0.0070863362163373,-7.007903836882134,-6.852937739219344,-16.284211738512923,0,0,0,0,-30.1450533146144,0.03596460657228883,-162750271.64392847,0
2024-12-21,stars,Stargaze,0.0107387232916325,2.179261160964896,1.6972857099057492,11.49444261032244,0,0,0,0,15.370989481193085,0.04069804859820324,-162503191.05001795,0
2024-12-22,stars,Stargaze,0.007023617004462,-4.261772943372721,-4.082491789515819,1.2831268815081787,0,0,0,0,-7.061137851380361,0.03969007236399536,-163093614.68885678,0
2024-12-23,stars,Stargaze,0.0088594472186966,2.2866392309822015,2.4691129093299846,3.1143919829784483,0,0,0,0,7.870144123290634,0.04485763448703974,-162750003.13184527,0
2024-12-24,stars,Stargaze,0.0082798811743682,3.98027491384616,3.9876610217140174,3.260535704441092,0,0,0,0,11.22847164000127,0.05230848753010724,-162185010.33725163,0
2024-12-25,stars,Stargaze,0.0051929013025457,0.7375802869320047,0.8354346255374789,-3.574016306544736,0,0,0,0,-2.0010013940752525,0.048316817456016355,-162066183.05607072,0
2024-12-27,stars,Stargaze,0.0043128622980799,-4.235596304104961,-4.240714479146068,2.0130193708622457,0,0,0,0,-6.4632914123887835,0.04200583580108649,-162695266.7215336,0
2024-12-28,stars,Stargaze,0.0054147080615768,-1.0086969908180032,-1.0169983503003022,8.047483174642567,0,0,0,0,6.021787833524262,0.032524381866567635,-162835746.97891548,0
2024-12-30,stars,Stargaze,0.0026806844082228,-1.7740741104547708,-2.0488313213756326,-13.974783101664146,0,0,0,0,-17.797688533494547,0.03143022237446962,-163131818.0282151,0
2024-12-31,stars,Stargaze,0.0046054501218399,-1.5913225983781087,-1.327313326656765,-5.371338955762994,0,0,0,0,-8.289974880797867,0.02765400242690499,-163314946.8808532,0
2025-01-01,stars,Stargaze,0.0047120536037596,1.045782974090148,1.117028102447848,-1.183025088594647,0,0,0,0,0.979785987943349,0.026128057364992473,-163163455.61508644,0
2025-01-02,stars,Stargaze,0.0018935872989921,0.7161440367422278,0.4634273286164836,-0.5415001427347965,0,0,0,0,0.6380712226239149,0.018909638248774556,-163102263.21391279,0
2025-01-04,stars,Stargaze,0.0077218958318753,9.177159974475014,9.491371404012504,28.425225807030287,0,0,0,0,47.0937571855178,0.042756875856927605,-161777598.13979572,0
2025-01-05,stars,Stargaze,0.0042903396946676,-1.68732357478647,-1.6984348757623002,1.3186199189830994,0,0,0,0,-2.067138531565671,0.0391518747325531,-162036842.17263705,0
2025-01-06,stars,Stargaze,0.0033129571568061,1.5663224130358477,1.7919015412626305,1.0987950478396291,0,0,0,0,4.457019002138107,0.03848640652646537,-161771001.55455142,0
2025-01-07,stars,Stargaze,0.0084008246116684,3.208898321471909,2.9419277426845802,-4.492642947730152,0,0,0,0,1.6581831164263372,0.03693785605031992,-161323310.11222923,0
2025-01-09,stars,Stargaze,0.0064048026611949,-11.31538994020531,-11.24771790597755,-1.1258415254902787,0,0,0,0,-23.68894937167314,0.061699797719207895,-163077068.167544,0
2025-01-10,stars,Stargaze,0.0045531888689356,-3.883562018993003,-3.772045410419622,-1.2267502310536083,0,0,0,0,-8.882357660466234,0.06360661062279563,-163600333.139362,0
2025-01-11,stars,Stargaze,0.0080925918103206,3.2428945736171944,3.1933292142265923,6.775733385966065,0,0,0,0,13.211957173809852,0.06499237762120734,-163170085.97046214,0
2025-01-12,stars,Stargaze,0.0040747858809919,0.5091158686888697,0.5087905587739305,0.7558227102816506,0,0,0,0,1.7737291377444508,0.05156083409301238,-163103219.9923888,0
2025-01-13,stars,Stargaze,0.0051651052863576,-5.090736977906529,-5.2438178665494934,2.5045865325813654,0,0,0,0,-7.829968311874657,0.05366510443131565,-163824483.52368096,0
2025-01-14,stars,Stargaze,0.00585007941141,-3.259638068096138,-3.09279141694091,1.030784324123668,0,0,0,0,-5.32164516091338,0.05186886294084899,-164227708.76724392,0
2025-01-15,stars,Stargaze,0.0076618643864771,4.064404587980253,4.069871686867055,-11.894810742006811,0,0,0,0,-3.760534467159504,0.05347822765763725,-163716173.72315216,0
2025-01-18,stars,Stargaze,0.0130341082758063,12.141036395474348,12.211162401928654,29.631670663231112,0,0,0,0,53.98386946063411,0.06024959201520976,-162090009.41308546,0
2025-01-19,stars,Stargaze,0.0046170641695947,-3.736806970683737,-3.800033671660552,-4.911186175835292,0,0,0,0,-12.448026818179581,0.06004936148375306,-162661921.99846002,0
2025-01-20,stars,Stargaze,0.0104438225576818,-9.154692115726847,-8.873739567339012,-15.32657092971974,0,0,0,0,-33.3550026127856,0.07018644453604875,-163927413.80443087,0
2025-01-22,stars,Stargaze,0.0075605792055284,-4.034211433158008,-4.173243585186592,17.890320647287993,0,0,0,0,9.682865628943393,0.07103498781847588,-164463384.622897,0
2025-01-23,stars,Stargaze,0.0048728323194708,-2.913787605085083,-2.967223556199039,-8.32788631466822,0,0,0,0,-14.208897475952343,0.06955783194644082,-164838072.95175424,0
2025-01-24,stars,Stargaze,0.0063774462139577,-1.249045729552456,-1.2456993254172932,12.091662925502412,0,0,0,0,9.596917870532662,0.06887367833018558,-164981779.2302743,0
2025-01-25,stars,Stargaze,0.0052967751713213,0.6552490827620883,0.6738321081622534,-13.712209113986674,0,0,0,0,-12.383127923062332,0.06609441316420575,-164909188.3952337,0
2025-01-26,stars,Stargaze,0.0043463335722258,-1.6086706076612223,-1.5379403984802753,-4.9753586981747695,0,0,0,0,-8.121969704316268,0.031012774457545092,-165096336.8121673,0
2025-01-27,stars,Stargaze,0.0045884481751714,-1.47642667548048,-1.9490709849616983,-3.3825863963853897,0,0,0,0,-6.808084056827568,0.03147193044521597,-165327562.6693363,0
2025-01-28,stars,Stargaze,0.0130020674459498,-11.345157668965033,-11.007672008609537,7.260750609647304,0,0,0,0,-15.092079067927266,0.03900159378087889,-166593214.42054412,0
2025-01-29,stars,Stargaze,0.0073748489456876,-1.764184945208369,-1.68270123344757,7.664102030914255,0,0,0,0,4.217215852258317,0.039076721647736186,-166766692.3128479,0
2025-01-30,stars,Stargaze,0.0059307789084387,0.30486806138183553,0.3287805576561942,-0.7970282050126509,0,0,0,0,-0.1633795859746212,0.04079634953083654,-166734637.71074784,0
2025-01-31,stars,Stargaze,0.0082603790049967,1.9725967660795485,2.0162227619878514,-7.088111416129639,0,0,0,0,-3.099291888062239,0.043947179238466104,-166531619.02449393,0
2025-02-01,stars,Stargaze,0.0069157646196467,-2.1254463029935167,-2.1648479783033747,-12.581810053992893,0,0,0,0,-16.872104335289784,0.04249090108497059,-166762111.48065197,0
2025-02-02,stars,Stargaze,0.0068581519884342,-5.992877646645156,-5.846954451590558,-11.873372005688987,0,0,0,0,-23.7132041039247,0.044499857364144246,-167359351.91944095,0
2025-02-03,stars,Stargaze,0.0141087635670847,-15.452764747908232,-15.75732751860387,0.0009066676337710078,0,0,0,0,-31.209185598878328,0.06402453830221803,-168860110.4634716,0
2025-02-04,stars,Stargaze,0.0181870608053869,-3.1672702481581716,-2.973020254466463,-0.0009066594133910755,0,0,0,0,-6.141197162038026,0.0574597530179705,-169097412.94158256,0
2025-02-05,stars,Stargaze,0.0075810201173417,-1.9443504973121972,-1.7963998623979682,0.0009066676337710078,0,0,0,0,-3.7398436920763944,0.05736011207645058,-169242502.9350862,0
2025-02-06,stars,Stargaze,0.0042629829850822,-0.6234701689046718,-1.0752518537499034,-0.0009066594133910755,0,0,0,0,-1.6996286820679662,0.056358952002640746,-169326393.3449378,0
2025-02-07,stars,Stargaze,0.0069450473935018,-7.444832004725244,-7.070660474924894,0.0,0,0,0,0,-14.515492479650138,0.05097356488402157,-169861165.8540788,0
2025-02-09,stars,Stargaze,0.0059060902687608,1.131055444541107,1.2505144313016636,0.0,0,0,0,0,2.3815698758427706,0.05557866213606862,-169773515.17645746,0
2025-02-10,stars,Stargaze,0.0060779705419238,-0.4888764410750368,-0.5311537883557205,0.0,0,0,0,0,-1.0200302294307573,0.05744685675780828,-169811324.68692273,0
2025-02-11,stars,Stargaze,0.0033171271607991,1.2160038819482022,1.2204896712767699,0.0,0,0,0,0,2.436493553224972,0.030086432436137855,-169725917.93528867,0
2025-02-12,stars,Stargaze,0.0065454135073027,0.4366637981110477,0.4508094813592045,0.0,0,0,0,0,0.8874732794702522,0.030075778274114496,-169692168.92785594,0
2025-02-13,stars,Stargaze,0.0070656260754874,4.0743208129650155,4.141862279988451,0.0,0,0,0,0,8.216183092953466,0.03539998094953864,-169393169.82998955,0
2025-02-14,stars,Stargaze,0.0116268138243958,6.902339650471623,6.910495967086683,0.0,0,0,0,0,13.812835617558306,0.04434815162697485,-168871854.1119981,0
2025-02-15,stars,Stargaze,0.0450176537267105,13.956170710525907,13.783951337403089,0.0009066676337710078,0,0,0,0,27.741028715562766,0.05103888655459044,-167746379.49818534,1
2025-02-16,stars,Stargaze,0.0443303963667146,1.6917998437988357,2.0759523309057837,0.0,0,0,0,0,3.7677521747046194,0.050575659192311904,-167556620.76094988,1
2025-02-17,stars,Stargaze,0.0138906991717898,-1.2238785744271286,-1.436086835908812,-0.0009066594133910755,0,0,0,0,-2.6608720697493315,0.0517189724888721,-167707496.58283943,1
2025-02-19,stars,Stargaze,0.0193303826757811,-4.983589845713443,-4.848426655448234,0.0009066676337710078,0,0,0,0,-9.831109833527906,0.06141090855523151,-168150630.11966604,1
2025-02-20,stars,Stargaze,0.0152194276969346,0.7310256446681818,0.6507597811256316,-0.0009066594133910755,0,0,0,0,1.3808787663804223,0.06121756948200424,-168095806.3994427,1
2025-02-21,stars,Stargaze,0.0324468107475294,2.8903003576512987,2.951848072488983,0.0009066676337710078,0,0,0,0,5.8430550977740525,0.061041403485421884,-167826484.08225018,1
2025-02-22,stars,Stargaze,0.0086398238563758,-5.42196358021828,-5.442421247345186,0.0,0,0,0,0,-10.864384827563466,0.06505364955299316,-168332720.18560314,1
2025-02-23,stars,Stargaze,0.0121778179326467,2.075819457966155,2.098109356458422,-0.0009066594133910755,0,0,0,0,4.173022155011186,0.03396624921927735,-168151015.30525592,0
2025-02-25,stars,Stargaze,0.0091755201632,-8.229840210328621,-8.14473323350442,0.0,0,0,0,0,-16.374573443833043,0.04242778266795927,-168865479.38336223,0
2025-02-26,stars,Stargaze,0.0147460169958666,-1.4694964081807926,-1.4702643286777173,0.0,0,0,0,0,-2.93976073685851,0.042360767683908056,-168981069.4517148,0
2025-03-01,stars,Stargaze,0.0080989263521044,-3.414141516048219,-3.3217135735119085,0.0009066676337710078,0,0,0,0,-6.734948421926356,0.04094610753512465,-169247318.95751524,0
2025-03-02,stars,Stargaze,0.008216350992113,-2.235915264820909,-2.1976993407811674,-0.0009066594133910755,0,0,0,0,-4.4345212650154675,0.03935297902178065,-169415571.260277,0
2025-03-05,stars,Stargaze,0.01781522376084,-6.4288942285192,-6.356932747690736,0.0009066676337710078,0,0,0,0,-12.784920308576165,0.03449783593155107,-169887704.86472476,0
2025-03-06,stars,Stargaze,0.0077707942121832,1.9739192143179762,1.9062544747512788,0.0,0,0,0,0,3.880173689069255,0.03898316443566874,-169758189.8211578,0
2025-03-08,stars,Stargaze,0.0077737986957003,-3.9494931605840833,-3.8937605535601105,-0.0009066594133910755,0,0,0,0,-7.844160373557585,0.03335774283526634,-170036488.7970801,0
2025-03-09,stars,Stargaze,0.0025799153335227,-2.9038219634433426,-2.8547905569183407,0.0009066676337710078,0,0,0,0,-5.757705852727913,0.02567768614925417,-170234642.69150683,0
2025-03-11,stars,Stargaze,0.0070128408307876,-10.185624563678196,-10.144711526505311,0.0,0,0,0,0,-20.330336090183508,0.03750641900484821,-170909805.81505403,0
2025-03-13,stars,Stargaze,0.0045551834717147,6.184325289279857,6.197542958216151,-0.0009066594133910755,0,0,0,0,12.380961588082616,0.05358358598119671,-170539148.30706182,0
2025-03-15,stars,Stargaze,0.0048414867363963,5.963839277621608,6.00283422243284,0.0009066676337710078,0,0,0,0,11.967580167688219,0.06249537907068278,-170156870.54560944,0
2025-03-16,stars,Stargaze,0.005414853695888,1.3513149160879978,1.3656947903043726,-0.0009066594133910755,0,0,0,0,2.7161030469789793,0.05873147396209128,-170064471.9775459,0
2025-03-19,stars,Stargaze,0.0043730965046577,-1.5419990388131244,-1.5469732833184646,0.0009066676337710078,0,0,0,0,-3.088065654497818,0.05803819867994606,-170170717.50499094,0
2025-03-21,stars,Stargaze,0.0052856138112667,1.475081270190981,1.5635639873946117,-0.0009066594133910755,0,0,0,0,3.0377385981722016,0.0566208512037268,-170065044.20278335,0
2025-03-22,stars,Stargaze,0.0039499988415649,0.681988299935754,0.7024109234962772,0.0009066676337710078,0,0,0,0,1.3853058910658023,0.05510592586297913,-170017541.98683128,0
2025-03-23,stars,Stargaze,0.0047093829210078,3.799247157237118,3.8152918597730956,0.0,0,0,0,0,7.614539017010213,0.028649862126787776,-169754423.0651524,0
2025-03-25,stars,Stargaze,0.0113096848881797,0.7885339025573979,0.6400916362878428,0.0,0,0,0,0,1.4286255388452407,0.02418072516777624,-169705828.72392952,0
2025-03-26,stars,Stargaze,0.0029795218199846,0.02245196263908067,0.14082281351821546,0.0,0,0,0,0,0.16327477615729613,0.016187706366312643,-169699254.99134228,0
2025-03-27,stars,Stargaze,0.0044910130303505,-1.0856725673536127,-0.9904535750018706,0.0,0,0,0,0,-2.0761261423554833,0.017704006000158087,-169769989.2278821,0
2025-03-28,stars,Stargaze,0.0020930655415168,0.12241485158102083,0.11257150619183864,0.0,0,0,0,0,0.23498635777285948,0.015318176741217883,-169762973.88699278,0
2025-03-29,stars,Stargaze,0.0046891330872852,-2.837140217956269,-3.0077991977086382,-0.0009066594133910755,0,0,0,0,-5.845846075078298,0.020185299058330924,-169976739.46025768,0
2025-03-30,stars,Stargaze,0.0063935375752337,-5.9033458173965325,-5.996000809587465,0.0009066676337710078,0,0,0,0,-11.898439959350227,0.03039814441628721,-170391529.66470486,0
2025-04-01,stars,Stargaze,0.0058973171081156,-1.2085161050177207,-0.9766236554685892,0.0,0,0,0,0,-2.18513976048631,0.02294878137981373,-170455336.88470826,0
2025-04-02,stars,Stargaze,0.0071558910495704,-0.6135303174057971,-0.4092968480403858,-0.0009066594133910755,0,0,0,0,-1.023733824859574,0.02122346749493612,-170481257.51002434,0
2025-04-03,stars,Stargaze,0.0059301509114688,-3.7079370003517353,-3.6676827017164015,0.0009066676337710078,0,0,0,0,-7.374713034434366,0.02102613655809251,-170717329.16622826,0
2025-04-05,stars,Stargaze,0.0035121840922381,-1.6464372134906147,-1.596854862817887,-0.0009066594133910755,0,0,0,0,-3.2441987357218927,0.0206447446080833,-170817020.16308418,0
2025-04-06,stars,Stargaze,0.002471231673077,-1.6612202247471952,-1.6651847676030118,0.0009066676337710078,0,0,0,0,-3.325498324716436,0.018172087368301653,-170918774.755164,0
2025-04-07,stars,Stargaze,0.0055571451131995,-4.837855191404916,-4.637076294011944,-0.0009066594133910755,0,0,0,0,-9.475838144830252,0.02022741202245866,-171195338.63638732,0
2025-04-08,stars,Stargaze,0.0119816565149682,-1.4258611853808612,-1.2398225339056768,0.0009066676337710078,0,0,0,0,-2.664777051652767,0.01522899953675856,-171263983.10876867,0
2025-04-09,stars,Stargaze,0.0071607065023505,-3.3649045696293345,-3.71040418070685,0.0,0,0,0,0,-7.075308750336184,0.015170705173597995,-171474861.38276795,0
2025-04-11,stars,Stargaze,0.0090389413202937,-1.0683064012861565,-0.9940717155660361,0.0,0,0,0,0,-2.0623781168521926,0.014318943214762417,-171528246.4210886,0
2025-04-12,stars,Stargaze,0.0049406319368585,0.09881341045276937,0.1170436703908262,0.0,0,0,0,0,0.21585708084359556,0.01620576162488395,-171523262.5191172,0
2025-04-13,stars,Stargaze,0.0027936609282951,1.3402128893098109,1.3343345784736949,-0.0009066594133910755,0,0,0,0,2.6736408083701146,0.020589201512564017,-171452140.84421635,0
2025-04-14,stars,Stargaze,0.0098287504335295,-5.195027721801493,-5.25085092647537,0.0009066676337710078,0,0,0,0,-10.444971980643093,0.02478407102013993,-171736330.51242542,0
2025-04-15,stars,Stargaze,0.0085986001977889,-5.136744349862788,-5.032676968167971,-0.0009066594133910755,0,0,0,0,-10.170327977444149,0.02536050498668893,-171996837.88933036,0
2025-04-16,stars,Stargaze,0.0063893851074835,-3.999868814898655,-3.9023751172769017,0.0,0,0,0,0,-7.902243932175557,0.026063940762086568,-172189011.76669633,0
2025-04-17,stars,Stargaze,0.0086155889483733,-3.691297560811524,-3.737274256886469,0.0009066676337710078,0,0,0,0,-7.427665150064222,0.026277967386121124,-172364680.16338044,0
2025-04-18,stars,Stargaze,0.0079793560734948,-4.885075134508332,-4.858949311396166,0.0,0,0,0,0,-9.744024445904497,0.02671567346614636,-172585480.4330916,0
2025-04-19,stars,Stargaze,0.0066552551390647,-3.4752000061085697,-3.4503584998818226,0.0,0,0,0,0,-6.925558505990392,0.022782706241439982,-172734865.16598532,0
2025-04-23,stars,Stargaze,0.012954048472106,-6.672308926151516,-6.621971364205881,0.0,0,0,0,0,-13.294280290357396,0.011078806620840927,-173009588.1862757,0
2025-04-24,stars,Stargaze,0.0060871135879886,0.8786231789038812,0.954513781682742,0.0,0,0,0,0,1.8331369605866232,0.02353733680975043,-172974004.0366576,0
2025-04-25,stars,Stargaze,0.0106423915829324,-2.7952432749184353,-2.8149524462352304,0.0,0,0,0,0,-5.610195721153666,0.02307063928567337,-173083640.85629287,0
2025-04-26,stars,Stargaze,0.009104976867161,-2.703342308837664,-2.6557998929446103,0.0,0,0,0,0,-5.359142201782275,0.02314156313098479,-173185481.84258983,0
2025-04-27,stars,Stargaze,0.0036819254523894,0.5991729765387754,0.6393941568940242,0.0,0,0,0,0,1.2385671334327997,0.02734091401361739,-173162901.46895006,0
2025-04-28,stars,Stargaze,0.0032887149483331,-2.2988484484048555,-2.2756697922145963,0.0,0,0,0,0,-4.574518240619452,0.025624117943901157,-173248156.50476703,0
2025-04-29,stars,Stargaze,0.0186518288123251,-12.48484235364452,-12.385481775932206,0.0,0,0,0,0,-24.870324129576726,0.04640479576669635,-173698214.92410216,0
2025-04-30,stars,Stargaze,0.0067908700328726,0.7499180667695837,0.6849331823737925,0.0,0,0,0,0,1.4348512491433763,0.04679815816417895,-173678519.6427815,0
2025-05-01,stars,Stargaze,0.0068057717660718,-3.7772744403030467,-3.759495002189439,0.0,0,0,0,0,-7.536769442492486,0.04430686798035134,-173799835.7957213,0
2025-05-03,stars,Stargaze,0.0139837354683644,-13.877213397274213,-13.888299491340083,-0.0009066594133910755,0,0,0,0,-27.766419548027685,0.05959553600052519,-174230022.95859677,0
2025-05-05,stars,Stargaze,0.0080581603808014,-6.177184990044227,-5.960128382885987,0.0009066676337710078,0,0,0,0,-12.136406705296443,0.05897505228102591,-174390370.56084862,0
2025-05-06,stars,Stargaze,0.0108813424391565,4.85166456881454,4.772827630562593,0.0,0,0,0,0,9.624492199377134,0.06764590360373737,-174269885.13639736,0
2025-05-07,stars,Stargaze,0.003391604760241,-0.12003464622822868,-0.12995996510007934,0.0,0,0,0,0,-0.24999461132830803,0.0694215751067356,-174274480.6816193,0
2025-05-08,stars,Stargaze,0.0097355448412843,0.7172431517202593,0.7814262383456283,0.0,0,0,0,0,1.4986693900658876,0.06126655008831061,-174252922.0634623,0
2025-05-09,stars,Stargaze,0.0138480616332417,10.015660199829446,10.033454873114422,-0.0009066594133910755,0,0,0,0,20.048208413530475,0.07739316544620482,-173986062.60365704,0
2025-05-10,stars,Stargaze,0.0091879985938085,15.68227188883955,15.781554058129398,0.0,0,0,0,0,31.463825946968946,0.09861304060251565,-173526261.7629077,0
2025-05-11,stars,Stargaze,0.0088290134734236,6.052005256461168,6.0859682260562264,0.0,0,0,0,0,12.137973482517395,0.07160326545056261,-173320677.59004837,0
2025-05-12,stars,Stargaze,0.0106812262002302,-1.1271154419284946,-1.1047582642036424,0.0009066676337710078,0,0,0,0,-2.230967038498366,0.060872917803360155,-173359891.29272187,0
2025-05-14,stars,Stargaze,0.0070039511085555,-0.566270316253481,-0.5225907950486497,0.0,0,0,0,0,-1.0888611113021307,0.06464745700483651,-173379190.34769344,0
